2026-03-14 14:13:39,453 [INFO] Starting Live Trader Bot...
2026-03-14 14:13:39,454 [INFO] Waking up to check market conditions...
2026-03-14 14:13:39,494 [INFO] Uptrend active. Waiting for pullback to 5018.25. Current Bid: 5018.98
2026-03-14 14:13:39,495 [INFO] Sleeping for 5.0 minutes...
2026-03-14 14:18:39,495 [INFO] Waking up to check market conditions...
2026-03-14 14:18:39,529 [INFO] Uptrend active. Waiting for pullback to 5018.25. Current Bid: 5018.98
2026-03-14 14:18:39,530 [INFO] Sleeping for 5.0 minutes...
2026-03-14 14:22:22,171 [INFO] Starting Live Trader Bot...
2026-03-14 14:22:22,171 [INFO] Waking up to check market conditions...
2026-03-14 14:22:22,214 [INFO] Uptrend active. Waiting for pullback to 5018.25. Current Bid: 5018.98
2026-03-14 14:22:22,214 [INFO] Sleeping for 5.0 minutes...
2026-03-14 14:23:39,532 [INFO] Waking up to check market conditions...
2026-03-14 14:23:39,563 [INFO] Uptrend active. Waiting for pullback to 5018.25. Current Bid: 5018.98
2026-03-14 14:23:39,564 [INFO] Sleeping for 5.0 minutes...
2026-03-14 14:28:39,569 [INFO] Waking up to check market conditions...
2026-03-14 14:28:39,601 [INFO] Uptrend active. Waiting for pullback to 5018.25. Current Bid: 5018.98
2026-03-14 14:28:39,601 [INFO] Sleeping for 5.0 minutes...
2026-03-14 14:33:39,608 [INFO] Waking up to check market conditions...
2026-03-14 14:33:39,639 [INFO] Uptrend active. Waiting for pullback to 5018.25. Current Bid: 5018.98
2026-03-14 14:33:39,640 [INFO] Sleeping for 5.0 minutes...
2026-03-14 14:38:39,647 [INFO] Waking up to check market conditions...
2026-03-14 14:38:39,698 [INFO] Uptrend active. Waiting for pullback to 5018.25. Current Bid: 5018.98
2026-03-14 14:38:39,699 [INFO] Sleeping for 5.0 minutes...
2026-03-14 14:43:39,711 [INFO] Waking up to check market conditions...
2026-03-14 14:43:39,750 [INFO] Uptrend active. Waiting for pullback to 5018.25. Current Bid: 5018.98
2026-03-14 14:43:39,751 [INFO] Sleeping for 5.0 minutes...
2026-03-14 14:48:39,758 [INFO] Waking up to check market conditions...
2026-03-14 14:48:39,802 [INFO] Uptrend active. Waiting for pullback to 5018.25. Current Bid: 5018.98
2026-03-14 14:48:39,803 [INFO] Sleeping for 5.0 minutes...
2026-03-14 14:53:39,811 [INFO] Waking up to check market conditions...
2026-03-14 14:53:39,859 [INFO] Uptrend active. Waiting for pullback to 5018.25. Current Bid: 5018.98
2026-03-14 14:53:39,860 [INFO] Sleeping for 5.0 minutes...
2026-03-14 14:58:39,866 [INFO] Waking up to check market conditions...
2026-03-14 14:58:39,908 [INFO] Uptrend active. Waiting for pullback to 5018.25. Current Bid: 5018.98
2026-03-14 14:58:39,909 [INFO] Sleeping for 5.0 minutes...
2026-03-14 15:03:39,912 [INFO] Waking up to check market conditions...
2026-03-14 15:03:39,963 [INFO] Uptrend active. Waiting for pullback to 5018.25. Current Bid: 5018.98
2026-03-14 15:03:39,964 [INFO] Sleeping for 5.0 minutes...
2026-03-14 15:08:39,978 [INFO] Waking up to check market conditions...
2026-03-14 15:08:40,040 [INFO] Uptrend active. Waiting for pullback to 5018.25. Current Bid: 5018.98
2026-03-14 15:08:40,041 [INFO] Sleeping for 5.0 minutes...
2026-03-14 15:13:40,045 [INFO] Waking up to check market conditions...
2026-03-14 15:13:40,092 [INFO] Uptrend active. Waiting for pullback to 5018.25. Current Bid: 5018.98
2026-03-14 15:13:40,093 [INFO] Sleeping for 5.0 minutes...
2026-03-14 15:18:40,095 [INFO] Waking up to check market conditions...
2026-03-14 15:18:40,134 [INFO] Uptrend active. Waiting for pullback to 5018.25. Current Bid: 5018.98
2026-03-14 15:18:40,135 [INFO] Sleeping for 5.0 minutes...
2026-03-16 16:30:57,944 [INFO] Starting Live Trader Bot...
2026-03-16 16:30:57,944 [INFO] Waking up to check market conditions...
2026-03-16 16:30:58,211 [INFO] Long condition met! Price 4995.87 <= Entry 5008.20
2026-03-16 16:30:58,213 [INFO] Sending Order: {'action': 1, 'symbol': 'XAUUSD', 'volume': 1.3800000000000001, 'type': 0, 'price': 4996.04, 'sl': 5003.28, 'tp': 5026.29, 'deviation': 20, 'magic': 1001001, 'comment': 'Fib Bot Trade', 'type_time': 0, 'type_filling': 1}
2026-03-16 16:30:58,213 [ERROR] Order failed, retcode=10027: (1, 'Success')
2026-03-16 16:30:58,217 [INFO] Sleeping for 5.0 minutes...
2026-03-16 16:33:59,979 [INFO] Starting Live Trader Bot...
2026-03-16 16:33:59,980 [INFO] Waking up to check market conditions...
2026-03-16 16:34:00,039 [INFO] Long condition met! Price 4993.12 <= Entry 5008.20
2026-03-16 16:34:00,039 [INFO] Sending Order: {'action': 1, 'symbol': 'XAUUSD', 'volume': 0.99, 'type': 0, 'price': 4993.22, 'sl': 5003.28, 'tp': 5026.29, 'deviation': 20, 'magic': 1001001, 'comment': 'Fib Bot Trade', 'type_time': 0, 'type_filling': 1}
2026-03-16 16:34:00,043 [ERROR] Order failed. retcode=10016 comment=Invalid stops request={'action': 1, 'symbol': 'XAUUSD', 'volume': 0.99, 'type': 0, 'price': 4993.22, 'sl': 5003.28, 'tp': 5026.29, 'deviation': 20, 'magic': 1001001, 'comment': 'Fib Bot Trade', 'type_time': 0, 'type_filling': 1} details={'retcode': 10016, 'deal': 0, 'order': 0, 'volume': 0.0, 'price': 0.0, 'bid': 0.0, 'ask': 0.0, 'comment': 'Invalid stops', 'request_id': 0, 'retcode_external': 0, 'request': TradeRequest(action=1, magic=1001001, order=0, symbol='XAUUSD', volume=0.99, price=4993.22, stoplimit=0.0, sl=5003.28, tp=5026.29, deviation=20, type=0, type_filling=1, type_time=0, expiration=0, comment='Fib Bot Trade', position=0, position_by=0)}
2026-03-16 16:34:00,043 [INFO] Sleeping for 5.0 minutes...
2026-03-16 16:43:04,222 [INFO] Starting Live Trader Bot...
2026-03-16 16:43:04,222 [INFO] Waking up to check market conditions...
2026-03-16 16:43:04,283 [INFO] Long signal invalidated: price broke below swing low. Bid=4987.96 <= SL(swing low)=5003.28. Waiting for new structure.
2026-03-16 16:43:04,283 [INFO] Sleeping for 5.0 minutes...
2026-03-16 16:48:04,285 [INFO] Waking up to check market conditions...
2026-03-16 16:48:04,346 [INFO] Long signal invalidated: price broke below swing low. Bid=4989.62 <= SL(swing low)=5003.28. Waiting for new structure.
2026-03-16 16:48:04,346 [INFO] Sleeping for 5.0 minutes...
2026-03-16 16:53:04,353 [INFO] Waking up to check market conditions...
2026-03-16 16:53:04,557 [INFO] Long signal invalidated: price broke below swing low. Bid=4996.74 <= SL(swing low)=5003.28. Waiting for new structure.
2026-03-16 16:53:04,558 [INFO] Sleeping for 5.0 minutes...
2026-03-16 16:58:04,571 [INFO] Waking up to check market conditions...
2026-03-16 16:58:04,902 [INFO] Long signal invalidated: price broke below swing low. Bid=4990.83 <= SL(swing low)=5003.28. Waiting for new structure.
2026-03-16 16:58:04,903 [INFO] Sleeping for 5.0 minutes...
2026-03-16 17:03:04,914 [INFO] Waking up to check market conditions...
2026-03-16 17:03:04,967 [INFO] Long signal invalidated: price broke below swing low. Bid=4985.03 <= SL(swing low)=5003.28. Waiting for new structure.
2026-03-16 17:03:04,968 [INFO] Sleeping for 5.0 minutes...
2026-03-16 17:08:04,969 [INFO] Waking up to check market conditions...
2026-03-16 17:08:05,004 [INFO] Long signal invalidated: price broke below swing low. Bid=4984.16 <= SL(swing low)=5003.28. Waiting for new structure.
2026-03-16 17:08:05,005 [INFO] Sleeping for 5.0 minutes...
2026-03-16 17:13:05,008 [INFO] Waking up to check market conditions...
2026-03-16 17:13:05,051 [INFO] Long signal invalidated: price broke below swing low. Bid=4985.65 <= SL(swing low)=5003.28. Waiting for new structure.
2026-03-16 17:13:05,051 [INFO] Sleeping for 5.0 minutes...
2026-03-16 17:18:05,054 [INFO] Waking up to check market conditions...
2026-03-16 17:18:05,092 [INFO] Long signal invalidated: price broke below swing low. Bid=4987.75 <= SL(swing low)=5003.28. Waiting for new structure.
2026-03-16 17:18:05,092 [INFO] Sleeping for 5.0 minutes...
2026-03-16 17:23:05,096 [INFO] Waking up to check market conditions...
2026-03-16 17:23:05,130 [INFO] Long signal invalidated: price broke below swing low. Bid=4987.88 <= SL(swing low)=5003.28. Waiting for new structure.
2026-03-16 17:23:05,130 [INFO] Sleeping for 5.0 minutes...
2026-03-16 17:28:05,131 [INFO] Waking up to check market conditions...
2026-03-16 17:28:05,168 [INFO] Long signal invalidated: price broke below swing low. Bid=4989.10 <= SL(swing low)=5003.28. Waiting for new structure.
2026-03-16 17:28:05,169 [INFO] Sleeping for 5.0 minutes...
2026-03-16 17:33:05,181 [INFO] Waking up to check market conditions...
2026-03-16 17:33:05,218 [INFO] Long signal invalidated: price broke below swing low. Bid=4990.07 <= SL(swing low)=5003.28. Waiting for new structure.
2026-03-16 17:33:05,219 [INFO] Sleeping for 5.0 minutes...
2026-03-16 17:38:05,227 [INFO] Waking up to check market conditions...
2026-03-16 17:38:05,264 [INFO] Long signal invalidated: price broke below swing low. Bid=4985.94 <= SL(swing low)=5003.28. Waiting for new structure.
2026-03-16 17:38:05,265 [INFO] Sleeping for 5.0 minutes...
2026-03-16 17:43:05,272 [INFO] Waking up to check market conditions...
2026-03-16 17:43:05,314 [INFO] Long signal invalidated: price broke below swing low. Bid=4983.74 <= SL(swing low)=5003.28. Waiting for new structure.
2026-03-16 17:43:05,315 [INFO] Sleeping for 5.0 minutes...
2026-03-16 17:48:05,325 [INFO] Waking up to check market conditions...
2026-03-16 17:48:05,359 [INFO] Long signal invalidated: price broke below swing low. Bid=4977.54 <= SL(swing low)=5003.28. Waiting for new structure.
2026-03-16 17:48:05,360 [INFO] Sleeping for 5.0 minutes...
2026-03-16 17:53:05,362 [INFO] Waking up to check market conditions...
2026-03-16 17:53:05,394 [INFO] Long signal invalidated: price broke below swing low. Bid=4982.57 <= SL(swing low)=5003.28. Waiting for new structure.
2026-03-16 17:53:05,394 [INFO] Sleeping for 5.0 minutes...
2026-03-16 17:58:05,402 [INFO] Waking up to check market conditions...
2026-03-16 17:58:05,435 [INFO] Long signal invalidated: price broke below swing low. Bid=4979.11 <= SL(swing low)=5003.28. Waiting for new structure.
2026-03-16 17:58:05,436 [INFO] Sleeping for 5.0 minutes...
2026-03-16 18:03:05,449 [INFO] Waking up to check market conditions...
2026-03-16 18:03:05,479 [INFO] Long signal invalidated: price broke below swing low. Bid=4973.08 <= SL(swing low)=5003.28. Waiting for new structure.
2026-03-16 18:03:05,479 [INFO] Sleeping for 5.0 minutes...
2026-03-16 18:08:05,488 [INFO] Waking up to check market conditions...
2026-03-16 18:08:05,520 [INFO] Long signal invalidated: price broke below swing low. Bid=4976.03 <= SL(swing low)=5003.28. Waiting for new structure.
2026-03-16 18:08:05,520 [INFO] Sleeping for 5.0 minutes...
2026-03-16 18:13:05,530 [INFO] Waking up to check market conditions...
2026-03-16 18:13:05,593 [INFO] Long signal invalidated: price broke below swing low. Bid=4979.86 <= SL(swing low)=5003.28. Waiting for new structure.
2026-03-16 18:13:05,593 [INFO] Sleeping for 5.0 minutes...
2026-03-16 18:18:05,599 [INFO] Waking up to check market conditions...
2026-03-16 18:18:05,657 [INFO] Long signal invalidated: price broke below swing low. Bid=4979.17 <= SL(swing low)=5003.28. Waiting for new structure.
2026-03-16 18:18:05,657 [INFO] Sleeping for 5.0 minutes...
2026-03-16 18:18:43,932 [INFO] Starting Live Trader Bot...
2026-03-16 18:18:43,932 [INFO] Waking up to check market conditions...
2026-03-16 18:18:43,991 [INFO] Uptrend active. No long trigger on last closed candle. EntryLevel=5010.32, CandleOpen=4995.39, CandleLow=4988.57
2026-03-16 18:18:43,991 [INFO] Sleeping for 5.0 minutes...
2026-03-16 18:23:43,992 [INFO] Waking up to check market conditions...
2026-03-16 18:23:44,047 [INFO] Uptrend active. No long trigger on last closed candle. EntryLevel=5010.32, CandleOpen=4995.39, CandleLow=4988.57
2026-03-16 18:23:44,051 [INFO] Sleeping for 5.0 minutes...
2026-03-16 18:28:44,061 [INFO] Waking up to check market conditions...
2026-03-16 18:28:44,120 [INFO] Uptrend active. No long trigger on last closed candle. EntryLevel=5010.32, CandleOpen=4995.39, CandleLow=4988.57
2026-03-16 18:28:44,120 [INFO] Sleeping for 5.0 minutes...
2026-03-16 18:33:44,125 [INFO] Waking up to check market conditions...
2026-03-16 18:33:44,188 [INFO] Uptrend active. No long trigger on last closed candle. EntryLevel=5010.32, CandleOpen=4988.74, CandleLow=4987.91
2026-03-16 18:33:44,192 [INFO] Sleeping for 5.0 minutes...
2026-03-16 18:38:44,197 [INFO] Waking up to check market conditions...
2026-03-16 18:38:44,278 [INFO] Uptrend active. No long trigger on last closed candle. EntryLevel=5010.32, CandleOpen=4988.74, CandleLow=4987.91
2026-03-16 18:38:44,282 [INFO] Sleeping for 5.0 minutes...
2026-03-16 18:43:44,292 [INFO] Waking up to check market conditions...
2026-03-16 18:43:44,382 [INFO] Uptrend active. No long trigger on last closed candle. EntryLevel=5010.32, CandleOpen=4988.74, CandleLow=4987.91
2026-03-16 18:43:44,387 [INFO] Sleeping for 5.0 minutes...
2026-03-16 18:48:44,388 [INFO] Waking up to check market conditions...
2026-03-16 18:48:44,471 [INFO] Uptrend active. No long trigger on last closed candle. EntryLevel=5010.32, CandleOpen=4997.00, CandleLow=4984.98
2026-03-16 18:48:44,475 [INFO] Sleeping for 5.0 minutes...
2026-03-16 18:53:44,489 [INFO] Waking up to check market conditions...
2026-03-16 18:53:44,570 [INFO] Uptrend active. No long trigger on last closed candle. EntryLevel=5010.32, CandleOpen=4997.00, CandleLow=4984.98
2026-03-16 18:53:44,574 [INFO] Sleeping for 5.0 minutes...
2026-03-16 18:58:44,585 [INFO] Waking up to check market conditions...
2026-03-16 18:58:44,680 [INFO] Uptrend active. No long trigger on last closed candle. EntryLevel=5010.32, CandleOpen=4997.00, CandleLow=4984.98
2026-03-16 18:58:44,680 [INFO] Sleeping for 5.0 minutes...
2026-03-16 19:03:44,685 [INFO] Waking up to check market conditions...
2026-03-16 19:03:44,756 [INFO] Uptrend active. No long trigger on last closed candle. EntryLevel=5010.32, CandleOpen=4987.26, CandleLow=4985.75
2026-03-16 19:03:44,760 [INFO] Sleeping for 5.0 minutes...
2026-03-16 19:08:44,770 [INFO] Waking up to check market conditions...
2026-03-16 19:08:44,846 [INFO] Uptrend active. No long trigger on last closed candle. EntryLevel=5010.32, CandleOpen=4987.26, CandleLow=4985.75
2026-03-16 19:08:44,846 [INFO] Sleeping for 5.0 minutes...
2026-03-16 19:13:44,860 [INFO] Waking up to check market conditions...
2026-03-16 19:13:44,953 [INFO] Uptrend active. No long trigger on last closed candle. EntryLevel=5010.32, CandleOpen=4987.26, CandleLow=4985.75
2026-03-16 19:13:44,953 [INFO] Sleeping for 5.0 minutes...
2026-03-16 19:18:44,958 [INFO] Waking up to check market conditions...
2026-03-16 19:18:45,046 [INFO] Uptrend active. No long trigger on last closed candle. EntryLevel=5010.32, CandleOpen=4991.12, CandleLow=4979.89
2026-03-16 19:18:45,046 [INFO] Sleeping for 5.0 minutes...
2026-03-16 19:23:45,061 [INFO] Waking up to check market conditions...
2026-03-16 19:23:45,137 [INFO] Uptrend active. No long trigger on last closed candle. EntryLevel=5010.32, CandleOpen=4991.12, CandleLow=4979.89
2026-03-16 19:23:45,137 [INFO] Sleeping for 5.0 minutes...
2026-03-16 19:28:45,146 [INFO] Waking up to check market conditions...
2026-03-16 19:28:45,213 [INFO] Uptrend active. No long trigger on last closed candle. EntryLevel=5010.32, CandleOpen=4991.12, CandleLow=4979.89
2026-03-16 19:28:45,217 [INFO] Sleeping for 5.0 minutes...
2026-03-16 19:33:45,222 [INFO] Waking up to check market conditions...
2026-03-16 19:33:45,311 [INFO] Uptrend active. No long trigger on last closed candle. EntryLevel=5010.32, CandleOpen=4985.30, CandleLow=4983.83
2026-03-16 19:33:45,311 [INFO] Sleeping for 5.0 minutes...
2026-03-16 19:38:45,313 [INFO] Waking up to check market conditions...
2026-03-16 19:38:45,396 [INFO] Uptrend active. No long trigger on last closed candle. EntryLevel=5010.32, CandleOpen=4985.30, CandleLow=4983.83
2026-03-16 19:38:45,400 [INFO] Sleeping for 5.0 minutes...
2026-03-16 19:43:45,409 [INFO] Waking up to check market conditions...
2026-03-16 19:43:45,508 [INFO] Uptrend active. No long trigger on last closed candle. EntryLevel=5010.32, CandleOpen=4985.30, CandleLow=4983.83
2026-03-16 19:43:45,508 [INFO] Sleeping for 5.0 minutes...
2026-03-16 19:48:45,521 [INFO] Waking up to check market conditions...
2026-03-16 19:48:45,611 [INFO] Uptrend active. No long trigger on last closed candle. EntryLevel=5010.32, CandleOpen=4989.00, CandleLow=4981.19
2026-03-16 19:48:45,611 [INFO] Sleeping for 5.0 minutes...
2026-03-16 19:53:45,620 [INFO] Waking up to check market conditions...
2026-03-16 19:53:45,704 [INFO] Uptrend active. No long trigger on last closed candle. EntryLevel=5010.32, CandleOpen=4989.00, CandleLow=4981.19
2026-03-16 19:53:45,704 [INFO] Sleeping for 5.0 minutes...
2026-03-16 19:58:45,717 [INFO] Waking up to check market conditions...
2026-03-16 19:58:45,805 [INFO] Uptrend active. No long trigger on last closed candle. EntryLevel=5010.32, CandleOpen=4989.00, CandleLow=4981.19
2026-03-16 19:58:45,805 [INFO] Sleeping for 5.0 minutes...
2026-03-16 20:03:45,815 [INFO] Waking up to check market conditions...
2026-03-16 20:03:45,890 [INFO] Uptrend active. No long trigger on last closed candle. EntryLevel=5010.32, CandleOpen=4981.49, CandleLow=4972.74
2026-03-16 20:03:45,890 [INFO] Sleeping for 5.0 minutes...
2026-03-16 20:08:45,899 [INFO] Waking up to check market conditions...
2026-03-16 20:08:45,975 [INFO] Uptrend active. No long trigger on last closed candle. EntryLevel=5010.32, CandleOpen=4981.49, CandleLow=4972.74
2026-03-16 20:08:45,975 [INFO] Sleeping for 5.0 minutes...
2026-03-16 20:13:45,990 [INFO] Waking up to check market conditions...
2026-03-16 20:13:46,087 [INFO] Uptrend active. No long trigger on last closed candle. EntryLevel=5010.32, CandleOpen=4981.49, CandleLow=4972.74
2026-03-16 20:13:46,091 [INFO] Sleeping for 5.0 minutes...
2026-03-16 20:18:46,096 [INFO] Waking up to check market conditions...
2026-03-16 20:18:46,177 [INFO] Uptrend active. No long trigger on last closed candle. EntryLevel=5010.32, CandleOpen=4975.36, CandleLow=4970.11
2026-03-16 20:18:46,177 [INFO] Sleeping for 5.0 minutes...
2026-03-16 20:23:46,185 [INFO] Waking up to check market conditions...
2026-03-16 20:23:46,277 [INFO] Uptrend active. No long trigger on last closed candle. EntryLevel=5010.32, CandleOpen=4975.36, CandleLow=4970.11
2026-03-16 20:23:46,281 [INFO] Sleeping for 5.0 minutes...
2026-03-16 20:28:46,291 [INFO] Waking up to check market conditions...
2026-03-16 20:28:46,374 [INFO] Uptrend active. No long trigger on last closed candle. EntryLevel=5010.32, CandleOpen=4975.36, CandleLow=4970.11
2026-03-16 20:28:46,379 [INFO] Sleeping for 5.0 minutes...
2026-03-16 20:33:46,383 [INFO] Waking up to check market conditions...
2026-03-16 20:33:46,470 [INFO] Uptrend active. No long trigger on last closed candle. EntryLevel=5010.32, CandleOpen=4976.81, CandleLow=4976.62
2026-03-16 20:33:46,470 [INFO] Sleeping for 5.0 minutes...
2026-03-16 20:38:46,479 [INFO] Waking up to check market conditions...
2026-03-16 20:38:46,558 [INFO] Uptrend active. No long trigger on last closed candle. EntryLevel=5010.32, CandleOpen=4976.81, CandleLow=4976.62
2026-03-16 20:38:46,563 [INFO] Sleeping for 5.0 minutes...
2026-03-16 20:43:46,568 [INFO] Waking up to check market conditions...
2026-03-16 20:43:46,660 [INFO] Uptrend active. No long trigger on last closed candle. EntryLevel=5010.32, CandleOpen=4976.81, CandleLow=4976.62
2026-03-16 20:43:46,660 [INFO] Sleeping for 5.0 minutes...
2026-03-16 20:48:46,675 [INFO] Waking up to check market conditions...
2026-03-16 20:48:46,762 [INFO] Long condition met on closed candle. Open=4986.78, Low=4980.53, EntryLevel=4984.25, CurrentBid=5017.35, CurrentAsk=5017.51
2026-03-16 20:48:46,801 [INFO] Sending Order: {'action': 1, 'symbol': 'XAUUSD', 'volume': 0.21, 'type': 0, 'price': 5017.51, 'sl': 4970.11, 'tp': 5036.17, 'deviation': 20, 'magic': 1001001, 'comment': 'Fib Bot Trade', 'type_time': 0, 'type_filling': 1}
2026-03-16 20:48:47,054 [INFO] Order Successfully Placed! Ticket: 55755576047
2026-03-16 20:48:47,054 [INFO] Sleeping for 5.0 minutes...
2026-03-16 20:53:47,059 [INFO] Waking up to check market conditions...
2026-03-16 20:53:47,085 [INFO] Currently in an active position. Waiting for outcome.
2026-03-16 20:53:47,085 [INFO] Sleeping for 5.0 minutes...
2026-03-16 20:58:47,089 [INFO] Waking up to check market conditions...
2026-03-16 20:58:47,114 [INFO] Currently in an active position. Waiting for outcome.
2026-03-16 20:58:47,114 [INFO] Sleeping for 5.0 minutes...
2026-03-16 21:03:47,123 [INFO] Waking up to check market conditions...
2026-03-16 21:03:47,149 [INFO] Currently in an active position. Waiting for outcome.
2026-03-16 21:03:47,149 [INFO] Sleeping for 5.0 minutes...
2026-03-16 21:08:47,156 [INFO] Waking up to check market conditions...
2026-03-16 21:08:47,187 [INFO] Currently in an active position. Waiting for outcome.
2026-03-16 21:08:47,189 [INFO] Sleeping for 5.0 minutes...
2026-03-16 21:13:47,191 [INFO] Waking up to check market conditions...
2026-03-16 21:13:47,215 [INFO] Currently in an active position. Waiting for outcome.
2026-03-16 21:13:47,220 [INFO] Sleeping for 5.0 minutes...
2026-03-16 21:18:47,233 [INFO] Waking up to check market conditions...
2026-03-16 21:18:47,255 [INFO] Currently in an active position. Waiting for outcome.
2026-03-16 21:18:47,257 [INFO] Sleeping for 5.0 minutes...
2026-03-16 21:23:47,259 [INFO] Waking up to check market conditions...
2026-03-16 21:23:47,284 [INFO] Currently in an active position. Waiting for outcome.
2026-03-16 21:23:47,284 [INFO] Sleeping for 5.0 minutes...
2026-03-16 21:28:47,288 [INFO] Waking up to check market conditions...
2026-03-16 21:28:47,358 [INFO] Currently in an active position. Waiting for outcome.
2026-03-16 21:28:47,371 [INFO] Sleeping for 5.0 minutes...
2026-03-16 21:33:47,381 [INFO] Waking up to check market conditions...
2026-03-16 21:33:47,416 [INFO] Currently in an active position. Waiting for outcome.
2026-03-16 21:33:47,418 [INFO] Sleeping for 5.0 minutes...
2026-03-16 21:36:57,981 [INFO] Starting Live Trader Bot...
2026-03-16 21:36:57,985 [INFO] Waking up to check market conditions...
2026-03-16 21:36:58,010 [INFO] Currently in an active position. Waiting for outcome.
2026-03-16 21:36:58,010 [INFO] Sleeping for 1.0 minutes...
2026-03-16 21:37:58,022 [INFO] Waking up to check market conditions...
2026-03-16 21:37:58,047 [INFO] Currently in an active position. Waiting for outcome.
2026-03-16 21:37:58,047 [INFO] Sleeping for 1.0 minutes...
2026-03-16 21:38:58,054 [INFO] Waking up to check market conditions...
2026-03-16 21:38:58,080 [INFO] Currently in an active position. Waiting for outcome.
2026-03-16 21:38:58,080 [INFO] Sleeping for 1.0 minutes...
2026-03-16 21:39:04,144 [INFO] Starting Live Trader Bot...
2026-03-16 21:39:04,144 [INFO] Waking up to check market conditions...
2026-03-16 21:39:04,170 [INFO] Currently in an active position. Waiting for outcome.
2026-03-16 21:39:04,174 [INFO] Sleeping for 1.0 minutes...
2026-03-16 21:40:04,178 [INFO] Waking up to check market conditions...
2026-03-16 21:40:04,195 [INFO] Currently in an active position. Waiting for outcome.
2026-03-16 21:40:04,195 [INFO] Sleeping for 1.0 minutes...
2026-03-16 21:41:04,199 [INFO] Waking up to check market conditions...
2026-03-16 21:41:04,225 [INFO] Currently in an active position. Waiting for outcome.
2026-03-16 21:41:04,225 [INFO] Sleeping for 1.0 minutes...
2026-03-16 21:42:04,235 [INFO] Waking up to check market conditions...
2026-03-16 21:42:04,261 [INFO] Currently in an active position. Waiting for outcome.
2026-03-16 21:42:04,261 [INFO] Sleeping for 1.0 minutes...
2026-03-16 21:43:04,264 [INFO] Waking up to check market conditions...
2026-03-16 21:43:04,293 [INFO] Currently in an active position. Waiting for outcome.
2026-03-16 21:43:04,293 [INFO] Sleeping for 1.0 minutes...
2026-03-16 21:44:04,307 [INFO] Waking up to check market conditions...
2026-03-16 21:44:04,326 [INFO] Currently in an active position. Waiting for outcome.
2026-03-16 21:44:04,328 [INFO] Sleeping for 1.0 minutes...
2026-03-16 21:45:04,333 [INFO] Waking up to check market conditions...
2026-03-16 21:45:04,353 [INFO] Currently in an active position. Waiting for outcome.
2026-03-16 21:45:04,353 [INFO] Sleeping for 1.0 minutes...
2026-03-16 21:46:04,355 [INFO] Waking up to check market conditions...
2026-03-16 21:46:04,384 [INFO] Currently in an active position. Waiting for outcome.
2026-03-16 21:46:04,385 [INFO] Sleeping for 1.0 minutes...
2026-03-16 21:47:04,395 [INFO] Waking up to check market conditions...
2026-03-16 21:47:04,428 [INFO] Currently in an active position. Waiting for outcome.
2026-03-16 21:47:04,428 [INFO] Sleeping for 1.0 minutes...
2026-03-16 21:48:04,429 [INFO] Waking up to check market conditions...
2026-03-16 21:48:04,457 [INFO] Currently in an active position. Waiting for outcome.
2026-03-16 21:48:04,462 [INFO] Sleeping for 1.0 minutes...
2026-03-16 21:49:04,466 [INFO] Waking up to check market conditions...
2026-03-16 21:49:04,491 [INFO] Currently in an active position. Waiting for outcome.
2026-03-16 21:49:04,491 [INFO] Sleeping for 1.0 minutes...
2026-03-16 21:50:04,498 [INFO] Waking up to check market conditions...
2026-03-16 21:50:04,523 [INFO] Currently in an active position. Waiting for outcome.
2026-03-16 21:50:04,523 [INFO] Sleeping for 1.0 minutes...
2026-03-16 21:51:04,535 [INFO] Waking up to check market conditions...
2026-03-16 21:51:04,561 [INFO] Currently in an active position. Waiting for outcome.
2026-03-16 21:51:04,561 [INFO] Sleeping for 1.0 minutes...
2026-03-16 21:52:04,567 [INFO] Waking up to check market conditions...
2026-03-16 21:52:04,596 [INFO] Currently in an active position. Waiting for outcome.
2026-03-16 21:52:04,596 [INFO] Sleeping for 1.0 minutes...
2026-03-16 21:53:04,609 [INFO] Waking up to check market conditions...
2026-03-16 21:53:04,641 [INFO] Currently in an active position. Waiting for outcome.
2026-03-16 21:53:04,641 [INFO] Sleeping for 1.0 minutes...
2026-03-16 21:54:04,642 [INFO] Waking up to check market conditions...
2026-03-16 21:54:04,686 [INFO] Currently in an active position. Waiting for outcome.
2026-03-16 21:54:04,686 [INFO] Sleeping for 1.0 minutes...
2026-03-16 21:55:04,697 [INFO] Waking up to check market conditions...
2026-03-16 21:55:04,735 [INFO] Currently in an active position. Waiting for outcome.
2026-03-16 21:55:04,735 [INFO] Sleeping for 1.0 minutes...
2026-03-16 21:56:04,748 [INFO] Waking up to check market conditions...
2026-03-16 21:56:04,777 [INFO] Currently in an active position. Waiting for outcome.
2026-03-16 21:56:04,777 [INFO] Sleeping for 1.0 minutes...
2026-03-16 21:57:04,779 [INFO] Waking up to check market conditions...
2026-03-16 21:57:04,812 [INFO] Currently in an active position. Waiting for outcome.
2026-03-16 21:57:04,812 [INFO] Sleeping for 1.0 minutes...
2026-03-16 21:58:04,815 [INFO] Waking up to check market conditions...
2026-03-16 21:58:04,852 [INFO] Currently in an active position. Waiting for outcome.
2026-03-16 21:58:04,852 [INFO] Sleeping for 1.0 minutes...
2026-03-16 21:59:04,862 [INFO] Waking up to check market conditions...
2026-03-16 21:59:04,887 [INFO] Currently in an active position. Waiting for outcome.
2026-03-16 21:59:04,892 [INFO] Sleeping for 1.0 minutes...
2026-03-16 22:00:04,903 [INFO] Waking up to check market conditions...
2026-03-16 22:00:04,913 [INFO] Currently in an active position. Waiting for outcome.
2026-03-16 22:00:04,914 [INFO] Sleeping for 1.0 minutes...
2026-03-16 22:01:04,922 [INFO] Waking up to check market conditions...
2026-03-16 22:01:04,933 [INFO] Currently in an active position. Waiting for outcome.
2026-03-16 22:01:04,933 [INFO] Sleeping for 1.0 minutes...
2026-03-16 22:02:04,934 [INFO] Waking up to check market conditions...
2026-03-16 22:02:04,946 [INFO] Currently in an active position. Waiting for outcome.
2026-03-16 22:02:04,946 [INFO] Sleeping for 1.0 minutes...
2026-03-16 22:03:04,956 [INFO] Waking up to check market conditions...
2026-03-16 22:03:04,967 [INFO] Currently in an active position. Waiting for outcome.
2026-03-16 22:03:04,968 [INFO] Sleeping for 1.0 minutes...
2026-03-16 22:04:04,979 [INFO] Waking up to check market conditions...
2026-03-16 22:04:04,991 [INFO] Currently in an active position. Waiting for outcome.
2026-03-16 22:04:04,991 [INFO] Sleeping for 1.0 minutes...
2026-03-16 22:05:05,005 [INFO] Waking up to check market conditions...
2026-03-16 22:05:05,018 [INFO] Currently in an active position. Waiting for outcome.
2026-03-16 22:05:05,018 [INFO] Sleeping for 1.0 minutes...
2026-03-16 22:06:05,023 [INFO] Waking up to check market conditions...
2026-03-16 22:06:05,033 [INFO] Currently in an active position. Waiting for outcome.
2026-03-16 22:06:05,034 [INFO] Sleeping for 1.0 minutes...
2026-03-16 22:07:05,042 [INFO] Waking up to check market conditions...
2026-03-16 22:07:05,053 [INFO] Currently in an active position. Waiting for outcome.
2026-03-16 22:07:05,054 [INFO] Sleeping for 1.0 minutes...
2026-03-16 22:08:05,064 [INFO] Waking up to check market conditions...
2026-03-16 22:08:05,075 [INFO] Currently in an active position. Waiting for outcome.
2026-03-16 22:08:05,076 [INFO] Sleeping for 1.0 minutes...
2026-03-16 22:09:05,077 [INFO] Waking up to check market conditions...
2026-03-16 22:09:05,137 [INFO] Uptrend active. No long trigger on last closed candle. EntryLevel=4981.35, CandleOpen=5015.58, CandleLow=4992.84
2026-03-16 22:09:05,138 [INFO] Sleeping for 1.0 minutes...
2026-03-16 22:10:05,141 [INFO] Waking up to check market conditions...
2026-03-16 22:10:05,171 [INFO] Uptrend active. No long trigger on last closed candle. EntryLevel=4981.35, CandleOpen=5015.58, CandleLow=4992.84
2026-03-16 22:10:05,172 [INFO] Sleeping for 1.0 minutes...
2026-03-16 22:11:05,186 [INFO] Waking up to check market conditions...
2026-03-16 22:11:05,216 [INFO] Uptrend active. No long trigger on last closed candle. EntryLevel=4981.35, CandleOpen=5015.58, CandleLow=4992.84
2026-03-16 22:11:05,217 [INFO] Sleeping for 1.0 minutes...
2026-03-16 22:12:05,230 [INFO] Waking up to check market conditions...
2026-03-16 22:12:05,259 [INFO] Uptrend active. No long trigger on last closed candle. EntryLevel=4981.35, CandleOpen=5015.58, CandleLow=4992.84
2026-03-16 22:12:05,259 [INFO] Sleeping for 1.0 minutes...
2026-03-16 22:13:05,266 [INFO] Waking up to check market conditions...
2026-03-16 22:13:05,303 [INFO] Uptrend active. No long trigger on last closed candle. EntryLevel=4981.35, CandleOpen=5015.58, CandleLow=4992.84
2026-03-16 22:13:05,305 [INFO] Sleeping for 1.0 minutes...
2026-03-16 22:14:05,320 [INFO] Waking up to check market conditions...
2026-03-16 22:14:05,353 [INFO] Uptrend active. No long trigger on last closed candle. EntryLevel=4981.35, CandleOpen=5015.58, CandleLow=4992.84
2026-03-16 22:14:05,353 [INFO] Sleeping for 1.0 minutes...
2026-03-16 22:15:05,363 [INFO] Waking up to check market conditions...
2026-03-16 22:15:05,394 [INFO] Uptrend active. No long trigger on last closed candle. EntryLevel=4981.35, CandleOpen=4997.00, CandleLow=4994.38
2026-03-16 22:15:05,395 [INFO] Sleeping for 1.0 minutes...
2026-03-16 22:16:05,403 [INFO] Waking up to check market conditions...
2026-03-16 22:16:05,437 [INFO] Uptrend active. No long trigger on last closed candle. EntryLevel=4981.35, CandleOpen=4997.00, CandleLow=4994.38
2026-03-16 22:16:05,437 [INFO] Sleeping for 1.0 minutes...
2026-03-16 22:17:05,446 [INFO] Waking up to check market conditions...
2026-03-16 22:17:05,474 [INFO] Uptrend active. No long trigger on last closed candle. EntryLevel=4981.35, CandleOpen=4997.00, CandleLow=4994.38
2026-03-16 22:17:05,476 [INFO] Sleeping for 1.0 minutes...
2026-03-16 22:18:05,478 [INFO] Waking up to check market conditions...
2026-03-16 22:18:05,511 [INFO] Uptrend active. No long trigger on last closed candle. EntryLevel=4981.35, CandleOpen=4997.00, CandleLow=4994.38
2026-03-16 22:18:05,511 [INFO] Sleeping for 1.0 minutes...
2026-03-16 22:19:05,516 [INFO] Waking up to check market conditions...
2026-03-16 22:19:05,552 [INFO] Uptrend active. No long trigger on last closed candle. EntryLevel=4981.35, CandleOpen=4997.00, CandleLow=4994.38
2026-03-16 22:19:05,553 [INFO] Sleeping for 1.0 minutes...
2026-03-16 22:20:05,555 [INFO] Waking up to check market conditions...
2026-03-16 22:20:05,594 [INFO] Uptrend active. No long trigger on last closed candle. EntryLevel=4981.35, CandleOpen=4997.00, CandleLow=4994.38
2026-03-16 22:20:05,594 [INFO] Sleeping for 1.0 minutes...
2026-03-16 22:21:05,610 [INFO] Waking up to check market conditions...
2026-03-16 22:21:05,643 [INFO] Uptrend active. No long trigger on last closed candle. EntryLevel=4981.35, CandleOpen=4997.00, CandleLow=4994.38
2026-03-16 22:21:05,644 [INFO] Sleeping for 1.0 minutes...
2026-03-16 22:22:05,657 [INFO] Waking up to check market conditions...
2026-03-16 22:22:05,685 [INFO] Uptrend active. No long trigger on last closed candle. EntryLevel=4981.35, CandleOpen=4997.00, CandleLow=4994.38
2026-03-16 22:22:05,686 [INFO] Sleeping for 1.0 minutes...
2026-03-16 22:23:05,687 [INFO] Waking up to check market conditions...
2026-03-16 22:23:05,717 [INFO] Uptrend active. No long trigger on last closed candle. EntryLevel=4981.35, CandleOpen=4997.00, CandleLow=4994.38
2026-03-16 22:23:05,718 [INFO] Sleeping for 1.0 minutes...
2026-03-16 22:24:05,727 [INFO] Waking up to check market conditions...
2026-03-16 22:24:05,756 [INFO] Uptrend active. No long trigger on last closed candle. EntryLevel=4981.35, CandleOpen=4997.00, CandleLow=4994.38
2026-03-16 22:24:05,756 [INFO] Sleeping for 1.0 minutes...
2026-03-16 22:25:05,764 [INFO] Waking up to check market conditions...
2026-03-16 22:25:05,792 [INFO] Uptrend active. No long trigger on last closed candle. EntryLevel=4981.35, CandleOpen=4997.00, CandleLow=4994.38
2026-03-16 22:25:05,793 [INFO] Sleeping for 1.0 minutes...
2026-03-16 22:26:05,805 [INFO] Waking up to check market conditions...
2026-03-16 22:26:05,832 [INFO] Uptrend active. No long trigger on last closed candle. EntryLevel=4981.35, CandleOpen=4997.00, CandleLow=4994.38
2026-03-16 22:26:05,833 [INFO] Sleeping for 1.0 minutes...
2026-03-16 22:27:05,844 [INFO] Waking up to check market conditions...
2026-03-16 22:27:05,880 [INFO] Uptrend active. No long trigger on last closed candle. EntryLevel=4981.35, CandleOpen=4997.00, CandleLow=4994.38
2026-03-16 22:27:05,881 [INFO] Sleeping for 1.0 minutes...
2026-03-16 22:28:05,889 [INFO] Waking up to check market conditions...
2026-03-16 22:28:05,917 [INFO] Uptrend active. No long trigger on last closed candle. EntryLevel=4981.35, CandleOpen=4997.00, CandleLow=4994.38
2026-03-16 22:28:05,918 [INFO] Sleeping for 1.0 minutes...
2026-03-16 22:29:05,929 [INFO] Waking up to check market conditions...
2026-03-16 22:29:05,962 [INFO] Uptrend active. No long trigger on last closed candle. EntryLevel=4981.35, CandleOpen=4997.00, CandleLow=4994.38
2026-03-16 22:29:05,963 [INFO] Sleeping for 1.0 minutes...
2026-03-16 22:30:05,963 [INFO] Waking up to check market conditions...
2026-03-16 22:30:05,994 [INFO] Uptrend active. No long trigger on last closed candle. EntryLevel=4999.22, CandleOpen=5005.57, CandleLow=5002.75
2026-03-16 22:30:05,994 [INFO] Sleeping for 1.0 minutes...
2026-03-16 22:31:06,004 [INFO] Waking up to check market conditions...
2026-03-16 22:31:06,053 [INFO] Uptrend active. No long trigger on last closed candle. EntryLevel=4999.22, CandleOpen=5005.57, CandleLow=5002.75
2026-03-16 22:31:06,053 [INFO] Sleeping for 1.0 minutes...
2026-03-16 22:32:06,058 [INFO] Waking up to check market conditions...
2026-03-16 22:32:06,087 [INFO] Uptrend active. No long trigger on last closed candle. EntryLevel=4999.22, CandleOpen=5005.57, CandleLow=5002.75
2026-03-16 22:32:06,088 [INFO] Sleeping for 1.0 minutes...
2026-03-16 22:33:06,098 [INFO] Waking up to check market conditions...
2026-03-16 22:33:06,127 [INFO] Uptrend active. No long trigger on last closed candle. EntryLevel=4999.22, CandleOpen=5005.57, CandleLow=5002.75
2026-03-16 22:33:06,127 [INFO] Sleeping for 1.0 minutes...
2026-03-16 22:34:06,141 [INFO] Waking up to check market conditions...
2026-03-16 22:34:06,174 [INFO] Uptrend active. No long trigger on last closed candle. EntryLevel=4999.22, CandleOpen=5005.57, CandleLow=5002.75
2026-03-16 22:34:06,175 [INFO] Sleeping for 1.0 minutes...
2026-03-16 22:35:06,190 [INFO] Waking up to check market conditions...
2026-03-16 22:35:06,232 [INFO] Uptrend active. No long trigger on last closed candle. EntryLevel=4999.22, CandleOpen=5005.57, CandleLow=5002.75
2026-03-16 22:35:06,233 [INFO] Sleeping for 1.0 minutes...
2026-03-16 22:36:06,240 [INFO] Waking up to check market conditions...
2026-03-16 22:36:06,270 [INFO] Uptrend active. No long trigger on last closed candle. EntryLevel=4999.22, CandleOpen=5005.57, CandleLow=5002.75
2026-03-16 22:36:06,271 [INFO] Sleeping for 1.0 minutes...
2026-03-16 22:37:06,278 [INFO] Waking up to check market conditions...
2026-03-16 22:37:06,314 [INFO] Uptrend active. No long trigger on last closed candle. EntryLevel=4999.22, CandleOpen=5005.57, CandleLow=5002.75
2026-03-16 22:37:06,315 [INFO] Sleeping for 1.0 minutes...
2026-03-16 22:38:06,330 [INFO] Waking up to check market conditions...
2026-03-16 22:38:06,358 [INFO] Uptrend active. No long trigger on last closed candle. EntryLevel=4999.22, CandleOpen=5005.57, CandleLow=5002.75
2026-03-16 22:38:06,359 [INFO] Sleeping for 1.0 minutes...
2026-03-16 22:39:06,373 [INFO] Waking up to check market conditions...
2026-03-16 22:39:06,404 [INFO] Uptrend active. No long trigger on last closed candle. EntryLevel=4999.22, CandleOpen=5005.57, CandleLow=5002.75
2026-03-16 22:39:06,405 [INFO] Sleeping for 1.0 minutes...
2026-03-16 22:40:06,418 [INFO] Waking up to check market conditions...
2026-03-16 22:40:06,446 [INFO] Uptrend active. No long trigger on last closed candle. EntryLevel=4999.22, CandleOpen=5005.57, CandleLow=5002.75
2026-03-16 22:40:06,446 [INFO] Sleeping for 1.0 minutes...
2026-03-16 22:41:06,462 [INFO] Waking up to check market conditions...
2026-03-16 22:41:06,492 [INFO] Uptrend active. No long trigger on last closed candle. EntryLevel=4999.22, CandleOpen=5005.57, CandleLow=5002.75
2026-03-16 22:41:06,493 [INFO] Sleeping for 1.0 minutes...
2026-03-16 22:42:06,494 [INFO] Waking up to check market conditions...
2026-03-16 22:42:06,524 [INFO] Uptrend active. No long trigger on last closed candle. EntryLevel=4999.22, CandleOpen=5005.57, CandleLow=5002.75
2026-03-16 22:42:06,525 [INFO] Sleeping for 1.0 minutes...
2026-03-16 22:43:06,541 [INFO] Waking up to check market conditions...
2026-03-16 22:43:06,572 [INFO] Uptrend active. No long trigger on last closed candle. EntryLevel=4999.22, CandleOpen=5005.57, CandleLow=5002.75
2026-03-16 22:43:06,573 [INFO] Sleeping for 1.0 minutes...
2026-03-16 22:44:06,581 [INFO] Waking up to check market conditions...
2026-03-16 22:44:06,618 [INFO] Uptrend active. No long trigger on last closed candle. EntryLevel=4999.22, CandleOpen=5005.57, CandleLow=5002.75
2026-03-16 22:44:06,618 [INFO] Sleeping for 1.0 minutes...
2026-03-16 22:45:06,633 [INFO] Waking up to check market conditions...
2026-03-16 22:45:06,678 [INFO] Uptrend active. No long trigger on last closed candle. EntryLevel=4999.22, CandleOpen=5023.01, CandleLow=5018.93
2026-03-16 22:45:06,679 [INFO] Sleeping for 1.0 minutes...
2026-03-16 22:46:06,684 [INFO] Waking up to check market conditions...
2026-03-16 22:46:06,716 [INFO] Uptrend active. No long trigger on last closed candle. EntryLevel=4999.22, CandleOpen=5023.01, CandleLow=5018.93
2026-03-16 22:46:06,716 [INFO] Sleeping for 1.0 minutes...
2026-03-16 22:47:06,725 [INFO] Waking up to check market conditions...
2026-03-16 22:47:06,754 [INFO] Uptrend active. No long trigger on last closed candle. EntryLevel=4999.22, CandleOpen=5023.01, CandleLow=5018.93
2026-03-16 22:47:06,754 [INFO] Sleeping for 1.0 minutes...
2026-03-16 22:48:06,765 [INFO] Waking up to check market conditions...
2026-03-16 22:48:06,868 [INFO] Uptrend active. No long trigger on last closed candle. EntryLevel=4999.22, CandleOpen=5023.01, CandleLow=5018.93
2026-03-16 22:48:06,870 [INFO] Sleeping for 1.0 minutes...
2026-03-16 22:49:06,883 [INFO] Waking up to check market conditions...
2026-03-16 22:49:06,973 [INFO] Uptrend active. No long trigger on last closed candle. EntryLevel=4999.22, CandleOpen=5023.01, CandleLow=5018.93
2026-03-16 22:49:06,973 [INFO] Sleeping for 1.0 minutes...
2026-03-16 22:50:06,986 [INFO] Waking up to check market conditions...
2026-03-16 22:50:07,059 [INFO] Uptrend active. No long trigger on last closed candle. EntryLevel=4999.22, CandleOpen=5023.01, CandleLow=5018.93
2026-03-16 22:50:07,064 [INFO] Sleeping for 1.0 minutes...
2026-03-16 22:51:07,073 [INFO] Waking up to check market conditions...
2026-03-16 22:51:07,158 [INFO] Uptrend active. No long trigger on last closed candle. EntryLevel=4999.22, CandleOpen=5023.01, CandleLow=5018.93
2026-03-16 22:51:07,161 [INFO] Sleeping for 1.0 minutes...
2026-03-16 22:52:07,161 [INFO] Waking up to check market conditions...
2026-03-16 22:52:07,250 [INFO] Uptrend active. No long trigger on last closed candle. EntryLevel=4999.22, CandleOpen=5023.01, CandleLow=5018.93
2026-03-16 22:52:07,250 [INFO] Sleeping for 1.0 minutes...
2026-03-16 22:53:07,257 [INFO] Waking up to check market conditions...
2026-03-16 22:53:07,403 [INFO] Uptrend active. No long trigger on last closed candle. EntryLevel=4999.22, CandleOpen=5023.01, CandleLow=5018.93
2026-03-16 22:53:07,405 [INFO] Sleeping for 1.0 minutes...
2026-03-16 22:54:07,417 [INFO] Waking up to check market conditions...
2026-03-16 22:54:07,501 [INFO] Uptrend active. No long trigger on last closed candle. EntryLevel=4999.22, CandleOpen=5023.01, CandleLow=5018.93
2026-03-16 22:54:07,507 [INFO] Sleeping for 1.0 minutes...
2026-03-16 22:55:07,518 [INFO] Waking up to check market conditions...
2026-03-16 22:55:07,615 [INFO] Uptrend active. No long trigger on last closed candle. EntryLevel=4999.22, CandleOpen=5023.01, CandleLow=5018.93
2026-03-16 22:55:07,615 [INFO] Sleeping for 1.0 minutes...
2026-03-16 22:56:07,622 [INFO] Waking up to check market conditions...
2026-03-16 22:56:07,714 [INFO] Uptrend active. No long trigger on last closed candle. EntryLevel=4999.22, CandleOpen=5023.01, CandleLow=5018.93
2026-03-16 22:56:07,715 [INFO] Sleeping for 1.0 minutes...
2026-03-16 22:57:07,724 [INFO] Waking up to check market conditions...
2026-03-16 22:57:07,809 [INFO] Uptrend active. No long trigger on last closed candle. EntryLevel=4999.22, CandleOpen=5023.01, CandleLow=5018.93
2026-03-16 22:57:07,820 [INFO] Sleeping for 1.0 minutes...
2026-03-16 22:58:07,821 [INFO] Waking up to check market conditions...
2026-03-16 22:58:07,909 [INFO] Uptrend active. No long trigger on last closed candle. EntryLevel=4999.22, CandleOpen=5023.01, CandleLow=5018.93
2026-03-16 22:58:07,911 [INFO] Sleeping for 1.0 minutes...
2026-03-16 22:59:07,922 [INFO] Waking up to check market conditions...
2026-03-16 22:59:08,021 [INFO] Uptrend active. No long trigger on last closed candle. EntryLevel=4999.22, CandleOpen=5023.01, CandleLow=5018.93
2026-03-16 22:59:08,021 [INFO] Sleeping for 1.0 minutes...
2026-03-16 23:00:08,032 [INFO] Waking up to check market conditions...
2026-03-16 23:00:08,121 [INFO] Uptrend active. No long trigger on last closed candle. EntryLevel=4999.22, CandleOpen=5021.86, CandleLow=5012.23
2026-03-16 23:00:08,121 [INFO] Sleeping for 1.0 minutes...
2026-03-16 23:01:08,127 [INFO] Waking up to check market conditions...
2026-03-16 23:01:08,210 [INFO] Uptrend active. No long trigger on last closed candle. EntryLevel=4999.22, CandleOpen=5021.86, CandleLow=5012.23
2026-03-16 23:01:08,210 [INFO] Sleeping for 1.0 minutes...
2026-03-16 23:02:08,213 [INFO] Waking up to check market conditions...
2026-03-16 23:02:08,276 [INFO] Uptrend active. No long trigger on last closed candle. EntryLevel=4999.22, CandleOpen=5021.86, CandleLow=5012.23
2026-03-16 23:02:08,281 [INFO] Sleeping for 1.0 minutes...
2026-03-16 23:03:08,289 [INFO] Waking up to check market conditions...
2026-03-16 23:03:08,386 [INFO] Uptrend active. No long trigger on last closed candle. EntryLevel=4999.22, CandleOpen=5021.86, CandleLow=5012.23
2026-03-16 23:03:08,388 [INFO] Sleeping for 1.0 minutes...
2026-03-16 23:04:08,390 [INFO] Waking up to check market conditions...
2026-03-16 23:04:08,494 [INFO] Uptrend active. No long trigger on last closed candle. EntryLevel=4999.22, CandleOpen=5021.86, CandleLow=5012.23
2026-03-16 23:04:08,496 [INFO] Sleeping for 1.0 minutes...
2026-03-17 15:19:56,929 [INFO] Starting Live Trader Bot...
2026-03-17 15:19:56,932 [INFO] Waking up to check market conditions...
2026-03-17 15:19:57,317 [INFO] Uptrend active. No long trigger on last closed candle. EntryLevel=5002.94, CandleOpen=5027.61, CandleLow=5026.15
2026-03-17 15:19:57,321 [INFO] Sleeping for 1.0 minutes...
2026-03-17 15:20:57,331 [INFO] Waking up to check market conditions...
2026-03-17 15:20:57,367 [INFO] Uptrend active. No long trigger on last closed candle. EntryLevel=5002.94, CandleOpen=5027.61, CandleLow=5026.15
2026-03-17 15:20:57,368 [INFO] Sleeping for 1.0 minutes...
2026-03-17 15:21:57,378 [INFO] Waking up to check market conditions...
2026-03-17 15:21:57,412 [INFO] Uptrend active. No long trigger on last closed candle. EntryLevel=5002.94, CandleOpen=5027.61, CandleLow=5026.15
2026-03-17 15:21:57,413 [INFO] Sleeping for 1.0 minutes...
2026-03-17 15:21:59,621 [INFO] Starting Live Trader Bot...
2026-03-17 15:21:59,621 [INFO] Waking up to check market conditions...
2026-03-17 15:22:00,757 [INFO] Uptrend active. No long trigger on last closed candle. EntryLevel=74612.05, CandleOpen=74460.71, CandleLow=74418.33
2026-03-17 15:22:00,757 [INFO] Pairs: BTCUSD
2026-03-17 15:22:00,758 [INFO] Sleeping for 1.0 minutes...
2026-03-17 15:22:57,425 [INFO] Waking up to check market conditions...
2026-03-17 15:22:57,488 [INFO] Uptrend active. No long trigger on last closed candle. EntryLevel=5002.94, CandleOpen=5027.61, CandleLow=5026.15
2026-03-17 15:22:57,488 [INFO] Sleeping for 1.0 minutes...
2026-03-17 15:23:00,764 [INFO] Waking up to check market conditions...
2026-03-17 15:23:00,795 [INFO] Uptrend active. No long trigger on last closed candle. EntryLevel=74612.05, CandleOpen=74460.71, CandleLow=74418.33
2026-03-17 15:23:00,796 [INFO] Pairs: BTCUSD
2026-03-17 15:23:00,796 [INFO] Sleeping for 1.0 minutes...
2026-03-17 15:23:57,504 [INFO] Waking up to check market conditions...
2026-03-17 15:23:57,532 [INFO] Uptrend active. No long trigger on last closed candle. EntryLevel=5002.94, CandleOpen=5027.61, CandleLow=5026.15
2026-03-17 15:23:57,533 [INFO] Sleeping for 1.0 minutes...
2026-03-17 15:24:00,808 [INFO] Waking up to check market conditions...
2026-03-17 15:24:00,838 [INFO] Uptrend active. No long trigger on last closed candle. EntryLevel=74612.05, CandleOpen=74460.71, CandleLow=74418.33
2026-03-17 15:24:00,838 [INFO] Pairs: BTCUSD
2026-03-17 15:24:00,839 [INFO] Sleeping for 1.0 minutes...
2026-03-17 15:24:57,537 [INFO] Waking up to check market conditions...
2026-03-17 15:24:57,571 [INFO] Uptrend active. No long trigger on last closed candle. EntryLevel=5002.94, CandleOpen=5027.61, CandleLow=5026.15
2026-03-17 15:24:57,571 [INFO] Sleeping for 1.0 minutes...
2026-03-17 15:25:00,843 [INFO] Waking up to check market conditions...
2026-03-17 15:25:00,877 [INFO] Uptrend active. No long trigger on last closed candle. EntryLevel=74612.05, CandleOpen=74460.71, CandleLow=74418.33
2026-03-17 15:25:00,877 [INFO] Pairs: BTCUSD
2026-03-17 15:25:00,877 [INFO] Sleeping for 1.0 minutes...
2026-03-17 15:25:57,584 [INFO] Waking up to check market conditions...
2026-03-17 15:25:57,611 [INFO] Uptrend active. No long trigger on last closed candle. EntryLevel=5002.94, CandleOpen=5027.61, CandleLow=5026.15
2026-03-17 15:25:57,612 [INFO] Sleeping for 1.0 minutes...
2026-03-17 15:26:00,884 [INFO] Waking up to check market conditions...
2026-03-17 15:26:00,913 [INFO] Uptrend active. No long trigger on last closed candle. EntryLevel=74612.05, CandleOpen=74460.71, CandleLow=74418.33
2026-03-17 15:26:00,913 [INFO] Pairs: BTCUSD
2026-03-17 15:26:00,914 [INFO] Sleeping for 1.0 minutes...
2026-03-17 15:26:57,627 [INFO] Waking up to check market conditions...
2026-03-17 15:26:57,668 [INFO] Uptrend active. No long trigger on last closed candle. EntryLevel=5002.94, CandleOpen=5027.61, CandleLow=5026.15
2026-03-17 15:26:57,668 [INFO] Sleeping for 1.0 minutes...
2026-03-17 15:27:00,916 [INFO] Waking up to check market conditions...
2026-03-17 15:27:00,959 [INFO] Uptrend active. No long trigger on last closed candle. EntryLevel=74612.05, CandleOpen=74460.71, CandleLow=74418.33
2026-03-17 15:27:00,960 [INFO] Pairs: BTCUSD
2026-03-17 15:27:00,960 [INFO] Sleeping for 1.0 minutes...
2026-03-17 15:27:57,677 [INFO] Waking up to check market conditions...
2026-03-17 15:27:57,706 [INFO] Uptrend active. No long trigger on last closed candle. EntryLevel=5002.94, CandleOpen=5027.61, CandleLow=5026.15
2026-03-17 15:27:57,707 [INFO] Sleeping for 1.0 minutes...
2026-03-17 15:28:00,969 [INFO] Waking up to check market conditions...
2026-03-17 15:28:01,000 [INFO] Uptrend active. No long trigger on last closed candle. EntryLevel=74612.05, CandleOpen=74460.71, CandleLow=74418.33
2026-03-17 15:28:01,000 [INFO] Pairs: BTCUSD
2026-03-17 15:28:01,001 [INFO] Sleeping for 1.0 minutes...
2026-03-17 15:28:57,715 [INFO] Waking up to check market conditions...
2026-03-17 15:28:57,745 [INFO] Uptrend active. No long trigger on last closed candle. EntryLevel=5002.94, CandleOpen=5027.61, CandleLow=5026.15
2026-03-17 15:28:57,745 [INFO] Sleeping for 1.0 minutes...
2026-03-17 15:29:01,008 [INFO] Waking up to check market conditions...
2026-03-17 15:29:01,039 [INFO] Uptrend active. No long trigger on last closed candle. EntryLevel=74612.05, CandleOpen=74460.71, CandleLow=74418.33
2026-03-17 15:29:01,040 [INFO] Pairs: BTCUSD
2026-03-17 15:29:01,040 [INFO] Sleeping for 1.0 minutes...
2026-03-17 15:29:57,752 [INFO] Waking up to check market conditions...
2026-03-17 15:29:57,780 [INFO] Uptrend active. No long trigger on last closed candle. EntryLevel=5002.94, CandleOpen=5027.61, CandleLow=5026.15
2026-03-17 15:29:57,781 [INFO] Sleeping for 1.0 minutes...
2026-03-17 15:30:01,054 [INFO] Waking up to check market conditions...
2026-03-17 15:30:01,088 [INFO] Long signal missed: current price too far from entry level. EntryLevel=74612.05, Bid=74372.49, MaxSlippagePoints=10
2026-03-17 15:30:01,088 [INFO] Pairs: BTCUSD
2026-03-17 15:30:01,088 [INFO] Sleeping for 1.0 minutes...
2026-03-17 15:30:57,792 [INFO] Waking up to check market conditions...
2026-03-17 15:30:57,820 [INFO] Uptrend active. No long trigger on last closed candle. EntryLevel=5002.94, CandleOpen=5029.03, CandleLow=5026.22
2026-03-17 15:30:57,820 [INFO] Sleeping for 1.0 minutes...
2026-03-17 15:31:01,096 [INFO] Waking up to check market conditions...
2026-03-17 15:31:01,126 [INFO] Long signal missed: current price too far from entry level. EntryLevel=74612.05, Bid=74384.54, MaxSlippagePoints=10
2026-03-17 15:31:01,126 [INFO] Pairs: BTCUSD
2026-03-17 15:31:01,127 [INFO] Sleeping for 1.0 minutes...
2026-03-17 15:31:57,821 [INFO] Waking up to check market conditions...
2026-03-17 15:31:57,848 [INFO] Uptrend active. No long trigger on last closed candle. EntryLevel=5002.94, CandleOpen=5029.03, CandleLow=5026.22
2026-03-17 15:31:57,849 [INFO] Sleeping for 1.0 minutes...
2026-03-17 15:32:01,127 [INFO] Waking up to check market conditions...
2026-03-17 15:32:01,158 [INFO] Long signal missed: current price too far from entry level. EntryLevel=74612.05, Bid=74394.33, MaxSlippagePoints=10
2026-03-17 15:32:01,159 [INFO] Pairs: BTCUSD
2026-03-17 15:32:01,159 [INFO] Sleeping for 1.0 minutes...
2026-03-17 15:32:57,849 [INFO] Waking up to check market conditions...
2026-03-17 15:32:57,878 [INFO] Uptrend active. No long trigger on last closed candle. EntryLevel=5002.94, CandleOpen=5029.03, CandleLow=5026.22
2026-03-17 15:32:57,878 [INFO] Sleeping for 1.0 minutes...
2026-03-17 15:33:01,174 [INFO] Waking up to check market conditions...
2026-03-17 15:33:01,203 [INFO] Long signal missed: current price too far from entry level. EntryLevel=74612.05, Bid=74357.22, MaxSlippagePoints=10
2026-03-17 15:33:01,204 [INFO] Pairs: BTCUSD
2026-03-17 15:33:01,204 [INFO] Sleeping for 1.0 minutes...
2026-03-17 15:33:57,890 [INFO] Waking up to check market conditions...
2026-03-17 15:33:57,920 [INFO] Uptrend active. No long trigger on last closed candle. EntryLevel=5002.94, CandleOpen=5029.03, CandleLow=5026.22
2026-03-17 15:33:57,920 [INFO] Sleeping for 1.0 minutes...
2026-03-17 15:34:01,206 [INFO] Waking up to check market conditions...
2026-03-17 15:34:01,240 [INFO] Long signal missed: current price too far from entry level. EntryLevel=74612.05, Bid=74322.52, MaxSlippagePoints=10
2026-03-17 15:34:01,240 [INFO] Pairs: BTCUSD
2026-03-17 15:34:01,240 [INFO] Sleeping for 1.0 minutes...
2026-03-17 15:34:57,932 [INFO] Waking up to check market conditions...
2026-03-17 15:34:57,959 [INFO] Uptrend active. No long trigger on last closed candle. EntryLevel=5002.94, CandleOpen=5029.03, CandleLow=5026.22
2026-03-17 15:34:57,960 [INFO] Sleeping for 1.0 minutes...
2026-03-17 15:35:01,255 [INFO] Waking up to check market conditions...
2026-03-17 15:35:01,286 [INFO] Long signal missed: current price too far from entry level. EntryLevel=74612.05, Bid=74390.67, MaxSlippagePoints=10
2026-03-17 15:35:01,287 [INFO] Pairs: BTCUSD
2026-03-17 15:35:01,287 [INFO] Sleeping for 1.0 minutes...
2026-03-17 15:35:57,968 [INFO] Waking up to check market conditions...
2026-03-17 15:35:57,997 [INFO] Uptrend active. No long trigger on last closed candle. EntryLevel=5002.94, CandleOpen=5029.03, CandleLow=5026.22
2026-03-17 15:35:57,997 [INFO] Sleeping for 1.0 minutes...
2026-03-17 15:36:01,301 [INFO] Waking up to check market conditions...
2026-03-17 15:36:01,330 [INFO] Long signal missed: current price too far from entry level. EntryLevel=74612.05, Bid=74328.24, MaxSlippagePoints=10
2026-03-17 15:36:01,330 [INFO] Pairs: BTCUSD
2026-03-17 15:36:01,331 [INFO] Sleeping for 1.0 minutes...
2026-03-17 15:36:58,013 [INFO] Waking up to check market conditions...
2026-03-17 15:36:58,060 [INFO] Uptrend active. No long trigger on last closed candle. EntryLevel=5002.94, CandleOpen=5029.03, CandleLow=5026.22
2026-03-17 15:36:58,060 [INFO] Sleeping for 1.0 minutes...
2026-03-17 15:37:01,341 [INFO] Waking up to check market conditions...
2026-03-17 15:37:01,370 [INFO] Long signal missed: current price too far from entry level. EntryLevel=74612.05, Bid=74352.00, MaxSlippagePoints=10
2026-03-17 15:37:01,371 [INFO] Pairs: BTCUSD
2026-03-17 15:37:01,371 [INFO] Sleeping for 1.0 minutes...
2026-03-17 15:37:58,074 [INFO] Waking up to check market conditions...
2026-03-17 15:37:58,103 [INFO] Uptrend active. No long trigger on last closed candle. EntryLevel=5002.94, CandleOpen=5029.03, CandleLow=5026.22
2026-03-17 15:37:58,103 [INFO] Sleeping for 1.0 minutes...
2026-03-17 15:38:01,376 [INFO] Waking up to check market conditions...
2026-03-17 15:38:01,406 [INFO] Long signal missed: current price too far from entry level. EntryLevel=74612.05, Bid=74311.03, MaxSlippagePoints=10
2026-03-17 15:38:01,407 [INFO] Pairs: BTCUSD
2026-03-17 15:38:01,407 [INFO] Sleeping for 1.0 minutes...
2026-03-17 15:38:58,118 [INFO] Waking up to check market conditions...
2026-03-17 15:38:58,144 [INFO] Uptrend active. No long trigger on last closed candle. EntryLevel=5002.94, CandleOpen=5029.03, CandleLow=5026.22
2026-03-17 15:38:58,144 [INFO] Sleeping for 1.0 minutes...
2026-03-17 15:39:01,420 [INFO] Waking up to check market conditions...
2026-03-17 15:39:01,451 [INFO] Long signal missed: current price too far from entry level. EntryLevel=74612.05, Bid=74334.65, MaxSlippagePoints=10
2026-03-17 15:39:01,452 [INFO] Pairs: BTCUSD
2026-03-17 15:39:01,453 [INFO] Sleeping for 1.0 minutes...
2026-03-17 15:39:58,156 [INFO] Waking up to check market conditions...
2026-03-17 15:39:58,187 [INFO] Uptrend active. No long trigger on last closed candle. EntryLevel=5002.94, CandleOpen=5029.03, CandleLow=5026.22
2026-03-17 15:39:58,188 [INFO] Sleeping for 1.0 minutes...
2026-03-17 15:40:01,464 [INFO] Waking up to check market conditions...
2026-03-17 15:40:01,496 [INFO] Long signal missed: current price too far from entry level. EntryLevel=74612.05, Bid=74337.66, MaxSlippagePoints=10
2026-03-17 15:40:01,496 [INFO] Pairs: BTCUSD
2026-03-17 15:40:01,497 [INFO] Sleeping for 1.0 minutes...
2026-03-17 15:40:58,200 [INFO] Waking up to check market conditions...
2026-03-17 15:40:58,234 [INFO] Uptrend active. No long trigger on last closed candle. EntryLevel=5002.94, CandleOpen=5029.03, CandleLow=5026.22
2026-03-17 15:40:58,235 [INFO] Sleeping for 1.0 minutes...
2026-03-17 15:41:01,511 [INFO] Waking up to check market conditions...
2026-03-17 15:41:01,546 [INFO] Long signal missed: current price too far from entry level. EntryLevel=74612.05, Bid=74345.08, MaxSlippagePoints=10
2026-03-17 15:41:01,547 [INFO] Pairs: BTCUSD
2026-03-17 15:41:01,547 [INFO] Sleeping for 1.0 minutes...
2026-03-17 15:41:58,247 [INFO] Waking up to check market conditions...
2026-03-17 15:41:58,274 [INFO] Uptrend active. No long trigger on last closed candle. EntryLevel=5002.94, CandleOpen=5029.03, CandleLow=5026.22
2026-03-17 15:41:58,274 [INFO] Sleeping for 1.0 minutes...
2026-03-17 15:42:01,555 [INFO] Waking up to check market conditions...
2026-03-17 15:42:01,584 [INFO] Long signal missed: current price too far from entry level. EntryLevel=74612.05, Bid=74371.33, MaxSlippagePoints=10
2026-03-17 15:42:01,585 [INFO] Pairs: BTCUSD
2026-03-17 15:42:01,585 [INFO] Sleeping for 1.0 minutes...
2026-03-17 15:42:58,291 [INFO] Waking up to check market conditions...
2026-03-17 15:42:58,319 [INFO] Uptrend active. No long trigger on last closed candle. EntryLevel=5002.94, CandleOpen=5029.03, CandleLow=5026.22
2026-03-17 15:42:58,320 [INFO] Sleeping for 1.0 minutes...
2026-03-17 15:43:01,593 [INFO] Waking up to check market conditions...
2026-03-17 15:43:01,627 [INFO] Long signal missed: current price too far from entry level. EntryLevel=74612.05, Bid=74332.52, MaxSlippagePoints=10
2026-03-17 15:43:01,628 [INFO] Pairs: BTCUSD
2026-03-17 15:43:01,628 [INFO] Sleeping for 1.0 minutes...
2026-03-17 15:43:58,327 [INFO] Waking up to check market conditions...
2026-03-17 15:43:58,355 [INFO] Uptrend active. No long trigger on last closed candle. EntryLevel=5002.94, CandleOpen=5029.03, CandleLow=5026.22
2026-03-17 15:43:58,356 [INFO] Sleeping for 1.0 minutes...
2026-03-17 15:44:01,630 [INFO] Waking up to check market conditions...
2026-03-17 15:44:01,660 [INFO] Long signal missed: current price too far from entry level. EntryLevel=74612.05, Bid=74342.53, MaxSlippagePoints=10
2026-03-17 15:44:01,661 [INFO] Pairs: BTCUSD
2026-03-17 15:44:01,661 [INFO] Sleeping for 1.0 minutes...
2026-03-17 15:44:58,359 [INFO] Waking up to check market conditions...
2026-03-17 15:44:58,387 [INFO] Uptrend active. No long trigger on last closed candle. EntryLevel=5002.94, CandleOpen=5029.03, CandleLow=5026.22
2026-03-17 15:44:58,388 [INFO] Sleeping for 1.0 minutes...
2026-03-17 15:45:01,674 [INFO] Waking up to check market conditions...
2026-03-17 15:45:01,706 [INFO] Uptrend active. No long trigger on last closed candle. EntryLevel=74612.05, CandleOpen=74418.88, CandleLow=73963.31
2026-03-17 15:45:01,707 [INFO] Pairs: BTCUSD
2026-03-17 15:45:01,707 [INFO] Sleeping for 1.0 minutes...
2026-03-17 15:45:58,395 [INFO] Waking up to check market conditions...
2026-03-17 15:45:58,423 [INFO] Uptrend active. No long trigger on last closed candle. EntryLevel=5002.94, CandleOpen=5032.60, CandleLow=5032.01
2026-03-17 15:45:58,423 [INFO] Sleeping for 1.0 minutes...
2026-03-17 15:46:01,715 [INFO] Waking up to check market conditions...
2026-03-17 15:46:01,744 [INFO] Uptrend active. No long trigger on last closed candle. EntryLevel=74612.05, CandleOpen=74418.88, CandleLow=73963.31
2026-03-17 15:46:01,745 [INFO] Pairs: BTCUSD
2026-03-17 15:46:01,745 [INFO] Sleeping for 1.0 minutes...
2026-03-17 15:46:58,434 [INFO] Waking up to check market conditions...
2026-03-17 15:46:58,466 [INFO] Uptrend active. No long trigger on last closed candle. EntryLevel=5002.94, CandleOpen=5032.60, CandleLow=5032.01
2026-03-17 15:46:58,467 [INFO] Sleeping for 1.0 minutes...
2026-03-17 15:47:01,750 [INFO] Waking up to check market conditions...
2026-03-17 15:47:01,781 [INFO] Uptrend active. No long trigger on last closed candle. EntryLevel=74612.05, CandleOpen=74418.88, CandleLow=73963.31
2026-03-17 15:47:01,781 [INFO] Pairs: BTCUSD
2026-03-17 15:47:01,782 [INFO] Sleeping for 1.0 minutes...
2026-03-17 15:47:58,477 [INFO] Waking up to check market conditions...
2026-03-17 15:47:58,507 [INFO] Uptrend active. No long trigger on last closed candle. EntryLevel=5002.94, CandleOpen=5032.60, CandleLow=5032.01
2026-03-17 15:47:58,507 [INFO] Sleeping for 1.0 minutes...
2026-03-17 15:48:01,794 [INFO] Waking up to check market conditions...
2026-03-17 15:48:01,828 [INFO] Uptrend active. No long trigger on last closed candle. EntryLevel=74612.05, CandleOpen=74418.88, CandleLow=73963.31
2026-03-17 15:48:01,828 [INFO] Pairs: BTCUSD
2026-03-17 15:48:01,828 [INFO] Sleeping for 1.0 minutes...
2026-03-17 15:48:58,520 [INFO] Waking up to check market conditions...
2026-03-17 15:48:58,548 [INFO] Uptrend active. No long trigger on last closed candle. EntryLevel=5002.94, CandleOpen=5032.60, CandleLow=5032.01
2026-03-17 15:48:58,549 [INFO] Sleeping for 1.0 minutes...
2026-03-17 15:49:01,829 [INFO] Waking up to check market conditions...
2026-03-17 15:49:01,860 [INFO] Uptrend active. No long trigger on last closed candle. EntryLevel=74612.05, CandleOpen=74418.88, CandleLow=73963.31
2026-03-17 15:49:01,860 [INFO] Pairs: BTCUSD
2026-03-17 15:49:01,861 [INFO] Sleeping for 1.0 minutes...
2026-03-17 15:49:58,557 [INFO] Waking up to check market conditions...
2026-03-17 15:49:58,587 [INFO] Uptrend active. No long trigger on last closed candle. EntryLevel=5002.94, CandleOpen=5032.60, CandleLow=5032.01
2026-03-17 15:49:58,587 [INFO] Sleeping for 1.0 minutes...
2026-03-17 15:50:01,863 [INFO] Waking up to check market conditions...
2026-03-17 15:50:01,893 [INFO] Uptrend active. No long trigger on last closed candle. EntryLevel=74612.05, CandleOpen=74418.88, CandleLow=73963.31
2026-03-17 15:50:01,893 [INFO] Pairs: BTCUSD
2026-03-17 15:50:01,894 [INFO] Sleeping for 1.0 minutes...
2026-03-17 15:50:58,600 [INFO] Waking up to check market conditions...
2026-03-17 15:50:58,627 [INFO] Uptrend active. No long trigger on last closed candle. EntryLevel=5002.94, CandleOpen=5032.60, CandleLow=5032.01
2026-03-17 15:50:58,627 [INFO] Sleeping for 1.0 minutes...
2026-03-17 15:51:01,901 [INFO] Waking up to check market conditions...
2026-03-17 15:51:01,934 [INFO] Uptrend active. No long trigger on last closed candle. EntryLevel=74612.05, CandleOpen=74418.88, CandleLow=73963.31
2026-03-17 15:51:01,935 [INFO] Pairs: BTCUSD
2026-03-17 15:51:01,936 [INFO] Sleeping for 1.0 minutes...
2026-03-17 15:51:58,639 [INFO] Waking up to check market conditions...
2026-03-17 15:51:58,668 [INFO] Uptrend active. No long trigger on last closed candle. EntryLevel=5002.94, CandleOpen=5032.60, CandleLow=5032.01
2026-03-17 15:51:58,668 [INFO] Sleeping for 1.0 minutes...
2026-03-17 15:52:01,945 [INFO] Waking up to check market conditions...
2026-03-17 15:52:01,979 [INFO] Uptrend active. No long trigger on last closed candle. EntryLevel=74612.05, CandleOpen=74418.88, CandleLow=73963.31
2026-03-17 15:52:01,979 [INFO] Pairs: BTCUSD
2026-03-17 15:52:01,979 [INFO] Sleeping for 1.0 minutes...
2026-03-17 15:52:58,668 [INFO] Waking up to check market conditions...
2026-03-17 15:52:58,697 [INFO] Uptrend active. No long trigger on last closed candle. EntryLevel=5002.94, CandleOpen=5032.60, CandleLow=5032.01
2026-03-17 15:52:58,697 [INFO] Sleeping for 1.0 minutes...
2026-03-17 15:53:01,983 [INFO] Waking up to check market conditions...
2026-03-17 15:53:02,012 [INFO] Uptrend active. No long trigger on last closed candle. EntryLevel=74612.05, CandleOpen=74418.88, CandleLow=73963.31
2026-03-17 15:53:02,013 [INFO] Pairs: BTCUSD
2026-03-17 15:53:02,013 [INFO] Sleeping for 1.0 minutes...
2026-03-17 15:53:58,704 [INFO] Waking up to check market conditions...
2026-03-17 15:53:58,736 [INFO] Uptrend active. No long trigger on last closed candle. EntryLevel=5002.94, CandleOpen=5032.60, CandleLow=5032.01
2026-03-17 15:53:58,737 [INFO] Sleeping for 1.0 minutes...
2026-03-17 15:54:02,025 [INFO] Waking up to check market conditions...
2026-03-17 15:54:02,056 [INFO] Uptrend active. No long trigger on last closed candle. EntryLevel=74612.05, CandleOpen=74418.88, CandleLow=73963.31
2026-03-17 15:54:02,057 [INFO] Pairs: BTCUSD
2026-03-17 15:54:02,057 [INFO] Sleeping for 1.0 minutes...
2026-03-17 15:54:58,743 [INFO] Waking up to check market conditions...
2026-03-17 15:54:58,779 [INFO] Uptrend active. No long trigger on last closed candle. EntryLevel=5002.94, CandleOpen=5032.60, CandleLow=5032.01
2026-03-17 15:54:58,779 [INFO] Sleeping for 1.0 minutes...
2026-03-17 15:55:02,062 [INFO] Waking up to check market conditions...
2026-03-17 15:55:02,091 [INFO] Uptrend active. No long trigger on last closed candle. EntryLevel=74612.05, CandleOpen=74418.88, CandleLow=73963.31
2026-03-17 15:55:02,091 [INFO] Pairs: BTCUSD
2026-03-17 15:55:02,092 [INFO] Sleeping for 1.0 minutes...
2026-03-17 15:55:58,787 [INFO] Waking up to check market conditions...
2026-03-17 15:55:58,815 [INFO] Uptrend active. No long trigger on last closed candle. EntryLevel=5002.94, CandleOpen=5032.60, CandleLow=5032.01
2026-03-17 15:55:58,815 [INFO] Sleeping for 1.0 minutes...
2026-03-17 15:56:02,096 [INFO] Waking up to check market conditions...
2026-03-17 15:56:02,124 [INFO] Uptrend active. No long trigger on last closed candle. EntryLevel=74612.05, CandleOpen=74418.88, CandleLow=73963.31
2026-03-17 15:56:02,124 [INFO] Pairs: BTCUSD
2026-03-17 15:56:02,125 [INFO] Sleeping for 1.0 minutes...
2026-03-17 15:56:58,824 [INFO] Waking up to check market conditions...
2026-03-17 15:56:58,865 [INFO] Uptrend active. No long trigger on last closed candle. EntryLevel=5002.94, CandleOpen=5032.60, CandleLow=5032.01
2026-03-17 15:56:58,865 [INFO] Sleeping for 1.0 minutes...
2026-03-17 15:57:02,129 [INFO] Waking up to check market conditions...
2026-03-17 15:57:02,170 [INFO] Uptrend active. No long trigger on last closed candle. EntryLevel=74612.05, CandleOpen=74418.88, CandleLow=73963.31
2026-03-17 15:57:02,171 [INFO] Pairs: BTCUSD
2026-03-17 15:57:02,171 [INFO] Sleeping for 1.0 minutes...
2026-03-17 15:57:58,871 [INFO] Waking up to check market conditions...
2026-03-17 15:57:58,905 [INFO] Uptrend active. No long trigger on last closed candle. EntryLevel=5002.94, CandleOpen=5032.60, CandleLow=5032.01
2026-03-17 15:57:58,905 [INFO] Sleeping for 1.0 minutes...
2026-03-17 15:58:02,186 [INFO] Waking up to check market conditions...
2026-03-17 15:58:02,222 [INFO] Uptrend active. No long trigger on last closed candle. EntryLevel=74612.05, CandleOpen=74418.88, CandleLow=73963.31
2026-03-17 15:58:02,223 [INFO] Pairs: BTCUSD
2026-03-17 15:58:02,223 [INFO] Sleeping for 1.0 minutes...
2026-03-17 15:58:58,915 [INFO] Waking up to check market conditions...
2026-03-17 15:58:58,941 [INFO] Uptrend active. No long trigger on last closed candle. EntryLevel=5002.94, CandleOpen=5032.60, CandleLow=5032.01
2026-03-17 15:58:58,942 [INFO] Sleeping for 1.0 minutes...
2026-03-17 15:59:02,234 [INFO] Waking up to check market conditions...
2026-03-17 15:59:02,263 [INFO] Uptrend active. No long trigger on last closed candle. EntryLevel=74612.05, CandleOpen=74418.88, CandleLow=73963.31
2026-03-17 15:59:02,263 [INFO] Pairs: BTCUSD
2026-03-17 15:59:02,263 [INFO] Sleeping for 1.0 minutes...
2026-03-17 15:59:58,944 [INFO] Waking up to check market conditions...
2026-03-17 15:59:58,971 [INFO] Uptrend active. No long trigger on last closed candle. EntryLevel=5002.94, CandleOpen=5032.60, CandleLow=5032.01
2026-03-17 15:59:58,972 [INFO] Sleeping for 1.0 minutes...
2026-03-17 16:00:02,269 [INFO] Waking up to check market conditions...
2026-03-17 16:00:02,297 [INFO] Uptrend active. No long trigger on last closed candle. EntryLevel=74612.05, CandleOpen=74031.32, CandleLow=74031.32
2026-03-17 16:00:02,298 [INFO] Pairs: BTCUSD
2026-03-17 16:00:02,298 [INFO] Sleeping for 1.0 minutes...
2026-03-17 16:00:58,986 [INFO] Waking up to check market conditions...
2026-03-17 16:00:59,013 [INFO] Uptrend active. No long trigger on last closed candle. EntryLevel=5002.94, CandleOpen=5039.45, CandleLow=5036.69
2026-03-17 16:00:59,013 [INFO] Sleeping for 1.0 minutes...
2026-03-17 16:01:02,312 [INFO] Waking up to check market conditions...
2026-03-17 16:01:02,340 [INFO] Uptrend active. No long trigger on last closed candle. EntryLevel=74612.05, CandleOpen=74031.32, CandleLow=74031.32
2026-03-17 16:01:02,341 [INFO] Pairs: BTCUSD
2026-03-17 16:01:02,341 [INFO] Sleeping for 1.0 minutes...
2026-03-17 16:01:59,014 [INFO] Waking up to check market conditions...
2026-03-17 16:01:59,043 [INFO] Uptrend active. No long trigger on last closed candle. EntryLevel=5002.94, CandleOpen=5039.45, CandleLow=5036.69
2026-03-17 16:01:59,043 [INFO] Sleeping for 1.0 minutes...
2026-03-17 16:02:02,344 [INFO] Waking up to check market conditions...
2026-03-17 16:02:02,374 [INFO] Uptrend active. No long trigger on last closed candle. EntryLevel=74612.05, CandleOpen=74031.32, CandleLow=74031.32
2026-03-17 16:02:02,374 [INFO] Pairs: BTCUSD
2026-03-17 16:02:02,374 [INFO] Sleeping for 1.0 minutes...
2026-03-17 16:02:59,057 [INFO] Waking up to check market conditions...
2026-03-17 16:02:59,084 [INFO] Uptrend active. No long trigger on last closed candle. EntryLevel=5002.94, CandleOpen=5039.45, CandleLow=5036.69
2026-03-17 16:02:59,085 [INFO] Sleeping for 1.0 minutes...
2026-03-17 16:03:02,384 [INFO] Waking up to check market conditions...
2026-03-17 16:03:02,414 [INFO] Uptrend active. No long trigger on last closed candle. EntryLevel=74612.05, CandleOpen=74031.32, CandleLow=74031.32
2026-03-17 16:03:02,414 [INFO] Pairs: BTCUSD
2026-03-17 16:03:02,415 [INFO] Sleeping for 1.0 minutes...
2026-03-17 16:03:59,086 [INFO] Waking up to check market conditions...
2026-03-17 16:03:59,113 [INFO] Uptrend active. No long trigger on last closed candle. EntryLevel=5002.94, CandleOpen=5039.45, CandleLow=5036.69
2026-03-17 16:03:59,113 [INFO] Sleeping for 1.0 minutes...
2026-03-17 16:04:02,420 [INFO] Waking up to check market conditions...
2026-03-17 16:04:02,460 [INFO] Uptrend active. No long trigger on last closed candle. EntryLevel=74612.05, CandleOpen=74031.32, CandleLow=74031.32
2026-03-17 16:04:02,460 [INFO] Pairs: BTCUSD
2026-03-17 16:04:02,460 [INFO] Sleeping for 1.0 minutes...
2026-03-17 16:04:59,123 [INFO] Waking up to check market conditions...
2026-03-17 16:04:59,152 [INFO] Uptrend active. No long trigger on last closed candle. EntryLevel=5002.94, CandleOpen=5039.45, CandleLow=5036.69
2026-03-17 16:04:59,152 [INFO] Sleeping for 1.0 minutes...
2026-03-17 16:05:02,469 [INFO] Waking up to check market conditions...
2026-03-17 16:05:02,502 [INFO] Uptrend active. No long trigger on last closed candle. EntryLevel=74612.05, CandleOpen=74031.32, CandleLow=74031.32
2026-03-17 16:05:02,502 [INFO] Pairs: BTCUSD
2026-03-17 16:05:02,502 [INFO] Sleeping for 1.0 minutes...
2026-03-17 16:05:59,160 [INFO] Waking up to check market conditions...
2026-03-17 16:05:59,192 [INFO] Uptrend active. No long trigger on last closed candle. EntryLevel=5002.94, CandleOpen=5039.45, CandleLow=5036.69
2026-03-17 16:05:59,192 [INFO] Sleeping for 1.0 minutes...
2026-03-17 16:06:02,508 [INFO] Waking up to check market conditions...
2026-03-17 16:06:02,542 [INFO] Uptrend active. No long trigger on last closed candle. EntryLevel=74612.05, CandleOpen=74031.32, CandleLow=74031.32
2026-03-17 16:06:02,542 [INFO] Pairs: BTCUSD
2026-03-17 16:06:02,542 [INFO] Sleeping for 1.0 minutes...
2026-03-17 16:06:59,206 [INFO] Waking up to check market conditions...
2026-03-17 16:06:59,235 [INFO] Uptrend active. No long trigger on last closed candle. EntryLevel=5002.94, CandleOpen=5039.45, CandleLow=5036.69
2026-03-17 16:06:59,235 [INFO] Sleeping for 1.0 minutes...
2026-03-17 16:07:02,544 [INFO] Waking up to check market conditions...
2026-03-17 16:07:02,573 [INFO] Uptrend active. No long trigger on last closed candle. EntryLevel=74612.05, CandleOpen=74031.32, CandleLow=74031.32
2026-03-17 16:07:02,574 [INFO] Pairs: BTCUSD
2026-03-17 16:07:02,574 [INFO] Sleeping for 1.0 minutes...
2026-03-17 16:07:59,240 [INFO] Waking up to check market conditions...
2026-03-17 16:07:59,269 [INFO] Uptrend active. No long trigger on last closed candle. EntryLevel=5002.94, CandleOpen=5039.45, CandleLow=5036.69
2026-03-17 16:07:59,270 [INFO] Sleeping for 1.0 minutes...
2026-03-17 16:08:02,586 [INFO] Waking up to check market conditions...
2026-03-17 16:08:02,617 [INFO] Uptrend active. No long trigger on last closed candle. EntryLevel=74612.05, CandleOpen=74031.32, CandleLow=74031.32
2026-03-17 16:08:02,617 [INFO] Pairs: BTCUSD
2026-03-17 16:08:02,618 [INFO] Sleeping for 1.0 minutes...
2026-03-17 16:08:59,283 [INFO] Waking up to check market conditions...
2026-03-17 16:08:59,311 [INFO] Uptrend active. No long trigger on last closed candle. EntryLevel=5002.94, CandleOpen=5039.45, CandleLow=5036.69
2026-03-17 16:08:59,311 [INFO] Sleeping for 1.0 minutes...
2026-03-17 16:09:02,626 [INFO] Waking up to check market conditions...
2026-03-17 16:09:02,654 [INFO] Uptrend active. No long trigger on last closed candle. EntryLevel=74612.05, CandleOpen=74031.32, CandleLow=74031.32
2026-03-17 16:09:02,655 [INFO] Pairs: BTCUSD
2026-03-17 16:09:02,655 [INFO] Sleeping for 1.0 minutes...
2026-03-17 16:09:59,312 [INFO] Waking up to check market conditions...
2026-03-17 16:09:59,339 [INFO] Uptrend active. No long trigger on last closed candle. EntryLevel=5002.94, CandleOpen=5039.45, CandleLow=5036.69
2026-03-17 16:09:59,340 [INFO] Sleeping for 1.0 minutes...
2026-03-17 16:10:02,659 [INFO] Waking up to check market conditions...
2026-03-17 16:10:02,688 [INFO] Uptrend active. No long trigger on last closed candle. EntryLevel=74612.05, CandleOpen=74031.32, CandleLow=74031.32
2026-03-17 16:10:02,689 [INFO] Pairs: BTCUSD
2026-03-17 16:10:02,689 [INFO] Sleeping for 1.0 minutes...
2026-03-17 16:10:59,351 [INFO] Waking up to check market conditions...
2026-03-17 16:10:59,378 [INFO] Uptrend active. No long trigger on last closed candle. EntryLevel=5002.94, CandleOpen=5039.45, CandleLow=5036.69
2026-03-17 16:10:59,378 [INFO] Sleeping for 1.0 minutes...
2026-03-17 16:11:02,690 [INFO] Waking up to check market conditions...
2026-03-17 16:11:02,719 [INFO] Uptrend active. No long trigger on last closed candle. EntryLevel=74612.05, CandleOpen=74031.32, CandleLow=74031.32
2026-03-17 16:11:02,720 [INFO] Pairs: BTCUSD
2026-03-17 16:11:02,720 [INFO] Sleeping for 1.0 minutes...
2026-03-17 16:11:59,391 [INFO] Waking up to check market conditions...
2026-03-17 16:11:59,417 [INFO] Uptrend active. No long trigger on last closed candle. EntryLevel=5002.94, CandleOpen=5039.45, CandleLow=5036.69
2026-03-17 16:11:59,417 [INFO] Sleeping for 1.0 minutes...
2026-03-17 16:12:02,733 [INFO] Waking up to check market conditions...
2026-03-17 16:12:02,762 [INFO] Uptrend active. No long trigger on last closed candle. EntryLevel=74612.05, CandleOpen=74031.32, CandleLow=74031.32
2026-03-17 16:12:02,762 [INFO] Pairs: BTCUSD
2026-03-17 16:12:02,763 [INFO] Sleeping for 1.0 minutes...
2026-03-17 16:12:59,429 [INFO] Waking up to check market conditions...
2026-03-17 16:12:59,462 [INFO] Uptrend active. No long trigger on last closed candle. EntryLevel=5002.94, CandleOpen=5039.45, CandleLow=5036.69
2026-03-17 16:12:59,462 [INFO] Sleeping for 1.0 minutes...
2026-03-17 16:13:02,765 [INFO] Waking up to check market conditions...
2026-03-17 16:13:02,794 [INFO] Uptrend active. No long trigger on last closed candle. EntryLevel=74612.05, CandleOpen=74031.32, CandleLow=74031.32
2026-03-17 16:13:02,795 [INFO] Pairs: BTCUSD
2026-03-17 16:13:02,795 [INFO] Sleeping for 1.0 minutes...
2026-03-17 16:13:59,473 [INFO] Waking up to check market conditions...
2026-03-17 16:13:59,500 [INFO] Uptrend active. No long trigger on last closed candle. EntryLevel=5002.94, CandleOpen=5039.45, CandleLow=5036.69
2026-03-17 16:13:59,501 [INFO] Sleeping for 1.0 minutes...
2026-03-17 16:14:02,810 [INFO] Waking up to check market conditions...
2026-03-17 16:14:02,840 [INFO] Uptrend active. No long trigger on last closed candle. EntryLevel=74612.05, CandleOpen=74031.32, CandleLow=74031.32
2026-03-17 16:14:02,841 [INFO] Pairs: BTCUSD
2026-03-17 16:14:02,841 [INFO] Sleeping for 1.0 minutes...
2026-03-17 16:14:59,503 [INFO] Waking up to check market conditions...
2026-03-17 16:14:59,530 [INFO] Uptrend active. No long trigger on last closed candle. EntryLevel=5002.94, CandleOpen=5039.45, CandleLow=5036.69
2026-03-17 16:14:59,531 [INFO] Sleeping for 1.0 minutes...
2026-03-17 16:15:02,848 [INFO] Waking up to check market conditions...
2026-03-17 16:15:02,879 [INFO] Uptrend active. No long trigger on last closed candle. EntryLevel=74399.52, CandleOpen=74244.92, CandleLow=74074.59
2026-03-17 16:15:02,880 [INFO] Pairs: BTCUSD
2026-03-17 16:15:02,880 [INFO] Sleeping for 1.0 minutes...
2026-03-17 16:15:59,536 [INFO] Waking up to check market conditions...
2026-03-17 16:15:59,563 [INFO] Uptrend active. No long trigger on last closed candle. EntryLevel=5002.94, CandleOpen=5038.07, CandleLow=5032.42
2026-03-17 16:15:59,563 [INFO] Sleeping for 1.0 minutes...
2026-03-17 16:16:02,896 [INFO] Waking up to check market conditions...
2026-03-17 16:16:02,924 [INFO] Uptrend active. No long trigger on last closed candle. EntryLevel=74399.52, CandleOpen=74244.92, CandleLow=74074.59
2026-03-17 16:16:02,925 [INFO] Pairs: BTCUSD
2026-03-17 16:16:02,925 [INFO] Sleeping for 1.0 minutes...
2026-03-17 16:16:59,563 [INFO] Waking up to check market conditions...
2026-03-17 16:16:59,589 [INFO] Uptrend active. No long trigger on last closed candle. EntryLevel=5002.94, CandleOpen=5038.07, CandleLow=5032.42
2026-03-17 16:16:59,589 [INFO] Sleeping for 1.0 minutes...
2026-03-17 16:17:02,932 [INFO] Waking up to check market conditions...
2026-03-17 16:17:02,959 [INFO] Uptrend active. No long trigger on last closed candle. EntryLevel=74399.52, CandleOpen=74244.92, CandleLow=74074.59
2026-03-17 16:17:02,960 [INFO] Pairs: BTCUSD
2026-03-17 16:17:02,960 [INFO] Sleeping for 1.0 minutes...
2026-03-17 16:17:59,605 [INFO] Waking up to check market conditions...
2026-03-17 16:17:59,631 [INFO] Uptrend active. No long trigger on last closed candle. EntryLevel=5002.94, CandleOpen=5038.07, CandleLow=5032.42
2026-03-17 16:17:59,631 [INFO] Sleeping for 1.0 minutes...
2026-03-17 16:18:02,972 [INFO] Waking up to check market conditions...
2026-03-17 16:18:03,003 [INFO] Uptrend active. No long trigger on last closed candle. EntryLevel=74399.52, CandleOpen=74244.92, CandleLow=74074.59
2026-03-17 16:18:03,004 [INFO] Pairs: BTCUSD
2026-03-17 16:18:03,005 [INFO] Sleeping for 1.0 minutes...
2026-03-17 16:18:59,646 [INFO] Waking up to check market conditions...
2026-03-17 16:18:59,673 [INFO] Uptrend active. No long trigger on last closed candle. EntryLevel=5002.94, CandleOpen=5038.07, CandleLow=5032.42
2026-03-17 16:18:59,673 [INFO] Sleeping for 1.0 minutes...
2026-03-17 16:19:03,017 [INFO] Waking up to check market conditions...
2026-03-17 16:19:03,046 [INFO] Uptrend active. No long trigger on last closed candle. EntryLevel=74399.52, CandleOpen=74244.92, CandleLow=74074.59
2026-03-17 16:19:03,047 [INFO] Pairs: BTCUSD
2026-03-17 16:19:03,047 [INFO] Sleeping for 1.0 minutes...
2026-03-17 16:19:59,684 [INFO] Waking up to check market conditions...
2026-03-17 16:19:59,711 [INFO] Uptrend active. No long trigger on last closed candle. EntryLevel=5002.94, CandleOpen=5038.07, CandleLow=5032.42
2026-03-17 16:19:59,712 [INFO] Sleeping for 1.0 minutes...
2026-03-17 16:20:03,060 [INFO] Waking up to check market conditions...
2026-03-17 16:20:03,088 [INFO] Uptrend active. No long trigger on last closed candle. EntryLevel=74399.52, CandleOpen=74244.92, CandleLow=74074.59
2026-03-17 16:20:03,088 [INFO] Pairs: BTCUSD
2026-03-17 16:20:03,089 [INFO] Sleeping for 1.0 minutes...
2026-03-17 16:20:59,727 [INFO] Waking up to check market conditions...
2026-03-17 16:20:59,756 [INFO] Uptrend active. No long trigger on last closed candle. EntryLevel=5002.94, CandleOpen=5038.07, CandleLow=5032.42
2026-03-17 16:20:59,756 [INFO] Sleeping for 1.0 minutes...
2026-03-17 16:21:03,099 [INFO] Waking up to check market conditions...
2026-03-17 16:21:03,130 [INFO] Uptrend active. No long trigger on last closed candle. EntryLevel=74399.52, CandleOpen=74244.92, CandleLow=74074.59
2026-03-17 16:21:03,131 [INFO] Pairs: BTCUSD
2026-03-17 16:21:03,131 [INFO] Sleeping for 1.0 minutes...
2026-03-17 16:21:59,765 [INFO] Waking up to check market conditions...
2026-03-17 16:21:59,793 [INFO] Uptrend active. No long trigger on last closed candle. EntryLevel=5002.94, CandleOpen=5038.07, CandleLow=5032.42
2026-03-17 16:21:59,793 [INFO] Sleeping for 1.0 minutes...
2026-03-17 16:22:03,145 [INFO] Waking up to check market conditions...
2026-03-17 16:22:03,173 [INFO] Uptrend active. No long trigger on last closed candle. EntryLevel=74399.52, CandleOpen=74244.92, CandleLow=74074.59
2026-03-17 16:22:03,173 [INFO] Pairs: BTCUSD
2026-03-17 16:22:03,173 [INFO] Sleeping for 1.0 minutes...
2026-03-17 16:22:59,802 [INFO] Waking up to check market conditions...
2026-03-17 16:22:59,828 [INFO] Uptrend active. No long trigger on last closed candle. EntryLevel=5002.94, CandleOpen=5038.07, CandleLow=5032.42
2026-03-17 16:22:59,829 [INFO] Sleeping for 1.0 minutes...
2026-03-17 16:23:03,186 [INFO] Waking up to check market conditions...
2026-03-17 16:23:03,214 [INFO] Uptrend active. No long trigger on last closed candle. EntryLevel=74399.52, CandleOpen=74244.92, CandleLow=74074.59
2026-03-17 16:23:03,215 [INFO] Pairs: BTCUSD
2026-03-17 16:23:03,215 [INFO] Sleeping for 1.0 minutes...
2026-03-17 16:23:59,845 [INFO] Waking up to check market conditions...
2026-03-17 16:23:59,882 [INFO] Uptrend active. No long trigger on last closed candle. EntryLevel=5002.94, CandleOpen=5038.07, CandleLow=5032.42
2026-03-17 16:23:59,882 [INFO] Sleeping for 1.0 minutes...
2026-03-17 16:24:03,224 [INFO] Waking up to check market conditions...
2026-03-17 16:24:03,255 [INFO] Uptrend active. No long trigger on last closed candle. EntryLevel=74399.52, CandleOpen=74244.92, CandleLow=74074.59
2026-03-17 16:24:03,255 [INFO] Pairs: BTCUSD
2026-03-17 16:24:03,255 [INFO] Sleeping for 1.0 minutes...
2026-03-17 16:24:59,883 [INFO] Waking up to check market conditions...
2026-03-17 16:24:59,909 [INFO] Uptrend active. No long trigger on last closed candle. EntryLevel=5002.94, CandleOpen=5038.07, CandleLow=5032.42
2026-03-17 16:24:59,910 [INFO] Sleeping for 1.0 minutes...
2026-03-17 16:25:03,260 [INFO] Waking up to check market conditions...
2026-03-17 16:25:03,292 [INFO] Uptrend active. No long trigger on last closed candle. EntryLevel=74399.52, CandleOpen=74244.92, CandleLow=74074.59
2026-03-17 16:25:03,293 [INFO] Pairs: BTCUSD
2026-03-17 16:25:03,293 [INFO] Sleeping for 1.0 minutes...
2026-03-17 16:25:59,911 [INFO] Waking up to check market conditions...
2026-03-17 16:25:59,939 [INFO] Uptrend active. No long trigger on last closed candle. EntryLevel=5002.94, CandleOpen=5038.07, CandleLow=5032.42
2026-03-17 16:25:59,939 [INFO] Sleeping for 1.0 minutes...
2026-03-17 16:26:03,300 [INFO] Waking up to check market conditions...
2026-03-17 16:26:03,329 [INFO] Uptrend active. No long trigger on last closed candle. EntryLevel=74399.52, CandleOpen=74244.92, CandleLow=74074.59
2026-03-17 16:26:03,329 [INFO] Pairs: BTCUSD
2026-03-17 16:26:03,330 [INFO] Sleeping for 1.0 minutes...
2026-03-17 16:26:59,953 [INFO] Waking up to check market conditions...
2026-03-17 16:26:59,979 [INFO] Uptrend active. No long trigger on last closed candle. EntryLevel=5002.94, CandleOpen=5038.07, CandleLow=5032.42
2026-03-17 16:26:59,979 [INFO] Sleeping for 1.0 minutes...
2026-03-17 16:27:03,343 [INFO] Waking up to check market conditions...
2026-03-17 16:27:03,372 [INFO] Uptrend active. No long trigger on last closed candle. EntryLevel=74399.52, CandleOpen=74244.92, CandleLow=74074.59
2026-03-17 16:27:03,373 [INFO] Pairs: BTCUSD
2026-03-17 16:27:03,373 [INFO] Sleeping for 1.0 minutes...
2026-03-17 16:27:59,994 [INFO] Waking up to check market conditions...
2026-03-17 16:28:00,229 [INFO] Uptrend active. No long trigger on last closed candle. EntryLevel=5002.94, CandleOpen=5038.07, CandleLow=5032.42
2026-03-17 16:28:00,229 [INFO] Sleeping for 1.0 minutes...
2026-03-17 16:28:03,384 [INFO] Waking up to check market conditions...
2026-03-17 16:28:03,412 [INFO] Uptrend active. No long trigger on last closed candle. EntryLevel=74399.52, CandleOpen=74244.92, CandleLow=74074.59
2026-03-17 16:28:03,414 [INFO] Pairs: BTCUSD
2026-03-17 16:28:03,414 [INFO] Sleeping for 1.0 minutes...
2026-03-17 16:29:00,240 [INFO] Waking up to check market conditions...
2026-03-17 16:29:00,267 [INFO] Uptrend active. No long trigger on last closed candle. EntryLevel=5002.94, CandleOpen=5038.07, CandleLow=5032.42
2026-03-17 16:29:00,268 [INFO] Sleeping for 1.0 minutes...
2026-03-17 16:29:03,428 [INFO] Waking up to check market conditions...
2026-03-17 16:29:03,456 [INFO] Uptrend active. No long trigger on last closed candle. EntryLevel=74399.52, CandleOpen=74244.92, CandleLow=74074.59
2026-03-17 16:29:03,456 [INFO] Pairs: BTCUSD
2026-03-17 16:29:03,457 [INFO] Sleeping for 1.0 minutes...
2026-03-17 16:30:00,277 [INFO] Waking up to check market conditions...
2026-03-17 16:30:00,303 [INFO] Uptrend active. No long trigger on last closed candle. EntryLevel=5002.94, CandleOpen=5040.58, CandleLow=5033.28
2026-03-17 16:30:00,304 [INFO] Sleeping for 1.0 minutes...
2026-03-17 16:30:03,460 [INFO] Waking up to check market conditions...
2026-03-17 16:30:03,488 [INFO] Uptrend active. No long trigger on last closed candle. EntryLevel=74399.52, CandleOpen=74279.96, CandleLow=74187.41
2026-03-17 16:30:03,488 [INFO] Pairs: BTCUSD
2026-03-17 16:30:03,488 [INFO] Sleeping for 1.0 minutes...
2026-03-17 16:31:00,315 [INFO] Waking up to check market conditions...
2026-03-17 16:31:00,345 [INFO] Uptrend active. No long trigger on last closed candle. EntryLevel=5002.94, CandleOpen=5040.58, CandleLow=5033.28
2026-03-17 16:31:00,345 [INFO] Sleeping for 1.0 minutes...
2026-03-17 16:31:03,493 [INFO] Waking up to check market conditions...
2026-03-17 16:31:03,524 [INFO] Uptrend active. No long trigger on last closed candle. EntryLevel=74399.52, CandleOpen=74279.96, CandleLow=74187.41
2026-03-17 16:31:03,525 [INFO] Pairs: BTCUSD
2026-03-17 16:31:03,525 [INFO] Sleeping for 1.0 minutes...
2026-03-17 16:32:00,358 [INFO] Waking up to check market conditions...
2026-03-17 16:32:00,386 [INFO] Uptrend active. No long trigger on last closed candle. EntryLevel=5002.94, CandleOpen=5040.58, CandleLow=5033.28
2026-03-17 16:32:00,386 [INFO] Sleeping for 1.0 minutes...
2026-03-17 16:32:03,536 [INFO] Waking up to check market conditions...
2026-03-17 16:32:03,565 [INFO] Uptrend active. No long trigger on last closed candle. EntryLevel=74399.52, CandleOpen=74279.96, CandleLow=74187.41
2026-03-17 16:32:03,565 [INFO] Pairs: BTCUSD
2026-03-17 16:32:03,566 [INFO] Sleeping for 1.0 minutes...
2026-03-17 16:33:00,396 [INFO] Waking up to check market conditions...
2026-03-17 16:33:00,423 [INFO] Uptrend active. No long trigger on last closed candle. EntryLevel=5002.94, CandleOpen=5040.58, CandleLow=5033.28
2026-03-17 16:33:00,423 [INFO] Sleeping for 1.0 minutes...
2026-03-17 16:33:03,576 [INFO] Waking up to check market conditions...
2026-03-17 16:33:03,605 [INFO] Uptrend active. No long trigger on last closed candle. EntryLevel=74399.52, CandleOpen=74279.96, CandleLow=74187.41
2026-03-17 16:33:03,606 [INFO] Pairs: BTCUSD
2026-03-17 16:33:03,606 [INFO] Sleeping for 1.0 minutes...
2026-03-17 16:34:00,432 [INFO] Waking up to check market conditions...
2026-03-17 16:34:00,458 [INFO] Uptrend active. No long trigger on last closed candle. EntryLevel=5002.94, CandleOpen=5040.58, CandleLow=5033.28
2026-03-17 16:34:00,459 [INFO] Sleeping for 1.0 minutes...
2026-03-17 16:34:03,610 [INFO] Waking up to check market conditions...
2026-03-17 16:34:03,639 [INFO] Uptrend active. No long trigger on last closed candle. EntryLevel=74399.52, CandleOpen=74279.96, CandleLow=74187.41
2026-03-17 16:34:03,639 [INFO] Pairs: BTCUSD
2026-03-17 16:34:03,640 [INFO] Sleeping for 1.0 minutes...
2026-03-17 16:35:00,460 [INFO] Waking up to check market conditions...
2026-03-17 16:35:00,488 [INFO] Uptrend active. No long trigger on last closed candle. EntryLevel=5002.94, CandleOpen=5040.58, CandleLow=5033.28
2026-03-17 16:35:00,488 [INFO] Sleeping for 1.0 minutes...
2026-03-17 16:35:03,643 [INFO] Waking up to check market conditions...
2026-03-17 16:35:03,674 [INFO] Uptrend active. No long trigger on last closed candle. EntryLevel=74399.52, CandleOpen=74279.96, CandleLow=74187.41
2026-03-17 16:35:03,675 [INFO] Pairs: BTCUSD
2026-03-17 16:35:03,675 [INFO] Sleeping for 1.0 minutes...
2026-03-17 16:36:00,498 [INFO] Waking up to check market conditions...
2026-03-17 16:36:00,525 [INFO] Uptrend active. No long trigger on last closed candle. EntryLevel=5002.94, CandleOpen=5040.58, CandleLow=5033.28
2026-03-17 16:36:00,526 [INFO] Sleeping for 1.0 minutes...
2026-03-17 16:36:03,682 [INFO] Waking up to check market conditions...
2026-03-17 16:36:03,712 [INFO] Uptrend active. No long trigger on last closed candle. EntryLevel=74399.52, CandleOpen=74279.96, CandleLow=74187.41
2026-03-17 16:36:03,712 [INFO] Pairs: BTCUSD
2026-03-17 16:36:03,712 [INFO] Sleeping for 1.0 minutes...
2026-03-17 16:37:00,540 [INFO] Waking up to check market conditions...
2026-03-17 16:37:00,567 [INFO] Uptrend active. No long trigger on last closed candle. EntryLevel=5002.94, CandleOpen=5040.58, CandleLow=5033.28
2026-03-17 16:37:00,568 [INFO] Sleeping for 1.0 minutes...
2026-03-17 16:37:03,727 [INFO] Waking up to check market conditions...
2026-03-17 16:37:03,756 [INFO] Uptrend active. No long trigger on last closed candle. EntryLevel=74399.52, CandleOpen=74279.96, CandleLow=74187.41
2026-03-17 16:37:03,757 [INFO] Pairs: BTCUSD
2026-03-17 16:37:03,757 [INFO] Sleeping for 1.0 minutes...
2026-03-17 16:38:00,577 [INFO] Waking up to check market conditions...
2026-03-17 16:38:00,605 [INFO] Uptrend active. No long trigger on last closed candle. EntryLevel=5002.94, CandleOpen=5040.58, CandleLow=5033.28
2026-03-17 16:38:00,605 [INFO] Sleeping for 1.0 minutes...
2026-03-17 16:38:03,760 [INFO] Waking up to check market conditions...
2026-03-17 16:38:03,790 [INFO] Uptrend active. No long trigger on last closed candle. EntryLevel=74399.52, CandleOpen=74279.96, CandleLow=74187.41
2026-03-17 16:38:03,791 [INFO] Pairs: BTCUSD
2026-03-17 16:38:03,791 [INFO] Sleeping for 1.0 minutes...
2026-03-17 16:39:00,608 [INFO] Waking up to check market conditions...
2026-03-17 16:39:00,635 [INFO] Uptrend active. No long trigger on last closed candle. EntryLevel=5002.94, CandleOpen=5040.58, CandleLow=5033.28
2026-03-17 16:39:00,636 [INFO] Sleeping for 1.0 minutes...
2026-03-17 16:39:03,804 [INFO] Waking up to check market conditions...
2026-03-17 16:39:03,834 [INFO] Uptrend active. No long trigger on last closed candle. EntryLevel=74399.52, CandleOpen=74279.96, CandleLow=74187.41
2026-03-17 16:39:03,834 [INFO] Pairs: BTCUSD
2026-03-17 16:39:03,834 [INFO] Sleeping for 1.0 minutes...
2026-03-17 16:40:00,646 [INFO] Waking up to check market conditions...
2026-03-17 16:40:00,672 [INFO] Uptrend active. No long trigger on last closed candle. EntryLevel=5002.94, CandleOpen=5040.58, CandleLow=5033.28
2026-03-17 16:40:00,673 [INFO] Sleeping for 1.0 minutes...
2026-03-17 16:40:03,845 [INFO] Waking up to check market conditions...
2026-03-17 16:40:03,875 [INFO] Uptrend active. No long trigger on last closed candle. EntryLevel=74399.52, CandleOpen=74279.96, CandleLow=74187.41
2026-03-17 16:40:03,876 [INFO] Pairs: BTCUSD
2026-03-17 16:40:03,876 [INFO] Sleeping for 1.0 minutes...
2026-03-17 16:41:00,686 [INFO] Waking up to check market conditions...
2026-03-17 16:41:00,713 [INFO] Uptrend active. No long trigger on last closed candle. EntryLevel=5002.94, CandleOpen=5040.58, CandleLow=5033.28
2026-03-17 16:41:00,713 [INFO] Sleeping for 1.0 minutes...
2026-03-17 16:41:03,892 [INFO] Waking up to check market conditions...
2026-03-17 16:41:03,922 [INFO] Uptrend active. No long trigger on last closed candle. EntryLevel=74399.52, CandleOpen=74279.96, CandleLow=74187.41
2026-03-17 16:41:03,923 [INFO] Pairs: BTCUSD
2026-03-17 16:41:03,923 [INFO] Sleeping for 1.0 minutes...
2026-03-17 16:42:00,724 [INFO] Waking up to check market conditions...
2026-03-17 16:42:00,751 [INFO] Uptrend active. No long trigger on last closed candle. EntryLevel=5002.94, CandleOpen=5040.58, CandleLow=5033.28
2026-03-17 16:42:00,752 [INFO] Sleeping for 1.0 minutes...
2026-03-17 16:42:03,930 [INFO] Waking up to check market conditions...
2026-03-17 16:42:03,959 [INFO] Uptrend active. No long trigger on last closed candle. EntryLevel=74399.52, CandleOpen=74279.96, CandleLow=74187.41
2026-03-17 16:42:03,960 [INFO] Pairs: BTCUSD
2026-03-17 16:42:03,960 [INFO] Sleeping for 1.0 minutes...
2026-03-17 16:43:00,760 [INFO] Waking up to check market conditions...
2026-03-17 16:43:00,788 [INFO] Uptrend active. No long trigger on last closed candle. EntryLevel=5002.94, CandleOpen=5040.58, CandleLow=5033.28
2026-03-17 16:43:00,788 [INFO] Sleeping for 1.0 minutes...
2026-03-17 16:43:03,973 [INFO] Waking up to check market conditions...
2026-03-17 16:43:04,001 [INFO] Uptrend active. No long trigger on last closed candle. EntryLevel=74399.52, CandleOpen=74279.96, CandleLow=74187.41
2026-03-17 16:43:04,002 [INFO] Pairs: BTCUSD
2026-03-17 16:43:04,003 [INFO] Sleeping for 1.0 minutes...
2026-03-17 16:44:00,801 [INFO] Waking up to check market conditions...
2026-03-17 16:44:00,826 [INFO] Uptrend active. No long trigger on last closed candle. EntryLevel=5002.94, CandleOpen=5040.58, CandleLow=5033.28
2026-03-17 16:44:00,827 [INFO] Sleeping for 1.0 minutes...
2026-03-17 16:44:04,013 [INFO] Waking up to check market conditions...
2026-03-17 16:44:04,043 [INFO] Uptrend active. No long trigger on last closed candle. EntryLevel=74399.52, CandleOpen=74279.96, CandleLow=74187.41
2026-03-17 16:44:04,043 [INFO] Pairs: BTCUSD
2026-03-17 16:44:04,044 [INFO] Sleeping for 1.0 minutes...
2026-03-17 16:45:00,831 [INFO] Waking up to check market conditions...
2026-03-17 16:45:00,878 [INFO] Uptrend active. No long trigger on last closed candle. EntryLevel=5002.94, CandleOpen=5035.52, CandleLow=5031.32
2026-03-17 16:45:00,878 [INFO] Sleeping for 1.0 minutes...
2026-03-17 16:45:04,053 [INFO] Waking up to check market conditions...
2026-03-17 16:45:04,106 [INFO] Long signal invalidated on closed candle: low broke below swing low. Low=73895.91 <= SL(swing low)=73963.31. Waiting for new structure.
2026-03-17 16:45:04,106 [INFO] Pairs: BTCUSD
2026-03-17 16:45:04,107 [INFO] Sleeping for 1.0 minutes...
2026-03-17 16:46:00,889 [INFO] Waking up to check market conditions...
2026-03-17 16:46:00,917 [INFO] Uptrend active. No long trigger on last closed candle. EntryLevel=5002.94, CandleOpen=5035.52, CandleLow=5031.32
2026-03-17 16:46:00,918 [INFO] Sleeping for 1.0 minutes...
2026-03-17 16:46:04,121 [INFO] Waking up to check market conditions...
2026-03-17 16:46:04,156 [INFO] Long signal invalidated on closed candle: low broke below swing low. Low=73895.91 <= SL(swing low)=73963.31. Waiting for new structure.
2026-03-17 16:46:04,157 [INFO] Pairs: BTCUSD
2026-03-17 16:46:04,157 [INFO] Sleeping for 1.0 minutes...
2026-03-17 16:47:00,930 [INFO] Waking up to check market conditions...
2026-03-17 16:47:00,957 [INFO] Uptrend active. No long trigger on last closed candle. EntryLevel=5002.94, CandleOpen=5035.52, CandleLow=5031.32
2026-03-17 16:47:00,958 [INFO] Sleeping for 1.0 minutes...
2026-03-17 16:47:04,162 [INFO] Waking up to check market conditions...
2026-03-17 16:47:04,192 [INFO] Long signal invalidated on closed candle: low broke below swing low. Low=73895.91 <= SL(swing low)=73963.31. Waiting for new structure.
2026-03-17 16:47:04,193 [INFO] Pairs: BTCUSD
2026-03-17 16:47:04,193 [INFO] Sleeping for 1.0 minutes...
2026-03-17 16:48:00,962 [INFO] Waking up to check market conditions...
2026-03-17 16:48:00,989 [INFO] Uptrend active. No long trigger on last closed candle. EntryLevel=5002.94, CandleOpen=5035.52, CandleLow=5031.32
2026-03-17 16:48:00,990 [INFO] Sleeping for 1.0 minutes...
2026-03-17 16:48:04,197 [INFO] Waking up to check market conditions...
2026-03-17 16:48:04,228 [INFO] Long signal invalidated on closed candle: low broke below swing low. Low=73895.91 <= SL(swing low)=73963.31. Waiting for new structure.
2026-03-17 16:48:04,228 [INFO] Pairs: BTCUSD
2026-03-17 16:48:04,229 [INFO] Sleeping for 1.0 minutes...
2026-03-17 16:49:00,996 [INFO] Waking up to check market conditions...
2026-03-17 16:49:01,026 [INFO] Uptrend active. No long trigger on last closed candle. EntryLevel=5002.94, CandleOpen=5035.52, CandleLow=5031.32
2026-03-17 16:49:01,026 [INFO] Sleeping for 1.0 minutes...
2026-03-17 16:49:04,234 [INFO] Waking up to check market conditions...
2026-03-17 16:49:04,286 [INFO] Long signal invalidated on closed candle: low broke below swing low. Low=73895.91 <= SL(swing low)=73963.31. Waiting for new structure.
2026-03-17 16:49:04,286 [INFO] Pairs: BTCUSD
2026-03-17 16:49:04,287 [INFO] Sleeping for 1.0 minutes...
2026-03-17 16:50:01,040 [INFO] Waking up to check market conditions...
2026-03-17 16:50:01,068 [INFO] Uptrend active. No long trigger on last closed candle. EntryLevel=5002.94, CandleOpen=5035.52, CandleLow=5031.32
2026-03-17 16:50:01,068 [INFO] Sleeping for 1.0 minutes...
2026-03-17 16:50:04,297 [INFO] Waking up to check market conditions...
2026-03-17 16:50:04,332 [INFO] Long signal invalidated on closed candle: low broke below swing low. Low=73895.91 <= SL(swing low)=73963.31. Waiting for new structure.
2026-03-17 16:50:04,333 [INFO] Pairs: BTCUSD
2026-03-17 16:50:04,333 [INFO] Sleeping for 1.0 minutes...
2026-03-17 16:51:01,080 [INFO] Waking up to check market conditions...
2026-03-17 16:51:01,108 [INFO] Uptrend active. No long trigger on last closed candle. EntryLevel=5002.94, CandleOpen=5035.52, CandleLow=5031.32
2026-03-17 16:51:01,108 [INFO] Sleeping for 1.0 minutes...
2026-03-17 16:51:04,337 [INFO] Waking up to check market conditions...
2026-03-17 16:51:04,365 [INFO] Long signal invalidated on closed candle: low broke below swing low. Low=73895.91 <= SL(swing low)=73963.31. Waiting for new structure.
2026-03-17 16:51:04,366 [INFO] Pairs: BTCUSD
2026-03-17 16:51:04,366 [INFO] Sleeping for 1.0 minutes...
2026-03-17 16:52:01,121 [INFO] Waking up to check market conditions...
2026-03-17 16:52:01,277 [INFO] Uptrend active. No long trigger on last closed candle. EntryLevel=5002.94, CandleOpen=5035.52, CandleLow=5031.32
2026-03-17 16:52:01,278 [INFO] Sleeping for 1.0 minutes...
2026-03-17 16:52:04,372 [INFO] Waking up to check market conditions...
2026-03-17 16:52:04,401 [INFO] Long signal invalidated on closed candle: low broke below swing low. Low=73895.91 <= SL(swing low)=73963.31. Waiting for new structure.
2026-03-17 16:52:04,402 [INFO] Pairs: BTCUSD
2026-03-17 16:52:04,403 [INFO] Sleeping for 1.0 minutes...
2026-03-17 16:53:01,288 [INFO] Waking up to check market conditions...
2026-03-17 16:53:01,316 [INFO] Uptrend active. No long trigger on last closed candle. EntryLevel=5002.94, CandleOpen=5035.52, CandleLow=5031.32
2026-03-17 16:53:01,316 [INFO] Sleeping for 1.0 minutes...
2026-03-17 16:53:04,410 [INFO] Waking up to check market conditions...
2026-03-17 16:53:04,440 [INFO] Long signal invalidated on closed candle: low broke below swing low. Low=73895.91 <= SL(swing low)=73963.31. Waiting for new structure.
2026-03-17 16:53:04,441 [INFO] Pairs: BTCUSD
2026-03-17 16:53:04,442 [INFO] Sleeping for 1.0 minutes...
2026-03-17 16:54:01,322 [INFO] Waking up to check market conditions...
2026-03-17 16:54:01,354 [INFO] Uptrend active. No long trigger on last closed candle. EntryLevel=5002.94, CandleOpen=5035.52, CandleLow=5031.32
2026-03-17 16:54:01,355 [INFO] Sleeping for 1.0 minutes...
2026-03-17 16:54:04,445 [INFO] Waking up to check market conditions...
2026-03-17 16:54:04,485 [INFO] Long signal invalidated on closed candle: low broke below swing low. Low=73895.91 <= SL(swing low)=73963.31. Waiting for new structure.
2026-03-17 16:54:04,486 [INFO] Pairs: BTCUSD
2026-03-17 16:54:04,486 [INFO] Sleeping for 1.0 minutes...
2026-03-17 16:55:01,371 [INFO] Waking up to check market conditions...
2026-03-17 16:55:01,397 [INFO] Uptrend active. No long trigger on last closed candle. EntryLevel=5002.94, CandleOpen=5035.52, CandleLow=5031.32
2026-03-17 16:55:01,398 [INFO] Sleeping for 1.0 minutes...
2026-03-17 16:55:04,493 [INFO] Waking up to check market conditions...
2026-03-17 16:55:04,525 [INFO] Long signal invalidated on closed candle: low broke below swing low. Low=73895.91 <= SL(swing low)=73963.31. Waiting for new structure.
2026-03-17 16:55:04,526 [INFO] Pairs: BTCUSD
2026-03-17 16:55:04,526 [INFO] Sleeping for 1.0 minutes...
2026-03-17 16:56:01,411 [INFO] Waking up to check market conditions...
2026-03-17 16:56:01,438 [INFO] Uptrend active. No long trigger on last closed candle. EntryLevel=5002.94, CandleOpen=5035.52, CandleLow=5031.32
2026-03-17 16:56:01,439 [INFO] Sleeping for 1.0 minutes...
2026-03-17 16:56:04,539 [INFO] Waking up to check market conditions...
2026-03-17 16:56:04,568 [INFO] Long signal invalidated on closed candle: low broke below swing low. Low=73895.91 <= SL(swing low)=73963.31. Waiting for new structure.
2026-03-17 16:56:04,569 [INFO] Pairs: BTCUSD
2026-03-17 16:56:04,569 [INFO] Sleeping for 1.0 minutes...
2026-03-17 16:57:01,454 [INFO] Waking up to check market conditions...
2026-03-17 16:57:01,482 [INFO] Uptrend active. No long trigger on last closed candle. EntryLevel=5002.94, CandleOpen=5035.52, CandleLow=5031.32
2026-03-17 16:57:01,482 [INFO] Sleeping for 1.0 minutes...
2026-03-17 16:57:04,571 [INFO] Waking up to check market conditions...
2026-03-17 16:57:04,601 [INFO] Long signal invalidated on closed candle: low broke below swing low. Low=73895.91 <= SL(swing low)=73963.31. Waiting for new structure.
2026-03-17 16:57:04,602 [INFO] Pairs: BTCUSD
2026-03-17 16:57:04,603 [INFO] Sleeping for 1.0 minutes...
2026-03-17 16:58:01,488 [INFO] Waking up to check market conditions...
2026-03-17 16:58:01,516 [INFO] Uptrend active. No long trigger on last closed candle. EntryLevel=5002.94, CandleOpen=5035.52, CandleLow=5031.32
2026-03-17 16:58:01,516 [INFO] Sleeping for 1.0 minutes...
2026-03-17 16:58:04,614 [INFO] Waking up to check market conditions...
2026-03-17 16:58:04,644 [INFO] Long signal invalidated on closed candle: low broke below swing low. Low=73895.91 <= SL(swing low)=73963.31. Waiting for new structure.
2026-03-17 16:58:04,645 [INFO] Pairs: BTCUSD
2026-03-17 16:58:04,646 [INFO] Sleeping for 1.0 minutes...
2026-03-17 16:59:01,529 [INFO] Waking up to check market conditions...
2026-03-17 16:59:01,556 [INFO] Uptrend active. No long trigger on last closed candle. EntryLevel=5002.94, CandleOpen=5035.52, CandleLow=5031.32
2026-03-17 16:59:01,556 [INFO] Sleeping for 1.0 minutes...
2026-03-17 16:59:04,648 [INFO] Waking up to check market conditions...
2026-03-17 16:59:04,678 [INFO] Long signal invalidated on closed candle: low broke below swing low. Low=73895.91 <= SL(swing low)=73963.31. Waiting for new structure.
2026-03-17 16:59:04,679 [INFO] Pairs: BTCUSD
2026-03-17 16:59:04,680 [INFO] Sleeping for 1.0 minutes...
2026-03-17 17:00:01,568 [INFO] Waking up to check market conditions...
2026-03-17 17:00:01,597 [INFO] Uptrend active. No long trigger on last closed candle. EntryLevel=5005.24, CandleOpen=5032.27, CandleLow=5020.17
2026-03-17 17:00:01,598 [INFO] Sleeping for 1.0 minutes...
2026-03-17 17:00:04,690 [INFO] Waking up to check market conditions...
2026-03-17 17:00:04,721 [INFO] Uptrend active. No long trigger on last closed candle. EntryLevel=74399.52, CandleOpen=73923.02, CandleLow=73753.57
2026-03-17 17:00:04,722 [INFO] Pairs: BTCUSD
2026-03-17 17:00:04,723 [INFO] Sleeping for 1.0 minutes...
2026-03-17 17:01:01,608 [INFO] Waking up to check market conditions...
2026-03-17 17:01:01,639 [INFO] Uptrend active. No long trigger on last closed candle. EntryLevel=5005.24, CandleOpen=5032.27, CandleLow=5020.17
2026-03-17 17:01:01,640 [INFO] Sleeping for 1.0 minutes...
2026-03-17 17:01:04,731 [INFO] Waking up to check market conditions...
2026-03-17 17:01:04,761 [INFO] Uptrend active. No long trigger on last closed candle. EntryLevel=74399.52, CandleOpen=73923.02, CandleLow=73753.57
2026-03-17 17:01:04,761 [INFO] Pairs: BTCUSD
2026-03-17 17:01:04,761 [INFO] Sleeping for 1.0 minutes...
2026-03-17 17:02:01,654 [INFO] Waking up to check market conditions...
2026-03-17 17:02:01,681 [INFO] Uptrend active. No long trigger on last closed candle. EntryLevel=5005.24, CandleOpen=5032.27, CandleLow=5020.17
2026-03-17 17:02:01,682 [INFO] Sleeping for 1.0 minutes...
2026-03-17 17:02:04,775 [INFO] Waking up to check market conditions...
2026-03-17 17:02:04,805 [INFO] Uptrend active. No long trigger on last closed candle. EntryLevel=74399.52, CandleOpen=73923.02, CandleLow=73753.57
2026-03-17 17:02:04,806 [INFO] Pairs: BTCUSD
2026-03-17 17:02:04,812 [INFO] Sleeping for 1.0 minutes...
2026-03-17 17:03:01,682 [INFO] Waking up to check market conditions...
2026-03-17 17:03:01,709 [INFO] Uptrend active. No long trigger on last closed candle. EntryLevel=5005.24, CandleOpen=5032.27, CandleLow=5020.17
2026-03-17 17:03:01,710 [INFO] Sleeping for 1.0 minutes...
2026-03-17 17:03:04,828 [INFO] Waking up to check market conditions...
2026-03-17 17:03:04,857 [INFO] Uptrend active. No long trigger on last closed candle. EntryLevel=74399.52, CandleOpen=73923.02, CandleLow=73753.57
2026-03-17 17:03:04,858 [INFO] Pairs: BTCUSD
2026-03-17 17:03:04,859 [INFO] Sleeping for 1.0 minutes...
2026-03-17 17:04:01,715 [INFO] Waking up to check market conditions...
2026-03-17 17:04:01,755 [INFO] Uptrend active. No long trigger on last closed candle. EntryLevel=5005.24, CandleOpen=5032.27, CandleLow=5020.17
2026-03-17 17:04:01,756 [INFO] Sleeping for 1.0 minutes...
2026-03-17 17:04:04,872 [INFO] Waking up to check market conditions...
2026-03-17 17:04:04,909 [INFO] Uptrend active. No long trigger on last closed candle. EntryLevel=74399.52, CandleOpen=73923.02, CandleLow=73753.57
2026-03-17 17:04:04,910 [INFO] Pairs: BTCUSD
2026-03-17 17:04:04,910 [INFO] Sleeping for 1.0 minutes...
2026-03-17 17:05:01,767 [INFO] Waking up to check market conditions...
2026-03-17 17:05:01,795 [INFO] Uptrend active. No long trigger on last closed candle. EntryLevel=5005.24, CandleOpen=5032.27, CandleLow=5020.17
2026-03-17 17:05:01,795 [INFO] Sleeping for 1.0 minutes...
2026-03-17 17:05:04,910 [INFO] Waking up to check market conditions...
2026-03-17 17:05:04,946 [INFO] Uptrend active. No long trigger on last closed candle. EntryLevel=74399.52, CandleOpen=73923.02, CandleLow=73753.57
2026-03-17 17:05:04,947 [INFO] Pairs: BTCUSD
2026-03-17 17:05:04,947 [INFO] Sleeping for 1.0 minutes...
2026-03-17 17:06:01,802 [INFO] Waking up to check market conditions...
2026-03-17 17:06:01,831 [INFO] Uptrend active. No long trigger on last closed candle. EntryLevel=5005.24, CandleOpen=5032.27, CandleLow=5020.17
2026-03-17 17:06:01,831 [INFO] Sleeping for 1.0 minutes...
2026-03-17 17:06:04,948 [INFO] Waking up to check market conditions...
2026-03-17 17:06:04,992 [INFO] Uptrend active. No long trigger on last closed candle. EntryLevel=74399.52, CandleOpen=73923.02, CandleLow=73753.57
2026-03-17 17:06:04,993 [INFO] Pairs: BTCUSD
2026-03-17 17:06:04,993 [INFO] Sleeping for 1.0 minutes...
2026-03-17 17:07:01,847 [INFO] Waking up to check market conditions...
2026-03-17 17:07:01,877 [INFO] Uptrend active. No long trigger on last closed candle. EntryLevel=5005.24, CandleOpen=5032.27, CandleLow=5020.17
2026-03-17 17:07:01,878 [INFO] Sleeping for 1.0 minutes...
2026-03-17 17:07:04,993 [INFO] Waking up to check market conditions...
2026-03-17 17:07:05,034 [INFO] Uptrend active. No long trigger on last closed candle. EntryLevel=74399.52, CandleOpen=73923.02, CandleLow=73753.57
2026-03-17 17:07:05,035 [INFO] Pairs: BTCUSD
2026-03-17 17:07:05,035 [INFO] Sleeping for 1.0 minutes...
2026-03-17 17:08:01,879 [INFO] Waking up to check market conditions...
2026-03-17 17:08:01,907 [INFO] Uptrend active. No long trigger on last closed candle. EntryLevel=5005.24, CandleOpen=5032.27, CandleLow=5020.17
2026-03-17 17:08:01,907 [INFO] Sleeping for 1.0 minutes...
2026-03-17 17:08:05,040 [INFO] Waking up to check market conditions...
2026-03-17 17:08:05,070 [INFO] Uptrend active. No long trigger on last closed candle. EntryLevel=74399.52, CandleOpen=73923.02, CandleLow=73753.57
2026-03-17 17:08:05,071 [INFO] Pairs: BTCUSD
2026-03-17 17:08:05,071 [INFO] Sleeping for 1.0 minutes...
2026-03-17 17:09:01,915 [INFO] Waking up to check market conditions...
2026-03-17 17:09:01,943 [INFO] Uptrend active. No long trigger on last closed candle. EntryLevel=5005.24, CandleOpen=5032.27, CandleLow=5020.17
2026-03-17 17:09:01,944 [INFO] Sleeping for 1.0 minutes...
2026-03-17 17:09:05,074 [INFO] Waking up to check market conditions...
2026-03-17 17:09:05,104 [INFO] Uptrend active. No long trigger on last closed candle. EntryLevel=74399.52, CandleOpen=73923.02, CandleLow=73753.57
2026-03-17 17:09:05,105 [INFO] Pairs: BTCUSD
2026-03-17 17:09:05,106 [INFO] Sleeping for 1.0 minutes...
2026-03-17 17:10:01,950 [INFO] Waking up to check market conditions...
2026-03-17 17:10:01,977 [INFO] Uptrend active. No long trigger on last closed candle. EntryLevel=5005.24, CandleOpen=5032.27, CandleLow=5020.17
2026-03-17 17:10:01,978 [INFO] Sleeping for 1.0 minutes...
2026-03-17 17:10:05,119 [INFO] Waking up to check market conditions...
2026-03-17 17:10:05,151 [INFO] Uptrend active. No long trigger on last closed candle. EntryLevel=74399.52, CandleOpen=73923.02, CandleLow=73753.57
2026-03-17 17:10:05,152 [INFO] Pairs: BTCUSD
2026-03-17 17:10:05,152 [INFO] Sleeping for 1.0 minutes...
2026-03-17 17:11:01,983 [INFO] Waking up to check market conditions...
2026-03-17 17:11:02,015 [INFO] Uptrend active. No long trigger on last closed candle. EntryLevel=5005.24, CandleOpen=5032.27, CandleLow=5020.17
2026-03-17 17:11:02,016 [INFO] Sleeping for 1.0 minutes...
2026-03-17 17:11:05,160 [INFO] Waking up to check market conditions...
2026-03-17 17:11:05,193 [INFO] Uptrend active. No long trigger on last closed candle. EntryLevel=74399.52, CandleOpen=73923.02, CandleLow=73753.57
2026-03-17 17:11:05,193 [INFO] Pairs: BTCUSD
2026-03-17 17:11:05,194 [INFO] Sleeping for 1.0 minutes...
2026-03-17 17:12:02,023 [INFO] Waking up to check market conditions...
2026-03-17 17:12:02,055 [INFO] Uptrend active. No long trigger on last closed candle. EntryLevel=5005.24, CandleOpen=5032.27, CandleLow=5020.17
2026-03-17 17:12:02,056 [INFO] Sleeping for 1.0 minutes...
2026-03-17 17:12:05,199 [INFO] Waking up to check market conditions...
2026-03-17 17:12:05,230 [INFO] Uptrend active. No long trigger on last closed candle. EntryLevel=74399.52, CandleOpen=73923.02, CandleLow=73753.57
2026-03-17 17:12:05,231 [INFO] Pairs: BTCUSD
2026-03-17 17:12:05,232 [INFO] Sleeping for 1.0 minutes...
2026-03-17 17:13:02,071 [INFO] Waking up to check market conditions...
2026-03-17 17:13:02,099 [INFO] Uptrend active. No long trigger on last closed candle. EntryLevel=5005.24, CandleOpen=5032.27, CandleLow=5020.17
2026-03-17 17:13:02,099 [INFO] Sleeping for 1.0 minutes...
2026-03-17 17:13:05,237 [INFO] Waking up to check market conditions...
2026-03-17 17:13:05,267 [INFO] Uptrend active. No long trigger on last closed candle. EntryLevel=74399.52, CandleOpen=73923.02, CandleLow=73753.57
2026-03-17 17:13:05,267 [INFO] Pairs: BTCUSD
2026-03-17 17:13:05,268 [INFO] Sleeping for 1.0 minutes...
2026-03-17 17:14:02,101 [INFO] Waking up to check market conditions...
2026-03-17 17:14:02,129 [INFO] Uptrend active. No long trigger on last closed candle. EntryLevel=5005.24, CandleOpen=5032.27, CandleLow=5020.17
2026-03-17 17:14:02,130 [INFO] Sleeping for 1.0 minutes...
2026-03-17 17:14:05,279 [INFO] Waking up to check market conditions...
2026-03-17 17:14:05,308 [INFO] Uptrend active. No long trigger on last closed candle. EntryLevel=74399.52, CandleOpen=73923.02, CandleLow=73753.57
2026-03-17 17:14:05,308 [INFO] Pairs: BTCUSD
2026-03-17 17:14:05,309 [INFO] Sleeping for 1.0 minutes...
2026-03-17 17:15:02,144 [INFO] Waking up to check market conditions...
2026-03-17 17:15:02,172 [INFO] Uptrend active. No long trigger on last closed candle. EntryLevel=5005.24, CandleOpen=5020.88, CandleLow=5006.86
2026-03-17 17:15:02,173 [INFO] Sleeping for 1.0 minutes...
2026-03-17 17:15:05,322 [INFO] Waking up to check market conditions...
2026-03-17 17:15:05,351 [INFO] Uptrend active. No long trigger on last closed candle. EntryLevel=74069.55, CandleOpen=74037.74, CandleLow=73868.90
2026-03-17 17:15:05,352 [INFO] Pairs: BTCUSD
2026-03-17 17:15:05,353 [INFO] Sleeping for 1.0 minutes...
2026-03-17 17:16:02,184 [INFO] Waking up to check market conditions...
2026-03-17 17:16:02,218 [INFO] Uptrend active. No long trigger on last closed candle. EntryLevel=5005.24, CandleOpen=5020.88, CandleLow=5006.86
2026-03-17 17:16:02,218 [INFO] Sleeping for 1.0 minutes...
2026-03-17 17:16:05,366 [INFO] Waking up to check market conditions...
2026-03-17 17:16:05,396 [INFO] Uptrend active. No long trigger on last closed candle. EntryLevel=74069.55, CandleOpen=74037.74, CandleLow=73868.90
2026-03-17 17:16:05,397 [INFO] Pairs: BTCUSD
2026-03-17 17:16:05,397 [INFO] Sleeping for 1.0 minutes...
2026-03-17 17:17:02,219 [INFO] Waking up to check market conditions...
2026-03-17 17:17:02,249 [INFO] Uptrend active. No long trigger on last closed candle. EntryLevel=5005.24, CandleOpen=5020.88, CandleLow=5006.86
2026-03-17 17:17:02,249 [INFO] Sleeping for 1.0 minutes...
2026-03-17 17:17:05,412 [INFO] Waking up to check market conditions...
2026-03-17 17:17:05,447 [INFO] Uptrend active. No long trigger on last closed candle. EntryLevel=74069.55, CandleOpen=74037.74, CandleLow=73868.90
2026-03-17 17:17:05,447 [INFO] Pairs: BTCUSD
2026-03-17 17:17:05,448 [INFO] Sleeping for 1.0 minutes...
2026-03-17 17:18:02,266 [INFO] Waking up to check market conditions...
2026-03-17 17:18:02,295 [INFO] Uptrend active. No long trigger on last closed candle. EntryLevel=5005.24, CandleOpen=5020.88, CandleLow=5006.86
2026-03-17 17:18:02,295 [INFO] Sleeping for 1.0 minutes...
2026-03-17 17:18:05,449 [INFO] Waking up to check market conditions...
2026-03-17 17:18:05,479 [INFO] Uptrend active. No long trigger on last closed candle. EntryLevel=74069.55, CandleOpen=74037.74, CandleLow=73868.90
2026-03-17 17:18:05,479 [INFO] Pairs: BTCUSD
2026-03-17 17:18:05,480 [INFO] Sleeping for 1.0 minutes...
2026-03-17 17:19:02,303 [INFO] Waking up to check market conditions...
2026-03-17 17:19:02,332 [INFO] Uptrend active. No long trigger on last closed candle. EntryLevel=5005.24, CandleOpen=5020.88, CandleLow=5006.86
2026-03-17 17:19:02,332 [INFO] Sleeping for 1.0 minutes...
2026-03-17 17:19:05,481 [INFO] Waking up to check market conditions...
2026-03-17 17:19:05,509 [INFO] Uptrend active. No long trigger on last closed candle. EntryLevel=74069.55, CandleOpen=74037.74, CandleLow=73868.90
2026-03-17 17:19:05,510 [INFO] Pairs: BTCUSD
2026-03-17 17:19:05,510 [INFO] Sleeping for 1.0 minutes...
2026-03-17 17:20:02,342 [INFO] Waking up to check market conditions...
2026-03-17 17:20:02,370 [INFO] Uptrend active. No long trigger on last closed candle. EntryLevel=5005.24, CandleOpen=5020.88, CandleLow=5006.86
2026-03-17 17:20:02,371 [INFO] Sleeping for 1.0 minutes...
2026-03-17 17:20:05,521 [INFO] Waking up to check market conditions...
2026-03-17 17:20:05,558 [INFO] Uptrend active. No long trigger on last closed candle. EntryLevel=74069.55, CandleOpen=74037.74, CandleLow=73868.90
2026-03-17 17:20:05,559 [INFO] Pairs: BTCUSD
2026-03-17 17:20:05,559 [INFO] Sleeping for 1.0 minutes...
2026-03-17 17:21:02,376 [INFO] Waking up to check market conditions...
2026-03-17 17:21:02,412 [INFO] Uptrend active. No long trigger on last closed candle. EntryLevel=5005.24, CandleOpen=5020.88, CandleLow=5006.86
2026-03-17 17:21:02,412 [INFO] Sleeping for 1.0 minutes...
2026-03-17 17:21:05,569 [INFO] Waking up to check market conditions...
2026-03-17 17:21:05,597 [INFO] Uptrend active. No long trigger on last closed candle. EntryLevel=74069.55, CandleOpen=74037.74, CandleLow=73868.90
2026-03-17 17:21:05,598 [INFO] Pairs: BTCUSD
2026-03-17 17:21:05,599 [INFO] Sleeping for 1.0 minutes...
2026-03-17 17:22:02,428 [INFO] Waking up to check market conditions...
2026-03-17 17:22:02,456 [INFO] Uptrend active. No long trigger on last closed candle. EntryLevel=5005.24, CandleOpen=5020.88, CandleLow=5006.86
2026-03-17 17:22:02,457 [INFO] Sleeping for 1.0 minutes...
2026-03-17 17:22:05,599 [INFO] Waking up to check market conditions...
2026-03-17 17:22:05,628 [INFO] Uptrend active. No long trigger on last closed candle. EntryLevel=74069.55, CandleOpen=74037.74, CandleLow=73868.90
2026-03-17 17:22:05,629 [INFO] Pairs: BTCUSD
2026-03-17 17:22:05,629 [INFO] Sleeping for 1.0 minutes...
2026-03-17 17:23:02,458 [INFO] Waking up to check market conditions...
2026-03-17 17:23:02,487 [INFO] Uptrend active. No long trigger on last closed candle. EntryLevel=5005.24, CandleOpen=5020.88, CandleLow=5006.86
2026-03-17 17:23:02,487 [INFO] Sleeping for 1.0 minutes...
2026-03-17 17:23:05,645 [INFO] Waking up to check market conditions...
2026-03-17 17:23:05,674 [INFO] Uptrend active. No long trigger on last closed candle. EntryLevel=74069.55, CandleOpen=74037.74, CandleLow=73868.90
2026-03-17 17:23:05,675 [INFO] Pairs: BTCUSD
2026-03-17 17:23:05,675 [INFO] Sleeping for 1.0 minutes...
2026-03-17 17:24:02,490 [INFO] Waking up to check market conditions...
2026-03-17 17:24:02,527 [INFO] Uptrend active. No long trigger on last closed candle. EntryLevel=5005.24, CandleOpen=5020.88, CandleLow=5006.86
2026-03-17 17:24:02,527 [INFO] Sleeping for 1.0 minutes...
2026-03-17 17:24:05,685 [INFO] Waking up to check market conditions...
2026-03-17 17:24:05,715 [INFO] Uptrend active. No long trigger on last closed candle. EntryLevel=74069.55, CandleOpen=74037.74, CandleLow=73868.90
2026-03-17 17:24:05,715 [INFO] Pairs: BTCUSD
2026-03-17 17:24:05,716 [INFO] Sleeping for 1.0 minutes...
2026-03-17 17:25:02,527 [INFO] Waking up to check market conditions...
2026-03-17 17:25:02,557 [INFO] Uptrend active. No long trigger on last closed candle. EntryLevel=5005.24, CandleOpen=5020.88, CandleLow=5006.86
2026-03-17 17:25:02,558 [INFO] Sleeping for 1.0 minutes...
2026-03-17 17:25:05,721 [INFO] Waking up to check market conditions...
2026-03-17 17:25:05,750 [INFO] Uptrend active. No long trigger on last closed candle. EntryLevel=74069.55, CandleOpen=74037.74, CandleLow=73868.90
2026-03-17 17:25:05,751 [INFO] Pairs: BTCUSD
2026-03-17 17:25:05,751 [INFO] Sleeping for 1.0 minutes...
2026-03-17 17:26:02,571 [INFO] Waking up to check market conditions...
2026-03-17 17:26:02,607 [INFO] Uptrend active. No long trigger on last closed candle. EntryLevel=5005.24, CandleOpen=5020.88, CandleLow=5006.86
2026-03-17 17:26:02,607 [INFO] Sleeping for 1.0 minutes...
2026-03-17 17:26:05,754 [INFO] Waking up to check market conditions...
2026-03-17 17:26:05,785 [INFO] Uptrend active. No long trigger on last closed candle. EntryLevel=74069.55, CandleOpen=74037.74, CandleLow=73868.90
2026-03-17 17:26:05,786 [INFO] Pairs: BTCUSD
2026-03-17 17:26:05,786 [INFO] Sleeping for 1.0 minutes...
2026-03-17 17:27:02,610 [INFO] Waking up to check market conditions...
2026-03-17 17:27:02,642 [INFO] Uptrend active. No long trigger on last closed candle. EntryLevel=5005.24, CandleOpen=5020.88, CandleLow=5006.86
2026-03-17 17:27:02,642 [INFO] Sleeping for 1.0 minutes...
2026-03-17 17:27:05,800 [INFO] Waking up to check market conditions...
2026-03-17 17:27:05,830 [INFO] Uptrend active. No long trigger on last closed candle. EntryLevel=74069.55, CandleOpen=74037.74, CandleLow=73868.90
2026-03-17 17:27:05,831 [INFO] Pairs: BTCUSD
2026-03-17 17:27:05,832 [INFO] Sleeping for 1.0 minutes...
2026-03-17 17:28:02,653 [INFO] Waking up to check market conditions...
2026-03-17 17:28:02,682 [INFO] Uptrend active. No long trigger on last closed candle. EntryLevel=5005.24, CandleOpen=5020.88, CandleLow=5006.86
2026-03-17 17:28:02,683 [INFO] Sleeping for 1.0 minutes...
2026-03-17 17:28:05,841 [INFO] Waking up to check market conditions...
2026-03-17 17:28:05,897 [INFO] Uptrend active. No long trigger on last closed candle. EntryLevel=74069.55, CandleOpen=74037.74, CandleLow=73868.90
2026-03-17 17:28:05,898 [INFO] Pairs: BTCUSD
2026-03-17 17:28:05,899 [INFO] Sleeping for 1.0 minutes...
2026-03-17 17:29:02,689 [INFO] Waking up to check market conditions...
2026-03-17 17:29:02,716 [INFO] Uptrend active. No long trigger on last closed candle. EntryLevel=5005.24, CandleOpen=5020.88, CandleLow=5006.86
2026-03-17 17:29:02,717 [INFO] Sleeping for 1.0 minutes...
2026-03-17 17:29:05,908 [INFO] Waking up to check market conditions...
2026-03-17 17:29:05,940 [INFO] Uptrend active. No long trigger on last closed candle. EntryLevel=74069.55, CandleOpen=74037.74, CandleLow=73868.90
2026-03-17 17:29:05,941 [INFO] Pairs: BTCUSD
2026-03-17 17:29:05,941 [INFO] Sleeping for 1.0 minutes...
2026-03-17 17:30:02,732 [INFO] Waking up to check market conditions...
2026-03-17 17:30:02,769 [INFO] Long signal missed: current price too far from entry level. EntryLevel=5005.24, Bid=5017.41, MaxSlippagePoints=10
2026-03-17 17:30:02,770 [INFO] Sleeping for 1.0 minutes...
2026-03-17 17:30:05,952 [INFO] Waking up to check market conditions...
2026-03-17 17:30:05,990 [INFO] Uptrend active. No long trigger on last closed candle. EntryLevel=73904.69, CandleOpen=74152.06, CandleLow=74076.31
2026-03-17 17:30:05,992 [INFO] Pairs: BTCUSD
2026-03-17 17:30:05,992 [INFO] Sleeping for 1.0 minutes...
2026-03-17 17:31:02,778 [INFO] Waking up to check market conditions...
2026-03-17 17:31:02,837 [INFO] Long signal missed: current price too far from entry level. EntryLevel=5005.24, Bid=5016.55, MaxSlippagePoints=10
2026-03-17 17:31:02,837 [INFO] Sleeping for 1.0 minutes...
2026-03-17 17:31:05,993 [INFO] Waking up to check market conditions...
2026-03-17 17:31:06,052 [INFO] Uptrend active. No long trigger on last closed candle. EntryLevel=73904.69, CandleOpen=74152.06, CandleLow=74076.31
2026-03-17 17:31:06,052 [INFO] Pairs: BTCUSD
2026-03-17 17:31:06,056 [INFO] Sleeping for 1.0 minutes...
2026-03-17 17:32:02,843 [INFO] Waking up to check market conditions...
2026-03-17 17:32:02,898 [INFO] Long signal missed: current price too far from entry level. EntryLevel=5005.24, Bid=5015.70, MaxSlippagePoints=10
2026-03-17 17:32:02,902 [INFO] Sleeping for 1.0 minutes...
2026-03-17 17:32:06,061 [INFO] Waking up to check market conditions...
2026-03-17 17:32:06,160 [INFO] Uptrend active. No long trigger on last closed candle. EntryLevel=73904.69, CandleOpen=74152.06, CandleLow=74076.31
2026-03-17 17:32:06,160 [INFO] Pairs: BTCUSD
2026-03-17 17:32:06,160 [INFO] Sleeping for 1.0 minutes...
2026-03-17 17:33:02,908 [INFO] Waking up to check market conditions...
2026-03-17 17:33:02,967 [INFO] Long signal missed: current price too far from entry level. EntryLevel=5005.24, Bid=5015.36, MaxSlippagePoints=10
2026-03-17 17:33:02,967 [INFO] Sleeping for 1.0 minutes...
2026-03-17 17:33:06,174 [INFO] Waking up to check market conditions...
2026-03-17 17:33:06,250 [INFO] Uptrend active. No long trigger on last closed candle. EntryLevel=73904.69, CandleOpen=74152.06, CandleLow=74076.31
2026-03-17 17:33:06,250 [INFO] Pairs: BTCUSD
2026-03-17 17:33:06,250 [INFO] Sleeping for 1.0 minutes...
2026-03-17 17:34:02,970 [INFO] Waking up to check market conditions...
2026-03-17 17:34:03,042 [INFO] Long signal missed: current price too far from entry level. EntryLevel=5005.24, Bid=5014.15, MaxSlippagePoints=10
2026-03-17 17:34:03,042 [INFO] Sleeping for 1.0 minutes...
2026-03-17 17:34:06,257 [INFO] Waking up to check market conditions...
2026-03-17 17:34:06,348 [INFO] Uptrend active. No long trigger on last closed candle. EntryLevel=73904.69, CandleOpen=74152.06, CandleLow=74076.31
2026-03-17 17:34:06,350 [INFO] Pairs: BTCUSD
2026-03-17 17:34:06,350 [INFO] Sleeping for 1.0 minutes...
2026-03-17 17:35:03,053 [INFO] Waking up to check market conditions...
2026-03-17 17:35:03,149 [INFO] Long signal missed: current price too far from entry level. EntryLevel=5005.24, Bid=5014.75, MaxSlippagePoints=10
2026-03-17 17:35:03,149 [INFO] Sleeping for 1.0 minutes...
2026-03-17 17:35:06,354 [INFO] Waking up to check market conditions...
2026-03-17 17:35:06,412 [INFO] Uptrend active. No long trigger on last closed candle. EntryLevel=73904.69, CandleOpen=74152.06, CandleLow=74076.31
2026-03-17 17:35:06,412 [INFO] Pairs: BTCUSD
2026-03-17 17:35:06,412 [INFO] Sleeping for 1.0 minutes...
2026-03-17 17:36:03,158 [INFO] Waking up to check market conditions...
2026-03-17 17:36:03,213 [INFO] Long signal missed: current price too far from entry level. EntryLevel=5005.24, Bid=5013.75, MaxSlippagePoints=10
2026-03-17 17:36:03,213 [INFO] Sleeping for 1.0 minutes...
2026-03-17 17:36:06,422 [INFO] Waking up to check market conditions...
2026-03-17 17:36:06,493 [INFO] Uptrend active. No long trigger on last closed candle. EntryLevel=73904.69, CandleOpen=74152.06, CandleLow=74076.31
2026-03-17 17:36:06,498 [INFO] Pairs: BTCUSD
2026-03-17 17:36:06,498 [INFO] Sleeping for 1.0 minutes...
2026-03-17 17:37:03,214 [INFO] Waking up to check market conditions...
2026-03-17 17:37:03,271 [INFO] Long signal missed: current price too far from entry level. EntryLevel=5005.24, Bid=5014.60, MaxSlippagePoints=10
2026-03-17 17:37:03,273 [INFO] Sleeping for 1.0 minutes...
2026-03-17 17:37:06,504 [INFO] Waking up to check market conditions...
2026-03-17 17:37:06,563 [INFO] Uptrend active. No long trigger on last closed candle. EntryLevel=73904.69, CandleOpen=74152.06, CandleLow=74076.31
2026-03-17 17:37:06,567 [INFO] Pairs: BTCUSD
2026-03-17 17:37:06,567 [INFO] Sleeping for 1.0 minutes...
2026-03-17 17:38:03,279 [INFO] Waking up to check market conditions...
2026-03-17 17:38:03,330 [INFO] Long signal missed: current price too far from entry level. EntryLevel=5005.24, Bid=5014.79, MaxSlippagePoints=10
2026-03-17 17:38:03,330 [INFO] Sleeping for 1.0 minutes...
2026-03-17 17:38:06,577 [INFO] Waking up to check market conditions...
2026-03-17 17:38:06,669 [INFO] Uptrend active. No long trigger on last closed candle. EntryLevel=73904.69, CandleOpen=74152.06, CandleLow=74076.31
2026-03-17 17:38:06,669 [INFO] Pairs: BTCUSD
2026-03-17 17:38:06,669 [INFO] Sleeping for 1.0 minutes...
2026-03-17 17:39:03,341 [INFO] Waking up to check market conditions...
2026-03-17 17:39:03,396 [INFO] Long signal missed: current price too far from entry level. EntryLevel=5005.24, Bid=5015.99, MaxSlippagePoints=10
2026-03-17 17:39:03,396 [INFO] Sleeping for 1.0 minutes...
2026-03-17 17:39:06,673 [INFO] Waking up to check market conditions...
2026-03-17 17:39:06,728 [INFO] Uptrend active. No long trigger on last closed candle. EntryLevel=73904.69, CandleOpen=74152.06, CandleLow=74076.31
2026-03-17 17:39:06,732 [INFO] Pairs: BTCUSD
2026-03-17 17:39:06,732 [INFO] Sleeping for 1.0 minutes...
2026-03-17 17:40:03,402 [INFO] Waking up to check market conditions...
2026-03-17 17:40:03,460 [INFO] Long signal missed: current price too far from entry level. EntryLevel=5005.24, Bid=5015.22, MaxSlippagePoints=10
2026-03-17 17:40:03,460 [INFO] Sleeping for 1.0 minutes...
2026-03-17 17:40:06,740 [INFO] Waking up to check market conditions...
2026-03-17 17:40:06,804 [INFO] Uptrend active. No long trigger on last closed candle. EntryLevel=73904.69, CandleOpen=74152.06, CandleLow=74076.31
2026-03-17 17:40:06,804 [INFO] Pairs: BTCUSD
2026-03-17 17:40:06,804 [INFO] Sleeping for 1.0 minutes...
2026-03-17 17:41:03,463 [INFO] Waking up to check market conditions...
2026-03-17 17:41:03,553 [INFO] Long signal missed: current price too far from entry level. EntryLevel=5005.24, Bid=5012.39, MaxSlippagePoints=10
2026-03-17 17:41:03,557 [INFO] Sleeping for 1.0 minutes...
2026-03-17 17:41:06,814 [INFO] Waking up to check market conditions...
2026-03-17 17:41:06,880 [INFO] Uptrend active. No long trigger on last closed candle. EntryLevel=73904.69, CandleOpen=74152.06, CandleLow=74076.31
2026-03-17 17:41:06,882 [INFO] Pairs: BTCUSD
2026-03-17 17:41:06,882 [INFO] Sleeping for 1.0 minutes...
2026-03-17 17:42:03,565 [INFO] Waking up to check market conditions...
2026-03-17 17:42:03,620 [INFO] Long signal missed: current price too far from entry level. EntryLevel=5005.24, Bid=5013.17, MaxSlippagePoints=10
2026-03-17 17:42:03,620 [INFO] Sleeping for 1.0 minutes...
2026-03-17 17:42:06,888 [INFO] Waking up to check market conditions...
2026-03-17 17:42:06,960 [INFO] Uptrend active. No long trigger on last closed candle. EntryLevel=73904.69, CandleOpen=74152.06, CandleLow=74076.31
2026-03-17 17:42:06,966 [INFO] Pairs: BTCUSD
2026-03-17 17:42:06,966 [INFO] Sleeping for 1.0 minutes...
2026-03-17 17:43:03,630 [INFO] Waking up to check market conditions...
2026-03-17 17:43:03,681 [INFO] Long signal missed: current price too far from entry level. EntryLevel=5005.24, Bid=5013.12, MaxSlippagePoints=10
2026-03-17 17:43:03,681 [INFO] Sleeping for 1.0 minutes...
2026-03-17 17:43:06,967 [INFO] Waking up to check market conditions...
2026-03-17 17:43:07,014 [INFO] Uptrend active. No long trigger on last closed candle. EntryLevel=73904.69, CandleOpen=74152.06, CandleLow=74076.31
2026-03-17 17:43:07,018 [INFO] Pairs: BTCUSD
2026-03-17 17:43:07,018 [INFO] Sleeping for 1.0 minutes...
2026-03-17 17:44:03,685 [INFO] Waking up to check market conditions...
2026-03-17 17:44:03,781 [INFO] Long signal missed: current price too far from entry level. EntryLevel=5005.24, Bid=5013.15, MaxSlippagePoints=10
2026-03-17 17:44:03,781 [INFO] Sleeping for 1.0 minutes...
2026-03-17 17:44:07,027 [INFO] Waking up to check market conditions...
2026-03-17 17:44:07,082 [INFO] Uptrend active. No long trigger on last closed candle. EntryLevel=73904.69, CandleOpen=74152.06, CandleLow=74076.31
2026-03-17 17:44:07,082 [INFO] Pairs: BTCUSD
2026-03-17 17:44:07,082 [INFO] Sleeping for 1.0 minutes...
2026-03-17 17:45:03,794 [INFO] Waking up to check market conditions...
2026-03-17 17:45:03,841 [INFO] Uptrend active. No long trigger on last closed candle. EntryLevel=5005.24, CandleOpen=5011.99, CandleLow=5010.11
2026-03-17 17:45:03,846 [INFO] Sleeping for 1.0 minutes...
2026-03-17 17:45:07,087 [INFO] Waking up to check market conditions...
2026-03-17 17:45:07,146 [INFO] Uptrend active. No long trigger on last closed candle. EntryLevel=73904.69, CandleOpen=74218.22, CandleLow=73941.11
2026-03-17 17:45:07,146 [INFO] Pairs: BTCUSD
2026-03-17 17:45:07,146 [INFO] Sleeping for 1.0 minutes...
2026-03-17 17:46:03,850 [INFO] Waking up to check market conditions...
2026-03-17 17:46:03,992 [INFO] Uptrend active. No long trigger on last closed candle. EntryLevel=5005.24, CandleOpen=5011.99, CandleLow=5010.11
2026-03-17 17:46:03,992 [INFO] Sleeping for 1.0 minutes...
2026-03-17 17:46:07,156 [INFO] Waking up to check market conditions...
2026-03-17 17:46:07,201 [INFO] Uptrend active. No long trigger on last closed candle. EntryLevel=73904.69, CandleOpen=74218.22, CandleLow=73941.11
2026-03-17 17:46:07,205 [INFO] Pairs: BTCUSD
2026-03-17 17:46:07,205 [INFO] Sleeping for 1.0 minutes...
2026-03-17 17:47:04,018 [INFO] Waking up to check market conditions...
2026-03-17 17:47:04,309 [INFO] Uptrend active. No long trigger on last closed candle. EntryLevel=5005.24, CandleOpen=5011.99, CandleLow=5010.11
2026-03-17 17:47:04,309 [INFO] Sleeping for 1.0 minutes...
2026-03-17 17:47:07,212 [INFO] Waking up to check market conditions...
2026-03-17 17:47:07,314 [INFO] Uptrend active. No long trigger on last closed candle. EntryLevel=73904.69, CandleOpen=74218.22, CandleLow=73941.11
2026-03-17 17:47:07,314 [INFO] Pairs: BTCUSD
2026-03-17 17:47:07,317 [INFO] Sleeping for 1.0 minutes...
2026-03-17 17:49:34,443 [INFO] Waking up to check market conditions...
2026-03-17 17:49:34,510 [INFO] Uptrend active. No long trigger on last closed candle. EntryLevel=5005.24, CandleOpen=5011.99, CandleLow=5010.11
2026-03-17 17:49:34,510 [INFO] Sleeping for 1.0 minutes...
2026-03-17 17:49:37,452 [INFO] Waking up to check market conditions...
2026-03-17 17:49:37,524 [INFO] Uptrend active. No long trigger on last closed candle. EntryLevel=73904.69, CandleOpen=74218.22, CandleLow=73941.11
2026-03-17 17:49:37,524 [INFO] Pairs: BTCUSD
2026-03-17 17:49:37,524 [INFO] Sleeping for 1.0 minutes...
2026-03-17 17:50:34,528 [INFO] Waking up to check market conditions...
2026-03-17 17:50:34,591 [INFO] Uptrend active. No long trigger on last closed candle. EntryLevel=5005.24, CandleOpen=5011.99, CandleLow=5010.11
2026-03-17 17:50:34,591 [INFO] Sleeping for 1.0 minutes...
2026-03-17 17:50:37,532 [INFO] Waking up to check market conditions...
2026-03-17 17:50:37,630 [INFO] Uptrend active. No long trigger on last closed candle. EntryLevel=73904.69, CandleOpen=74218.22, CandleLow=73941.11
2026-03-17 17:50:37,632 [INFO] Pairs: BTCUSD
2026-03-17 17:50:37,632 [INFO] Sleeping for 1.0 minutes...
2026-03-17 17:51:34,595 [INFO] Waking up to check market conditions...
2026-03-17 17:51:34,669 [INFO] Uptrend active. No long trigger on last closed candle. EntryLevel=5005.24, CandleOpen=5011.99, CandleLow=5010.11
2026-03-17 17:51:34,669 [INFO] Sleeping for 1.0 minutes...
2026-03-17 17:51:37,643 [INFO] Waking up to check market conditions...
2026-03-17 17:51:37,705 [INFO] Uptrend active. No long trigger on last closed candle. EntryLevel=73904.69, CandleOpen=74218.22, CandleLow=73941.11
2026-03-17 17:51:37,710 [INFO] Pairs: BTCUSD
2026-03-17 17:51:37,710 [INFO] Sleeping for 1.0 minutes...
2026-03-17 17:52:34,674 [INFO] Waking up to check market conditions...
2026-03-17 17:52:34,729 [INFO] Uptrend active. No long trigger on last closed candle. EntryLevel=5005.24, CandleOpen=5011.99, CandleLow=5010.11
2026-03-17 17:52:34,729 [INFO] Sleeping for 1.0 minutes...
2026-03-17 17:52:37,720 [INFO] Waking up to check market conditions...
2026-03-17 17:52:37,782 [INFO] Uptrend active. No long trigger on last closed candle. EntryLevel=73904.69, CandleOpen=74218.22, CandleLow=73941.11
2026-03-17 17:52:37,782 [INFO] Pairs: BTCUSD
2026-03-17 17:52:37,782 [INFO] Sleeping for 1.0 minutes...
2026-03-17 17:53:34,736 [INFO] Waking up to check market conditions...
2026-03-17 17:53:34,813 [INFO] Uptrend active. No long trigger on last closed candle. EntryLevel=5005.24, CandleOpen=5011.99, CandleLow=5010.11
2026-03-17 17:53:34,816 [INFO] Sleeping for 1.0 minutes...
2026-03-17 17:53:37,787 [INFO] Waking up to check market conditions...
2026-03-17 17:53:37,898 [INFO] Uptrend active. No long trigger on last closed candle. EntryLevel=73904.69, CandleOpen=74218.22, CandleLow=73941.11
2026-03-17 17:53:37,900 [INFO] Pairs: BTCUSD
2026-03-17 17:53:37,902 [INFO] Sleeping for 1.0 minutes...
2026-03-17 17:54:34,819 [INFO] Waking up to check market conditions...
2026-03-17 17:54:34,938 [INFO] Uptrend active. No long trigger on last closed candle. EntryLevel=5005.24, CandleOpen=5011.99, CandleLow=5010.11
2026-03-17 17:54:34,940 [INFO] Sleeping for 1.0 minutes...
2026-03-17 17:54:37,918 [INFO] Waking up to check market conditions...
2026-03-17 17:54:37,978 [INFO] Uptrend active. No long trigger on last closed candle. EntryLevel=73904.69, CandleOpen=74218.22, CandleLow=73941.11
2026-03-17 17:54:37,978 [INFO] Pairs: BTCUSD
2026-03-17 17:54:37,978 [INFO] Sleeping for 1.0 minutes...
2026-03-17 17:55:34,948 [INFO] Waking up to check market conditions...
2026-03-17 17:55:35,022 [INFO] Uptrend active. No long trigger on last closed candle. EntryLevel=5005.24, CandleOpen=5011.99, CandleLow=5010.11
2026-03-17 17:55:35,022 [INFO] Sleeping for 1.0 minutes...
2026-03-17 17:55:37,983 [INFO] Waking up to check market conditions...
2026-03-17 17:55:38,038 [INFO] Uptrend active. No long trigger on last closed candle. EntryLevel=73904.69, CandleOpen=74218.22, CandleLow=73941.11
2026-03-17 17:55:38,040 [INFO] Pairs: BTCUSD
2026-03-17 17:55:38,040 [INFO] Sleeping for 1.0 minutes...
2026-03-17 17:56:35,031 [INFO] Waking up to check market conditions...
2026-03-17 17:56:35,099 [INFO] Uptrend active. No long trigger on last closed candle. EntryLevel=5005.24, CandleOpen=5011.99, CandleLow=5010.11
2026-03-17 17:56:35,103 [INFO] Sleeping for 1.0 minutes...
2026-03-17 17:56:38,046 [INFO] Waking up to check market conditions...
2026-03-17 17:56:38,116 [INFO] Uptrend active. No long trigger on last closed candle. EntryLevel=73904.69, CandleOpen=74218.22, CandleLow=73941.11
2026-03-17 17:56:38,118 [INFO] Pairs: BTCUSD
2026-03-17 17:56:38,118 [INFO] Sleeping for 1.0 minutes...
2026-03-17 17:57:35,105 [INFO] Waking up to check market conditions...
2026-03-17 17:57:35,172 [INFO] Uptrend active. No long trigger on last closed candle. EntryLevel=5005.24, CandleOpen=5011.99, CandleLow=5010.11
2026-03-17 17:57:35,172 [INFO] Sleeping for 1.0 minutes...
2026-03-17 17:57:38,120 [INFO] Waking up to check market conditions...
2026-03-17 17:57:38,179 [INFO] Uptrend active. No long trigger on last closed candle. EntryLevel=73904.69, CandleOpen=74218.22, CandleLow=73941.11
2026-03-17 17:57:38,179 [INFO] Pairs: BTCUSD
2026-03-17 17:57:38,179 [INFO] Sleeping for 1.0 minutes...
2026-03-17 17:58:35,179 [INFO] Waking up to check market conditions...
2026-03-17 17:58:35,244 [INFO] Uptrend active. No long trigger on last closed candle. EntryLevel=5005.24, CandleOpen=5011.99, CandleLow=5010.11
2026-03-17 17:58:35,246 [INFO] Sleeping for 1.0 minutes...
2026-03-17 17:58:38,183 [INFO] Waking up to check market conditions...
2026-03-17 17:58:38,249 [INFO] Uptrend active. No long trigger on last closed candle. EntryLevel=73904.69, CandleOpen=74218.22, CandleLow=73941.11
2026-03-17 17:58:38,249 [INFO] Pairs: BTCUSD
2026-03-17 17:58:38,249 [INFO] Sleeping for 1.0 minutes...
2026-03-17 17:59:35,252 [INFO] Waking up to check market conditions...
2026-03-17 17:59:35,301 [INFO] Uptrend active. No long trigger on last closed candle. EntryLevel=5005.24, CandleOpen=5011.99, CandleLow=5010.11
2026-03-17 17:59:35,301 [INFO] Sleeping for 1.0 minutes...
2026-03-17 17:59:38,258 [INFO] Waking up to check market conditions...
2026-03-17 17:59:38,318 [INFO] Uptrend active. No long trigger on last closed candle. EntryLevel=73904.69, CandleOpen=74218.22, CandleLow=73941.11
2026-03-17 17:59:38,318 [INFO] Pairs: BTCUSD
2026-03-17 17:59:38,322 [INFO] Sleeping for 1.0 minutes...
2026-03-17 18:00:35,309 [INFO] Waking up to check market conditions...
2026-03-17 18:00:35,363 [INFO] Long signal missed: current price too far from entry level. EntryLevel=5013.38, Bid=5009.42, MaxSlippagePoints=10
2026-03-17 18:00:35,363 [INFO] Sleeping for 1.0 minutes...
2026-03-17 18:00:38,329 [INFO] Waking up to check market conditions...
2026-03-17 18:00:38,404 [INFO] Uptrend active. No long trigger on last closed candle. EntryLevel=73904.69, CandleOpen=73975.09, CandleLow=73929.22
2026-03-17 18:00:38,404 [INFO] Pairs: BTCUSD
2026-03-17 18:00:38,408 [INFO] Sleeping for 1.0 minutes...
2026-03-17 18:01:35,375 [INFO] Waking up to check market conditions...
2026-03-17 18:01:35,589 [INFO] Long condition met on closed candle. Open=5014.92, Low=5008.30, EntryLevel=5013.38, CurrentBid=5013.39, CurrentAsk=5013.63
2026-03-17 18:01:35,597 [INFO] Sending Order: {'action': 1, 'symbol': 'XAUUSD', 'volume': 0.12, 'type': 0, 'price': 5013.63, 'sl': 5004.96, 'tp': 5044.31, 'deviation': 20, 'magic': 1001001, 'comment': 'Fib Bot Trade', 'type_time': 0, 'type_filling': 2}
2026-03-17 18:01:35,606 [ERROR] Order failed. retcode=10030 comment=Unsupported filling mode request={'action': 1, 'symbol': 'XAUUSD', 'volume': 0.12, 'type': 0, 'price': 5013.63, 'sl': 5004.96, 'tp': 5044.31, 'deviation': 20, 'magic': 1001001, 'comment': 'Fib Bot Trade', 'type_time': 0, 'type_filling': 2} details={'retcode': 10030, 'deal': 0, 'order': 0, 'volume': 0.0, 'price': 0.0, 'bid': 0.0, 'ask': 0.0, 'comment': 'Unsupported filling mode', 'request_id': 0, 'retcode_external': 0, 'request': TradeRequest(action=1, magic=1001001, order=0, symbol='XAUUSD', volume=0.12, price=5013.63, stoplimit=0.0, sl=5004.96, tp=5044.31, deviation=20, type=0, type_filling=2, type_time=0, expiration=0, comment='Fib Bot Trade', position=0, position_by=0)}
2026-03-17 18:01:35,610 [INFO] Sleeping for 1.0 minutes...
2026-03-17 18:01:38,416 [INFO] Waking up to check market conditions...
2026-03-17 18:01:38,475 [INFO] Uptrend active. No long trigger on last closed candle. EntryLevel=73904.69, CandleOpen=73975.09, CandleLow=73929.22
2026-03-17 18:01:38,475 [INFO] Pairs: BTCUSD
2026-03-17 18:01:38,475 [INFO] Sleeping for 1.0 minutes...
2026-03-17 18:02:35,620 [INFO] Waking up to check market conditions...
2026-03-17 18:02:35,841 [INFO] Long signal missed: current price too far from entry level. EntryLevel=5013.38, Bid=5015.13, MaxSlippagePoints=10
2026-03-17 18:02:35,851 [INFO] Sleeping for 1.0 minutes...
2026-03-17 18:02:38,479 [INFO] Waking up to check market conditions...
2026-03-17 18:02:38,580 [INFO] Uptrend active. No long trigger on last closed candle. EntryLevel=73904.69, CandleOpen=73975.09, CandleLow=73929.22
2026-03-17 18:02:38,596 [INFO] Pairs: BTCUSD
2026-03-17 18:02:38,598 [INFO] Sleeping for 1.0 minutes...
2026-03-17 18:03:35,930 [INFO] Waking up to check market conditions...
2026-03-17 18:03:36,432 [INFO] Long signal missed: current price too far from entry level. EntryLevel=5013.38, Bid=5009.84, MaxSlippagePoints=10
2026-03-17 18:03:36,434 [INFO] Sleeping for 1.0 minutes...
2026-03-17 18:03:38,623 [INFO] Waking up to check market conditions...
2026-03-17 18:03:38,757 [INFO] Uptrend active. No long trigger on last closed candle. EntryLevel=73904.69, CandleOpen=73975.09, CandleLow=73929.22
2026-03-17 18:03:38,759 [INFO] Pairs: BTCUSD
2026-03-17 18:03:38,759 [INFO] Sleeping for 1.0 minutes...
2026-03-17 18:04:36,465 [INFO] Waking up to check market conditions...
2026-03-17 18:04:38,017 [INFO] Long signal missed: current price too far from entry level. EntryLevel=5013.38, Bid=5007.87, MaxSlippagePoints=10
2026-03-17 18:04:38,055 [INFO] Sleeping for 1.0 minutes...
2026-03-17 18:04:38,789 [INFO] Waking up to check market conditions...
2026-03-17 18:04:39,571 [INFO] Uptrend active. No long trigger on last closed candle. EntryLevel=73904.69, CandleOpen=73975.09, CandleLow=73929.22
2026-03-17 18:04:39,605 [INFO] Pairs: BTCUSD
2026-03-17 18:04:39,605 [INFO] Sleeping for 1.0 minutes...
2026-03-17 18:05:38,060 [INFO] Waking up to check market conditions...
2026-03-17 18:05:38,250 [INFO] Long signal missed: current price too far from entry level. EntryLevel=5013.38, Bid=5009.02, MaxSlippagePoints=10
2026-03-17 18:05:38,250 [INFO] Sleeping for 1.0 minutes...
2026-03-17 18:05:39,615 [INFO] Waking up to check market conditions...
2026-03-17 18:05:39,743 [INFO] Uptrend active. No long trigger on last closed candle. EntryLevel=73904.69, CandleOpen=73975.09, CandleLow=73929.22
2026-03-17 18:05:39,743 [INFO] Pairs: BTCUSD
2026-03-17 18:05:39,747 [INFO] Sleeping for 1.0 minutes...
2026-03-17 18:06:38,258 [INFO] Waking up to check market conditions...
2026-03-17 18:06:38,330 [INFO] Long signal missed: current price too far from entry level. EntryLevel=5013.38, Bid=5005.54, MaxSlippagePoints=10
2026-03-17 18:06:38,330 [INFO] Sleeping for 1.0 minutes...
2026-03-17 18:06:39,750 [INFO] Waking up to check market conditions...
2026-03-17 18:06:39,870 [INFO] Uptrend active. No long trigger on last closed candle. EntryLevel=73904.69, CandleOpen=73975.09, CandleLow=73929.22
2026-03-17 18:06:39,870 [INFO] Pairs: BTCUSD
2026-03-17 18:06:39,870 [INFO] Sleeping for 1.0 minutes...
2026-03-17 18:07:38,331 [INFO] Waking up to check market conditions...
2026-03-17 18:07:38,404 [INFO] Long signal missed: current price too far from entry level. EntryLevel=5013.38, Bid=5005.49, MaxSlippagePoints=10
2026-03-17 18:07:38,407 [INFO] Sleeping for 1.0 minutes...
2026-03-17 18:07:39,885 [INFO] Waking up to check market conditions...
2026-03-17 18:07:39,950 [INFO] Uptrend active. No long trigger on last closed candle. EntryLevel=73904.69, CandleOpen=73975.09, CandleLow=73929.22
2026-03-17 18:07:39,950 [INFO] Pairs: BTCUSD
2026-03-17 18:07:39,950 [INFO] Sleeping for 1.0 minutes...
2026-03-17 18:08:38,411 [INFO] Waking up to check market conditions...
2026-03-17 18:08:38,481 [INFO] Long signal missed: current price too far from entry level. EntryLevel=5013.38, Bid=5004.57, MaxSlippagePoints=10
2026-03-17 18:08:38,481 [INFO] Sleeping for 1.0 minutes...
2026-03-17 18:08:39,950 [INFO] Waking up to check market conditions...
2026-03-17 18:08:40,031 [INFO] Uptrend active. No long trigger on last closed candle. EntryLevel=73904.69, CandleOpen=73975.09, CandleLow=73929.22
2026-03-17 18:08:40,033 [INFO] Pairs: BTCUSD
2026-03-17 18:08:40,033 [INFO] Sleeping for 1.0 minutes...
2026-03-17 18:09:38,489 [INFO] Waking up to check market conditions...
2026-03-17 18:09:38,546 [INFO] Long signal missed: current price too far from entry level. EntryLevel=5013.38, Bid=5002.51, MaxSlippagePoints=10
2026-03-17 18:09:38,546 [INFO] Sleeping for 1.0 minutes...
2026-03-17 18:09:40,038 [INFO] Waking up to check market conditions...
2026-03-17 18:09:40,101 [INFO] Uptrend active. No long trigger on last closed candle. EntryLevel=73904.69, CandleOpen=73975.09, CandleLow=73929.22
2026-03-17 18:09:40,103 [INFO] Pairs: BTCUSD
2026-03-17 18:09:40,103 [INFO] Sleeping for 1.0 minutes...
2026-03-17 18:10:38,554 [INFO] Waking up to check market conditions...
2026-03-17 18:10:38,614 [INFO] Long signal missed: current price too far from entry level. EntryLevel=5013.38, Bid=5003.19, MaxSlippagePoints=10
2026-03-17 18:10:38,614 [INFO] Sleeping for 1.0 minutes...
2026-03-17 18:10:40,108 [INFO] Waking up to check market conditions...
2026-03-17 18:10:40,219 [INFO] Uptrend active. No long trigger on last closed candle. EntryLevel=73904.69, CandleOpen=73975.09, CandleLow=73929.22
2026-03-17 18:10:40,219 [INFO] Pairs: BTCUSD
2026-03-17 18:10:40,219 [INFO] Sleeping for 1.0 minutes...
2026-03-17 18:11:38,623 [INFO] Waking up to check market conditions...
2026-03-17 18:11:38,759 [INFO] Long signal missed: current price too far from entry level. EntryLevel=5013.38, Bid=5005.55, MaxSlippagePoints=10
2026-03-17 18:11:38,759 [INFO] Sleeping for 1.0 minutes...
2026-03-17 18:11:40,231 [INFO] Waking up to check market conditions...
2026-03-17 18:11:40,410 [INFO] Uptrend active. No long trigger on last closed candle. EntryLevel=73904.69, CandleOpen=73975.09, CandleLow=73929.22
2026-03-17 18:11:40,414 [INFO] Pairs: BTCUSD
2026-03-17 18:11:40,414 [INFO] Sleeping for 1.0 minutes...
2026-03-17 18:12:38,773 [INFO] Waking up to check market conditions...
2026-03-17 18:12:38,851 [INFO] Long signal missed: current price too far from entry level. EntryLevel=5013.38, Bid=5004.15, MaxSlippagePoints=10
2026-03-17 18:12:38,856 [INFO] Sleeping for 1.0 minutes...
2026-03-17 18:12:40,417 [INFO] Waking up to check market conditions...
2026-03-17 18:12:40,492 [INFO] Uptrend active. No long trigger on last closed candle. EntryLevel=73904.69, CandleOpen=73975.09, CandleLow=73929.22
2026-03-17 18:12:40,492 [INFO] Pairs: BTCUSD
2026-03-17 18:12:40,492 [INFO] Sleeping for 1.0 minutes...
2026-03-17 18:13:38,858 [INFO] Waking up to check market conditions...
2026-03-17 18:13:38,946 [INFO] Long signal missed: current price too far from entry level. EntryLevel=5013.38, Bid=5005.36, MaxSlippagePoints=10
2026-03-17 18:13:38,947 [INFO] Sleeping for 1.0 minutes...
2026-03-17 18:13:40,502 [INFO] Waking up to check market conditions...
2026-03-17 18:13:40,581 [INFO] Uptrend active. No long trigger on last closed candle. EntryLevel=73904.69, CandleOpen=73975.09, CandleLow=73929.22
2026-03-17 18:13:40,581 [INFO] Pairs: BTCUSD
2026-03-17 18:13:40,581 [INFO] Sleeping for 1.0 minutes...
2026-03-17 18:14:38,952 [INFO] Waking up to check market conditions...
2026-03-17 18:14:39,003 [INFO] Long signal missed: current price too far from entry level. EntryLevel=5013.38, Bid=5004.36, MaxSlippagePoints=10
2026-03-17 18:14:39,007 [INFO] Sleeping for 1.0 minutes...
2026-03-17 18:14:40,584 [INFO] Waking up to check market conditions...
2026-03-17 18:14:40,643 [INFO] Uptrend active. No long trigger on last closed candle. EntryLevel=73904.69, CandleOpen=73975.09, CandleLow=73929.22
2026-03-17 18:14:40,643 [INFO] Pairs: BTCUSD
2026-03-17 18:14:40,647 [INFO] Sleeping for 1.0 minutes...
2026-03-17 18:15:39,009 [INFO] Waking up to check market conditions...
2026-03-17 18:15:39,071 [INFO] Uptrend active. No long trigger on last closed candle. EntryLevel=5013.38, CandleOpen=5009.98, CandleLow=5009.26
2026-03-17 18:15:39,071 [INFO] Sleeping for 1.0 minutes...
2026-03-17 18:15:40,652 [INFO] Waking up to check market conditions...
2026-03-17 18:15:40,719 [INFO] Uptrend active. No long trigger on last closed candle. EntryLevel=73904.69, CandleOpen=74075.74, CandleLow=74058.26
2026-03-17 18:15:40,719 [INFO] Pairs: BTCUSD
2026-03-17 18:15:40,723 [INFO] Sleeping for 1.0 minutes...
2026-03-17 18:16:39,078 [INFO] Waking up to check market conditions...
2026-03-17 18:16:39,140 [INFO] Uptrend active. No long trigger on last closed candle. EntryLevel=5013.38, CandleOpen=5009.98, CandleLow=5009.26
2026-03-17 18:16:39,140 [INFO] Sleeping for 1.0 minutes...
2026-03-17 18:16:40,725 [INFO] Waking up to check market conditions...
2026-03-17 18:16:40,793 [INFO] Uptrend active. No long trigger on last closed candle. EntryLevel=73904.69, CandleOpen=74075.74, CandleLow=74058.26
2026-03-17 18:16:40,797 [INFO] Pairs: BTCUSD
2026-03-17 18:16:40,797 [INFO] Sleeping for 1.0 minutes...
2026-03-17 18:17:39,150 [INFO] Waking up to check market conditions...
2026-03-17 18:17:39,209 [INFO] Uptrend active. No long trigger on last closed candle. EntryLevel=5013.38, CandleOpen=5009.98, CandleLow=5009.26
2026-03-17 18:17:39,209 [INFO] Sleeping for 1.0 minutes...
2026-03-17 18:17:40,798 [INFO] Waking up to check market conditions...
2026-03-17 18:17:40,870 [INFO] Uptrend active. No long trigger on last closed candle. EntryLevel=73904.69, CandleOpen=74075.74, CandleLow=74058.26
2026-03-17 18:17:40,870 [INFO] Pairs: BTCUSD
2026-03-17 18:17:40,874 [INFO] Sleeping for 1.0 minutes...
2026-03-17 18:18:39,221 [INFO] Waking up to check market conditions...
2026-03-17 18:18:39,334 [INFO] Uptrend active. No long trigger on last closed candle. EntryLevel=5013.38, CandleOpen=5009.98, CandleLow=5009.26
2026-03-17 18:18:39,334 [INFO] Sleeping for 1.0 minutes...
2026-03-17 18:18:40,882 [INFO] Waking up to check market conditions...
2026-03-17 18:18:40,958 [INFO] Uptrend active. No long trigger on last closed candle. EntryLevel=73904.69, CandleOpen=74075.74, CandleLow=74058.26
2026-03-17 18:18:40,958 [INFO] Pairs: BTCUSD
2026-03-17 18:18:40,960 [INFO] Sleeping for 1.0 minutes...
2026-03-17 18:19:39,334 [INFO] Waking up to check market conditions...
2026-03-17 18:19:39,422 [INFO] Uptrend active. No long trigger on last closed candle. EntryLevel=5013.38, CandleOpen=5009.98, CandleLow=5009.26
2026-03-17 18:19:39,422 [INFO] Sleeping for 1.0 minutes...
2026-03-17 18:19:40,967 [INFO] Waking up to check market conditions...
2026-03-17 18:19:41,050 [INFO] Uptrend active. No long trigger on last closed candle. EntryLevel=73904.69, CandleOpen=74075.74, CandleLow=74058.26
2026-03-17 18:19:41,050 [INFO] Pairs: BTCUSD
2026-03-17 18:19:41,052 [INFO] Sleeping for 1.0 minutes...
2026-03-17 18:20:39,434 [INFO] Waking up to check market conditions...
2026-03-17 18:20:39,477 [INFO] Uptrend active. No long trigger on last closed candle. EntryLevel=5013.38, CandleOpen=5009.98, CandleLow=5009.26
2026-03-17 18:20:39,477 [INFO] Sleeping for 1.0 minutes...
2026-03-17 18:20:41,064 [INFO] Waking up to check market conditions...
2026-03-17 18:20:41,101 [INFO] Uptrend active. No long trigger on last closed candle. EntryLevel=73904.69, CandleOpen=74075.74, CandleLow=74058.26
2026-03-17 18:20:41,101 [INFO] Pairs: BTCUSD
2026-03-17 18:20:41,101 [INFO] Sleeping for 1.0 minutes...
2026-03-17 18:21:39,488 [INFO] Waking up to check market conditions...
2026-03-17 18:21:39,560 [INFO] Uptrend active. No long trigger on last closed candle. EntryLevel=5013.38, CandleOpen=5009.98, CandleLow=5009.26
2026-03-17 18:21:39,560 [INFO] Sleeping for 1.0 minutes...
2026-03-17 18:21:41,117 [INFO] Waking up to check market conditions...
2026-03-17 18:21:41,172 [INFO] Uptrend active. No long trigger on last closed candle. EntryLevel=73904.69, CandleOpen=74075.74, CandleLow=74058.26
2026-03-17 18:21:41,172 [INFO] Pairs: BTCUSD
2026-03-17 18:21:41,172 [INFO] Sleeping for 1.0 minutes...
2026-03-17 18:22:39,571 [INFO] Waking up to check market conditions...
2026-03-17 18:22:39,627 [INFO] Uptrend active. No long trigger on last closed candle. EntryLevel=5013.38, CandleOpen=5009.98, CandleLow=5009.26
2026-03-17 18:22:39,629 [INFO] Sleeping for 1.0 minutes...
2026-03-17 18:22:41,177 [INFO] Waking up to check market conditions...
2026-03-17 18:22:41,227 [INFO] Uptrend active. No long trigger on last closed candle. EntryLevel=73904.69, CandleOpen=74075.74, CandleLow=74058.26
2026-03-17 18:22:41,227 [INFO] Pairs: BTCUSD
2026-03-17 18:22:41,227 [INFO] Sleeping for 1.0 minutes...
2026-03-17 18:23:39,636 [INFO] Waking up to check market conditions...
2026-03-17 18:23:39,694 [INFO] Uptrend active. No long trigger on last closed candle. EntryLevel=5013.38, CandleOpen=5009.98, CandleLow=5009.26
2026-03-17 18:23:39,694 [INFO] Sleeping for 1.0 minutes...
2026-03-17 18:23:41,234 [INFO] Waking up to check market conditions...
2026-03-17 18:23:41,297 [INFO] Uptrend active. No long trigger on last closed candle. EntryLevel=73904.69, CandleOpen=74075.74, CandleLow=74058.26
2026-03-17 18:23:41,297 [INFO] Pairs: BTCUSD
2026-03-17 18:23:41,297 [INFO] Sleeping for 1.0 minutes...
2026-03-17 18:24:39,704 [INFO] Waking up to check market conditions...
2026-03-17 18:24:39,763 [INFO] Uptrend active. No long trigger on last closed candle. EntryLevel=5013.38, CandleOpen=5009.98, CandleLow=5009.26
2026-03-17 18:24:39,763 [INFO] Sleeping for 1.0 minutes...
2026-03-17 18:24:41,313 [INFO] Waking up to check market conditions...
2026-03-17 18:24:41,360 [INFO] Uptrend active. No long trigger on last closed candle. EntryLevel=73904.69, CandleOpen=74075.74, CandleLow=74058.26
2026-03-17 18:24:41,360 [INFO] Pairs: BTCUSD
2026-03-17 18:24:41,364 [INFO] Sleeping for 1.0 minutes...
2026-03-17 18:25:39,773 [INFO] Waking up to check market conditions...
2026-03-17 18:25:39,836 [INFO] Uptrend active. No long trigger on last closed candle. EntryLevel=5013.38, CandleOpen=5009.98, CandleLow=5009.26
2026-03-17 18:25:39,836 [INFO] Sleeping for 1.0 minutes...
2026-03-17 18:25:41,377 [INFO] Waking up to check market conditions...
2026-03-17 18:25:41,443 [INFO] Uptrend active. No long trigger on last closed candle. EntryLevel=73904.69, CandleOpen=74075.74, CandleLow=74058.26
2026-03-17 18:25:41,445 [INFO] Pairs: BTCUSD
2026-03-17 18:25:41,445 [INFO] Sleeping for 1.0 minutes...
2026-03-17 18:26:39,847 [INFO] Waking up to check market conditions...
2026-03-17 18:26:39,909 [INFO] Uptrend active. No long trigger on last closed candle. EntryLevel=5013.38, CandleOpen=5009.98, CandleLow=5009.26
2026-03-17 18:26:39,913 [INFO] Sleeping for 1.0 minutes...
2026-03-17 18:26:41,458 [INFO] Waking up to check market conditions...
2026-03-17 18:26:41,520 [INFO] Uptrend active. No long trigger on last closed candle. EntryLevel=73904.69, CandleOpen=74075.74, CandleLow=74058.26
2026-03-17 18:26:41,520 [INFO] Pairs: BTCUSD
2026-03-17 18:26:41,520 [INFO] Sleeping for 1.0 minutes...
2026-03-17 18:27:39,922 [INFO] Waking up to check market conditions...
2026-03-17 18:27:39,981 [INFO] Uptrend active. No long trigger on last closed candle. EntryLevel=5013.38, CandleOpen=5009.98, CandleLow=5009.26
2026-03-17 18:27:39,981 [INFO] Sleeping for 1.0 minutes...
2026-03-17 18:27:41,521 [INFO] Waking up to check market conditions...
2026-03-17 18:27:41,579 [INFO] Uptrend active. No long trigger on last closed candle. EntryLevel=73904.69, CandleOpen=74075.74, CandleLow=74058.26
2026-03-17 18:27:41,579 [INFO] Pairs: BTCUSD
2026-03-17 18:27:41,579 [INFO] Sleeping for 1.0 minutes...
2026-03-17 18:28:39,984 [INFO] Waking up to check market conditions...
2026-03-17 18:28:40,068 [INFO] Uptrend active. No long trigger on last closed candle. EntryLevel=5013.38, CandleOpen=5009.98, CandleLow=5009.26
2026-03-17 18:28:40,068 [INFO] Sleeping for 1.0 minutes...
2026-03-17 18:28:41,584 [INFO] Waking up to check market conditions...
2026-03-17 18:28:41,666 [INFO] Uptrend active. No long trigger on last closed candle. EntryLevel=73904.69, CandleOpen=74075.74, CandleLow=74058.26
2026-03-17 18:28:41,666 [INFO] Pairs: BTCUSD
2026-03-17 18:28:41,670 [INFO] Sleeping for 1.0 minutes...
2026-03-17 18:29:40,081 [INFO] Waking up to check market conditions...
2026-03-17 18:29:40,152 [INFO] Uptrend active. No long trigger on last closed candle. EntryLevel=5013.38, CandleOpen=5009.98, CandleLow=5009.26
2026-03-17 18:29:40,152 [INFO] Sleeping for 1.0 minutes...
2026-03-17 18:29:41,682 [INFO] Waking up to check market conditions...
2026-03-17 18:29:41,753 [INFO] Uptrend active. No long trigger on last closed candle. EntryLevel=73904.69, CandleOpen=74075.74, CandleLow=74058.26
2026-03-17 18:29:41,754 [INFO] Pairs: BTCUSD
2026-03-17 18:29:41,754 [INFO] Sleeping for 1.0 minutes...
2026-03-17 18:30:40,158 [INFO] Waking up to check market conditions...
2026-03-17 18:30:40,234 [INFO] Long signal missed: current price too far from entry level. EntryLevel=5013.38, Bid=5006.15, MaxSlippagePoints=10
2026-03-17 18:30:40,234 [INFO] Sleeping for 1.0 minutes...
2026-03-17 18:30:41,756 [INFO] Waking up to check market conditions...
2026-03-17 18:30:41,802 [INFO] Uptrend active. No long trigger on last closed candle. EntryLevel=73904.69, CandleOpen=74337.66, CandleLow=74309.78
2026-03-17 18:30:41,802 [INFO] Pairs: BTCUSD
2026-03-17 18:30:41,802 [INFO] Sleeping for 1.0 minutes...
2026-03-17 18:31:40,246 [INFO] Waking up to check market conditions...
2026-03-17 18:31:40,325 [INFO] Long signal missed: current price too far from entry level. EntryLevel=5013.38, Bid=5007.43, MaxSlippagePoints=10
2026-03-17 18:31:40,325 [INFO] Sleeping for 1.0 minutes...
2026-03-17 18:31:41,813 [INFO] Waking up to check market conditions...
2026-03-17 18:31:41,873 [INFO] Uptrend active. No long trigger on last closed candle. EntryLevel=73904.69, CandleOpen=74337.66, CandleLow=74309.78
2026-03-17 18:31:41,873 [INFO] Pairs: BTCUSD
2026-03-17 18:31:41,874 [INFO] Sleeping for 1.0 minutes...
2026-03-17 18:32:40,337 [INFO] Waking up to check market conditions...
2026-03-17 18:32:40,396 [INFO] Long signal missed: current price too far from entry level. EntryLevel=5013.38, Bid=5006.39, MaxSlippagePoints=10
2026-03-17 18:32:40,400 [INFO] Sleeping for 1.0 minutes...
2026-03-17 18:32:41,884 [INFO] Waking up to check market conditions...
2026-03-17 18:32:41,951 [INFO] Uptrend active. No long trigger on last closed candle. EntryLevel=73904.69, CandleOpen=74337.66, CandleLow=74309.78
2026-03-17 18:32:41,951 [INFO] Pairs: BTCUSD
2026-03-17 18:32:41,955 [INFO] Sleeping for 1.0 minutes...
2026-03-17 18:33:40,408 [INFO] Waking up to check market conditions...
2026-03-17 18:33:40,468 [INFO] Long signal missed: current price too far from entry level. EntryLevel=5013.38, Bid=5005.41, MaxSlippagePoints=10
2026-03-17 18:33:40,468 [INFO] Sleeping for 1.0 minutes...
2026-03-17 18:33:41,959 [INFO] Waking up to check market conditions...
2026-03-17 18:33:42,022 [INFO] Uptrend active. No long trigger on last closed candle. EntryLevel=73904.69, CandleOpen=74337.66, CandleLow=74309.78
2026-03-17 18:33:42,022 [INFO] Pairs: BTCUSD
2026-03-17 18:33:42,022 [INFO] Sleeping for 1.0 minutes...
2026-03-17 18:34:40,469 [INFO] Waking up to check market conditions...
2026-03-17 18:34:40,536 [INFO] Long signal missed: current price too far from entry level. EntryLevel=5013.38, Bid=5006.22, MaxSlippagePoints=10
2026-03-17 18:34:40,536 [INFO] Sleeping for 1.0 minutes...
2026-03-17 18:34:42,022 [INFO] Waking up to check market conditions...
2026-03-17 18:34:42,115 [INFO] Uptrend active. No long trigger on last closed candle. EntryLevel=73904.69, CandleOpen=74337.66, CandleLow=74309.78
2026-03-17 18:34:42,115 [INFO] Pairs: BTCUSD
2026-03-17 18:34:42,115 [INFO] Sleeping for 1.0 minutes...
2026-03-17 18:35:40,548 [INFO] Waking up to check market conditions...
2026-03-17 18:35:40,610 [INFO] Long signal missed: current price too far from entry level. EntryLevel=5013.38, Bid=5003.55, MaxSlippagePoints=10
2026-03-17 18:35:40,610 [INFO] Sleeping for 1.0 minutes...
2026-03-17 18:35:42,121 [INFO] Waking up to check market conditions...
2026-03-17 18:35:42,175 [INFO] Uptrend active. No long trigger on last closed candle. EntryLevel=73904.69, CandleOpen=74337.66, CandleLow=74309.78
2026-03-17 18:35:42,179 [INFO] Pairs: BTCUSD
2026-03-17 18:35:42,179 [INFO] Sleeping for 1.0 minutes...
2026-03-17 18:36:40,616 [INFO] Waking up to check market conditions...
2026-03-17 18:36:40,669 [INFO] Long signal missed: current price too far from entry level. EntryLevel=5013.38, Bid=5002.98, MaxSlippagePoints=10
2026-03-17 18:36:40,669 [INFO] Sleeping for 1.0 minutes...
2026-03-17 18:36:42,187 [INFO] Waking up to check market conditions...
2026-03-17 18:36:42,252 [INFO] Uptrend active. No long trigger on last closed candle. EntryLevel=73904.69, CandleOpen=74337.66, CandleLow=74309.78
2026-03-17 18:36:42,252 [INFO] Pairs: BTCUSD
2026-03-17 18:36:42,252 [INFO] Sleeping for 1.0 minutes...
2026-03-17 18:37:40,675 [INFO] Waking up to check market conditions...
2026-03-17 18:37:40,735 [INFO] Long signal missed: current price too far from entry level. EntryLevel=5013.38, Bid=5002.41, MaxSlippagePoints=10
2026-03-17 18:37:40,739 [INFO] Sleeping for 1.0 minutes...
2026-03-17 18:37:42,257 [INFO] Waking up to check market conditions...
2026-03-17 18:37:42,317 [INFO] Uptrend active. No long trigger on last closed candle. EntryLevel=73904.69, CandleOpen=74337.66, CandleLow=74309.78
2026-03-17 18:37:42,317 [INFO] Pairs: BTCUSD
2026-03-17 18:37:42,317 [INFO] Sleeping for 1.0 minutes...
2026-03-17 18:38:40,750 [INFO] Waking up to check market conditions...
2026-03-17 18:38:40,801 [INFO] Long signal missed: current price too far from entry level. EntryLevel=5013.38, Bid=5001.97, MaxSlippagePoints=10
2026-03-17 18:38:40,801 [INFO] Sleeping for 1.0 minutes...
2026-03-17 18:38:42,326 [INFO] Waking up to check market conditions...
2026-03-17 18:38:42,388 [INFO] Uptrend active. No long trigger on last closed candle. EntryLevel=73904.69, CandleOpen=74337.66, CandleLow=74309.78
2026-03-17 18:38:42,392 [INFO] Pairs: BTCUSD
2026-03-17 18:38:42,392 [INFO] Sleeping for 1.0 minutes...
2026-03-17 18:39:40,805 [INFO] Waking up to check market conditions...
2026-03-17 18:39:40,894 [INFO] Long signal missed: current price too far from entry level. EntryLevel=5013.38, Bid=5001.64, MaxSlippagePoints=10
2026-03-17 18:39:40,896 [INFO] Sleeping for 1.0 minutes...
2026-03-17 18:39:42,399 [INFO] Waking up to check market conditions...
2026-03-17 18:39:42,449 [INFO] Uptrend active. No long trigger on last closed candle. EntryLevel=73904.69, CandleOpen=74337.66, CandleLow=74309.78
2026-03-17 18:39:42,449 [INFO] Pairs: BTCUSD
2026-03-17 18:39:42,449 [INFO] Sleeping for 1.0 minutes...
2026-03-17 18:40:40,902 [INFO] Waking up to check market conditions...
2026-03-17 18:40:40,953 [INFO] Long signal missed: current price too far from entry level. EntryLevel=5013.38, Bid=4998.75, MaxSlippagePoints=10
2026-03-17 18:40:40,957 [INFO] Sleeping for 1.0 minutes...
2026-03-17 18:40:42,456 [INFO] Waking up to check market conditions...
2026-03-17 18:40:42,516 [INFO] Uptrend active. No long trigger on last closed candle. EntryLevel=73904.69, CandleOpen=74337.66, CandleLow=74309.78
2026-03-17 18:40:42,516 [INFO] Pairs: BTCUSD
2026-03-17 18:40:42,516 [INFO] Sleeping for 1.0 minutes...
2026-03-17 18:41:40,964 [INFO] Waking up to check market conditions...
2026-03-17 18:41:41,014 [INFO] Long signal missed: current price too far from entry level. EntryLevel=5013.38, Bid=4998.01, MaxSlippagePoints=10
2026-03-17 18:41:41,014 [INFO] Sleeping for 1.0 minutes...
2026-03-17 18:41:42,532 [INFO] Waking up to check market conditions...
2026-03-17 18:41:42,590 [INFO] Uptrend active. No long trigger on last closed candle. EntryLevel=73904.69, CandleOpen=74337.66, CandleLow=74309.78
2026-03-17 18:41:42,590 [INFO] Pairs: BTCUSD
2026-03-17 18:41:42,594 [INFO] Sleeping for 1.0 minutes...
2026-03-17 18:42:41,017 [INFO] Waking up to check market conditions...
2026-03-17 18:42:41,080 [INFO] Long signal missed: current price too far from entry level. EntryLevel=5013.38, Bid=4999.13, MaxSlippagePoints=10
2026-03-17 18:42:41,080 [INFO] Sleeping for 1.0 minutes...
2026-03-17 18:42:42,595 [INFO] Waking up to check market conditions...
2026-03-17 18:42:42,628 [INFO] Uptrend active. No long trigger on last closed candle. EntryLevel=73904.69, CandleOpen=74337.66, CandleLow=74309.78
2026-03-17 18:42:42,628 [INFO] Pairs: BTCUSD
2026-03-17 18:42:42,628 [INFO] Sleeping for 1.0 minutes...
2026-03-17 18:43:41,086 [INFO] Waking up to check market conditions...
2026-03-17 18:43:41,156 [INFO] Long signal missed: current price too far from entry level. EntryLevel=5013.38, Bid=4995.20, MaxSlippagePoints=10
2026-03-17 18:43:41,157 [INFO] Sleeping for 1.0 minutes...
2026-03-17 18:43:42,634 [INFO] Waking up to check market conditions...
2026-03-17 18:43:42,699 [INFO] Uptrend active. No long trigger on last closed candle. EntryLevel=73904.69, CandleOpen=74337.66, CandleLow=74309.78
2026-03-17 18:43:42,704 [INFO] Pairs: BTCUSD
2026-03-17 18:43:42,704 [INFO] Sleeping for 1.0 minutes...
2026-03-17 18:44:41,167 [INFO] Waking up to check market conditions...
2026-03-17 18:44:41,224 [INFO] Long signal missed: current price too far from entry level. EntryLevel=5013.38, Bid=4997.41, MaxSlippagePoints=10
2026-03-17 18:44:41,225 [INFO] Sleeping for 1.0 minutes...
2026-03-17 18:44:42,716 [INFO] Waking up to check market conditions...
2026-03-17 18:44:42,780 [INFO] Uptrend active. No long trigger on last closed candle. EntryLevel=73904.69, CandleOpen=74337.66, CandleLow=74309.78
2026-03-17 18:44:42,780 [INFO] Pairs: BTCUSD
2026-03-17 18:44:42,784 [INFO] Sleeping for 1.0 minutes...
2026-03-17 18:45:41,232 [INFO] Waking up to check market conditions...
2026-03-17 18:45:41,291 [INFO] Uptrend active. No long trigger on last closed candle. EntryLevel=5013.38, CandleOpen=5016.03, CandleLow=5015.93
2026-03-17 18:45:41,291 [INFO] Sleeping for 1.0 minutes...
2026-03-17 18:45:42,790 [INFO] Waking up to check market conditions...
2026-03-17 18:45:42,849 [INFO] Uptrend active. No long trigger on last closed candle. EntryLevel=73904.69, CandleOpen=74398.54, CandleLow=74286.83
2026-03-17 18:45:42,849 [INFO] Pairs: BTCUSD
2026-03-17 18:45:42,849 [INFO] Sleeping for 1.0 minutes...
2026-03-17 18:46:41,295 [INFO] Waking up to check market conditions...
2026-03-17 18:46:41,354 [INFO] Uptrend active. No long trigger on last closed candle. EntryLevel=5013.38, CandleOpen=5016.03, CandleLow=5015.93
2026-03-17 18:46:41,358 [INFO] Sleeping for 1.0 minutes...
2026-03-17 18:46:42,852 [INFO] Waking up to check market conditions...
2026-03-17 18:46:42,924 [INFO] Uptrend active. No long trigger on last closed candle. EntryLevel=73904.69, CandleOpen=74398.54, CandleLow=74286.83
2026-03-17 18:46:42,924 [INFO] Pairs: BTCUSD
2026-03-17 18:46:42,924 [INFO] Sleeping for 1.0 minutes...
2026-03-17 18:47:41,372 [INFO] Waking up to check market conditions...
2026-03-17 18:47:41,437 [INFO] Uptrend active. No long trigger on last closed candle. EntryLevel=5013.38, CandleOpen=5016.03, CandleLow=5015.93
2026-03-17 18:47:41,439 [INFO] Sleeping for 1.0 minutes...
2026-03-17 18:47:42,925 [INFO] Waking up to check market conditions...
2026-03-17 18:47:43,021 [INFO] Uptrend active. No long trigger on last closed candle. EntryLevel=73904.69, CandleOpen=74398.54, CandleLow=74286.83
2026-03-17 18:47:43,025 [INFO] Pairs: BTCUSD
2026-03-17 18:47:43,025 [INFO] Sleeping for 1.0 minutes...
2026-03-17 18:48:41,446 [INFO] Waking up to check market conditions...
2026-03-17 18:48:41,507 [INFO] Uptrend active. No long trigger on last closed candle. EntryLevel=5013.38, CandleOpen=5016.03, CandleLow=5015.93
2026-03-17 18:48:41,507 [INFO] Sleeping for 1.0 minutes...
2026-03-17 18:48:43,028 [INFO] Waking up to check market conditions...
2026-03-17 18:48:43,133 [INFO] Uptrend active. No long trigger on last closed candle. EntryLevel=73904.69, CandleOpen=74398.54, CandleLow=74286.83
2026-03-17 18:48:43,137 [INFO] Pairs: BTCUSD
2026-03-17 18:48:43,137 [INFO] Sleeping for 1.0 minutes...
2026-03-17 18:49:41,516 [INFO] Waking up to check market conditions...
2026-03-17 18:49:41,574 [INFO] Uptrend active. No long trigger on last closed candle. EntryLevel=5013.38, CandleOpen=5016.03, CandleLow=5015.93
2026-03-17 18:49:41,574 [INFO] Sleeping for 1.0 minutes...
2026-03-17 18:49:43,141 [INFO] Waking up to check market conditions...
2026-03-17 18:49:43,203 [INFO] Uptrend active. No long trigger on last closed candle. EntryLevel=73904.69, CandleOpen=74398.54, CandleLow=74286.83
2026-03-17 18:49:43,203 [INFO] Pairs: BTCUSD
2026-03-17 18:49:43,208 [INFO] Sleeping for 1.0 minutes...
2026-03-17 18:50:41,585 [INFO] Waking up to check market conditions...
2026-03-17 18:50:41,645 [INFO] Uptrend active. No long trigger on last closed candle. EntryLevel=5013.38, CandleOpen=5016.03, CandleLow=5015.93
2026-03-17 18:50:41,645 [INFO] Sleeping for 1.0 minutes...
2026-03-17 18:50:43,214 [INFO] Waking up to check market conditions...
2026-03-17 18:50:43,285 [INFO] Uptrend active. No long trigger on last closed candle. EntryLevel=73904.69, CandleOpen=74398.54, CandleLow=74286.83
2026-03-17 18:50:43,285 [INFO] Pairs: BTCUSD
2026-03-17 18:50:43,287 [INFO] Sleeping for 1.0 minutes...
2026-03-17 18:51:41,646 [INFO] Waking up to check market conditions...
2026-03-17 18:51:41,705 [INFO] Uptrend active. No long trigger on last closed candle. EntryLevel=5013.38, CandleOpen=5016.03, CandleLow=5015.93
2026-03-17 18:51:41,708 [INFO] Sleeping for 1.0 minutes...
2026-03-17 18:51:43,289 [INFO] Waking up to check market conditions...
2026-03-17 18:51:43,349 [INFO] Uptrend active. No long trigger on last closed candle. EntryLevel=73904.69, CandleOpen=74398.54, CandleLow=74286.83
2026-03-17 18:51:43,353 [INFO] Pairs: BTCUSD
2026-03-17 18:51:43,353 [INFO] Sleeping for 1.0 minutes...
2026-03-17 18:52:41,719 [INFO] Waking up to check market conditions...
2026-03-17 18:52:41,794 [INFO] Uptrend active. No long trigger on last closed candle. EntryLevel=5013.38, CandleOpen=5016.03, CandleLow=5015.93
2026-03-17 18:52:41,794 [INFO] Sleeping for 1.0 minutes...
2026-03-17 18:52:43,363 [INFO] Waking up to check market conditions...
2026-03-17 18:52:43,426 [INFO] Uptrend active. No long trigger on last closed candle. EntryLevel=73904.69, CandleOpen=74398.54, CandleLow=74286.83
2026-03-17 18:52:43,428 [INFO] Pairs: BTCUSD
2026-03-17 18:52:43,428 [INFO] Sleeping for 1.0 minutes...
2026-03-17 18:53:41,798 [INFO] Waking up to check market conditions...
2026-03-17 18:53:41,857 [INFO] Uptrend active. No long trigger on last closed candle. EntryLevel=5013.38, CandleOpen=5016.03, CandleLow=5015.93
2026-03-17 18:53:41,857 [INFO] Sleeping for 1.0 minutes...
2026-03-17 18:53:43,439 [INFO] Waking up to check market conditions...
2026-03-17 18:53:43,498 [INFO] Uptrend active. No long trigger on last closed candle. EntryLevel=73904.69, CandleOpen=74398.54, CandleLow=74286.83
2026-03-17 18:53:43,498 [INFO] Pairs: BTCUSD
2026-03-17 18:53:43,498 [INFO] Sleeping for 1.0 minutes...
2026-03-17 18:54:41,858 [INFO] Waking up to check market conditions...
2026-03-17 18:54:41,913 [INFO] Uptrend active. No long trigger on last closed candle. EntryLevel=5013.38, CandleOpen=5016.03, CandleLow=5015.93
2026-03-17 18:54:41,913 [INFO] Sleeping for 1.0 minutes...
2026-03-17 18:54:43,500 [INFO] Waking up to check market conditions...
2026-03-17 18:54:43,563 [INFO] Uptrend active. No long trigger on last closed candle. EntryLevel=73904.69, CandleOpen=74398.54, CandleLow=74286.83
2026-03-17 18:54:43,563 [INFO] Pairs: BTCUSD
2026-03-17 18:54:43,563 [INFO] Sleeping for 1.0 minutes...
2026-03-17 18:55:41,926 [INFO] Waking up to check market conditions...
2026-03-17 18:55:42,023 [INFO] Uptrend active. No long trigger on last closed candle. EntryLevel=5013.38, CandleOpen=5016.03, CandleLow=5015.93
2026-03-17 18:55:42,023 [INFO] Sleeping for 1.0 minutes...
2026-03-17 18:55:43,571 [INFO] Waking up to check market conditions...
2026-03-17 18:55:43,629 [INFO] Uptrend active. No long trigger on last closed candle. EntryLevel=73904.69, CandleOpen=74398.54, CandleLow=74286.83
2026-03-17 18:55:43,629 [INFO] Pairs: BTCUSD
2026-03-17 18:55:43,633 [INFO] Sleeping for 1.0 minutes...
2026-03-17 18:56:42,030 [INFO] Waking up to check market conditions...
2026-03-17 18:56:42,101 [INFO] Uptrend active. No long trigger on last closed candle. EntryLevel=5013.38, CandleOpen=5016.03, CandleLow=5015.93
2026-03-17 18:56:42,105 [INFO] Sleeping for 1.0 minutes...
2026-03-17 18:56:43,644 [INFO] Waking up to check market conditions...
2026-03-17 18:56:43,715 [INFO] Uptrend active. No long trigger on last closed candle. EntryLevel=73904.69, CandleOpen=74398.54, CandleLow=74286.83
2026-03-17 18:56:43,715 [INFO] Pairs: BTCUSD
2026-03-17 18:56:43,719 [INFO] Sleeping for 1.0 minutes...
2026-03-17 18:57:42,116 [INFO] Waking up to check market conditions...
2026-03-17 18:57:42,184 [INFO] Uptrend active. No long trigger on last closed candle. EntryLevel=5013.38, CandleOpen=5016.03, CandleLow=5015.93
2026-03-17 18:57:42,184 [INFO] Sleeping for 1.0 minutes...
2026-03-17 18:57:43,722 [INFO] Waking up to check market conditions...
2026-03-17 18:57:43,789 [INFO] Uptrend active. No long trigger on last closed candle. EntryLevel=73904.69, CandleOpen=74398.54, CandleLow=74286.83
2026-03-17 18:57:43,789 [INFO] Pairs: BTCUSD
2026-03-17 18:57:43,789 [INFO] Sleeping for 1.0 minutes...
2026-03-17 18:58:42,188 [INFO] Waking up to check market conditions...
2026-03-17 18:58:42,254 [INFO] Uptrend active. No long trigger on last closed candle. EntryLevel=5013.38, CandleOpen=5016.03, CandleLow=5015.93
2026-03-17 18:58:42,255 [INFO] Sleeping for 1.0 minutes...
2026-03-17 18:58:43,803 [INFO] Waking up to check market conditions...
2026-03-17 18:58:43,874 [INFO] Uptrend active. No long trigger on last closed candle. EntryLevel=73904.69, CandleOpen=74398.54, CandleLow=74286.83
2026-03-17 18:58:43,874 [INFO] Pairs: BTCUSD
2026-03-17 18:58:43,878 [INFO] Sleeping for 1.0 minutes...
2026-03-17 18:59:42,257 [INFO] Waking up to check market conditions...
2026-03-17 18:59:42,332 [INFO] Uptrend active. No long trigger on last closed candle. EntryLevel=5013.38, CandleOpen=5016.03, CandleLow=5015.93
2026-03-17 18:59:42,334 [INFO] Sleeping for 1.0 minutes...
2026-03-17 18:59:43,884 [INFO] Waking up to check market conditions...
2026-03-17 18:59:43,947 [INFO] Uptrend active. No long trigger on last closed candle. EntryLevel=73904.69, CandleOpen=74398.54, CandleLow=74286.83
2026-03-17 18:59:43,947 [INFO] Pairs: BTCUSD
2026-03-17 18:59:43,951 [INFO] Sleeping for 1.0 minutes...
2026-03-17 19:00:42,335 [INFO] Waking up to check market conditions...
2026-03-17 19:00:42,389 [INFO] Uptrend active. No long trigger on last closed candle. EntryLevel=5013.38, CandleOpen=5023.24, CandleLow=5017.26
2026-03-17 19:00:42,389 [INFO] Sleeping for 1.0 minutes...
2026-03-17 19:00:43,956 [INFO] Waking up to check market conditions...
2026-03-17 19:00:44,012 [INFO] Uptrend active. No long trigger on last closed candle. EntryLevel=73904.69, CandleOpen=74402.70, CandleLow=74212.08
2026-03-17 19:00:44,012 [INFO] Pairs: BTCUSD
2026-03-17 19:00:44,012 [INFO] Sleeping for 1.0 minutes...
2026-03-17 19:01:42,393 [INFO] Waking up to check market conditions...
2026-03-17 19:01:42,441 [INFO] Uptrend active. No long trigger on last closed candle. EntryLevel=5013.38, CandleOpen=5023.24, CandleLow=5017.26
2026-03-17 19:01:42,441 [INFO] Sleeping for 1.0 minutes...
2026-03-17 19:01:44,017 [INFO] Waking up to check market conditions...
2026-03-17 19:01:44,077 [INFO] Uptrend active. No long trigger on last closed candle. EntryLevel=73904.69, CandleOpen=74402.70, CandleLow=74212.08
2026-03-17 19:01:44,077 [INFO] Pairs: BTCUSD
2026-03-17 19:01:44,079 [INFO] Sleeping for 1.0 minutes...
2026-03-17 19:02:42,450 [INFO] Waking up to check market conditions...
2026-03-17 19:02:42,512 [INFO] Uptrend active. No long trigger on last closed candle. EntryLevel=5013.38, CandleOpen=5023.24, CandleLow=5017.26
2026-03-17 19:02:42,512 [INFO] Sleeping for 1.0 minutes...
2026-03-17 19:02:44,091 [INFO] Waking up to check market conditions...
2026-03-17 19:02:44,157 [INFO] Uptrend active. No long trigger on last closed candle. EntryLevel=73904.69, CandleOpen=74402.70, CandleLow=74212.08
2026-03-17 19:02:44,157 [INFO] Pairs: BTCUSD
2026-03-17 19:02:44,157 [INFO] Sleeping for 1.0 minutes...
2026-03-17 19:03:42,526 [INFO] Waking up to check market conditions...
2026-03-17 19:03:42,586 [INFO] Uptrend active. No long trigger on last closed candle. EntryLevel=5013.38, CandleOpen=5023.24, CandleLow=5017.26
2026-03-17 19:03:42,586 [INFO] Sleeping for 1.0 minutes...
2026-03-17 19:03:44,166 [INFO] Waking up to check market conditions...
2026-03-17 19:03:44,232 [INFO] Uptrend active. No long trigger on last closed candle. EntryLevel=73904.69, CandleOpen=74402.70, CandleLow=74212.08
2026-03-17 19:03:44,232 [INFO] Pairs: BTCUSD
2026-03-17 19:03:44,232 [INFO] Sleeping for 1.0 minutes...
2026-03-17 19:04:42,599 [INFO] Waking up to check market conditions...
2026-03-17 19:04:42,657 [INFO] Uptrend active. No long trigger on last closed candle. EntryLevel=5013.38, CandleOpen=5023.24, CandleLow=5017.26
2026-03-17 19:04:42,657 [INFO] Sleeping for 1.0 minutes...
2026-03-17 19:04:44,245 [INFO] Waking up to check market conditions...
2026-03-17 19:04:44,323 [INFO] Uptrend active. No long trigger on last closed candle. EntryLevel=73904.69, CandleOpen=74402.70, CandleLow=74212.08
2026-03-17 19:04:44,328 [INFO] Pairs: BTCUSD
2026-03-17 19:04:44,328 [INFO] Sleeping for 1.0 minutes...
2026-03-17 19:05:42,669 [INFO] Waking up to check market conditions...
2026-03-17 19:05:42,725 [INFO] Uptrend active. No long trigger on last closed candle. EntryLevel=5013.38, CandleOpen=5023.24, CandleLow=5017.26
2026-03-17 19:05:42,725 [INFO] Sleeping for 1.0 minutes...
2026-03-17 19:05:44,336 [INFO] Waking up to check market conditions...
2026-03-17 19:05:44,396 [INFO] Uptrend active. No long trigger on last closed candle. EntryLevel=73904.69, CandleOpen=74402.70, CandleLow=74212.08
2026-03-17 19:05:44,398 [INFO] Pairs: BTCUSD
2026-03-17 19:05:44,398 [INFO] Sleeping for 1.0 minutes...
2026-03-17 19:06:42,727 [INFO] Waking up to check market conditions...
2026-03-17 19:06:42,790 [INFO] Uptrend active. No long trigger on last closed candle. EntryLevel=5013.38, CandleOpen=5023.24, CandleLow=5017.26
2026-03-17 19:06:42,790 [INFO] Sleeping for 1.0 minutes...
2026-03-17 19:06:44,414 [INFO] Waking up to check market conditions...
2026-03-17 19:06:44,469 [INFO] Uptrend active. No long trigger on last closed candle. EntryLevel=73904.69, CandleOpen=74402.70, CandleLow=74212.08
2026-03-17 19:06:44,469 [INFO] Pairs: BTCUSD
2026-03-17 19:06:44,469 [INFO] Sleeping for 1.0 minutes...
2026-03-17 19:07:42,808 [INFO] Waking up to check market conditions...
2026-03-17 19:07:42,899 [INFO] Uptrend active. No long trigger on last closed candle. EntryLevel=5013.38, CandleOpen=5023.24, CandleLow=5017.26
2026-03-17 19:07:42,899 [INFO] Sleeping for 1.0 minutes...
2026-03-17 19:07:44,480 [INFO] Waking up to check market conditions...
2026-03-17 19:07:44,548 [INFO] Uptrend active. No long trigger on last closed candle. EntryLevel=73904.69, CandleOpen=74402.70, CandleLow=74212.08
2026-03-17 19:07:44,550 [INFO] Pairs: BTCUSD
2026-03-17 19:07:44,550 [INFO] Sleeping for 1.0 minutes...
2026-03-17 19:08:42,904 [INFO] Waking up to check market conditions...
2026-03-17 19:08:42,959 [INFO] Uptrend active. No long trigger on last closed candle. EntryLevel=5013.38, CandleOpen=5023.24, CandleLow=5017.26
2026-03-17 19:08:42,959 [INFO] Sleeping for 1.0 minutes...
2026-03-17 19:08:44,556 [INFO] Waking up to check market conditions...
2026-03-17 19:08:44,642 [INFO] Uptrend active. No long trigger on last closed candle. EntryLevel=73904.69, CandleOpen=74402.70, CandleLow=74212.08
2026-03-17 19:08:44,643 [INFO] Pairs: BTCUSD
2026-03-17 19:08:44,643 [INFO] Sleeping for 1.0 minutes...
2026-03-17 19:09:42,971 [INFO] Waking up to check market conditions...
2026-03-17 19:09:43,028 [INFO] Uptrend active. No long trigger on last closed candle. EntryLevel=5013.38, CandleOpen=5023.24, CandleLow=5017.26
2026-03-17 19:09:43,028 [INFO] Sleeping for 1.0 minutes...
2026-03-17 19:09:44,656 [INFO] Waking up to check market conditions...
2026-03-17 19:09:44,754 [INFO] Uptrend active. No long trigger on last closed candle. EntryLevel=73904.69, CandleOpen=74402.70, CandleLow=74212.08
2026-03-17 19:09:44,754 [INFO] Pairs: BTCUSD
2026-03-17 19:09:44,754 [INFO] Sleeping for 1.0 minutes...
2026-03-17 19:10:43,033 [INFO] Waking up to check market conditions...
2026-03-17 19:10:43,091 [INFO] Uptrend active. No long trigger on last closed candle. EntryLevel=5013.38, CandleOpen=5023.24, CandleLow=5017.26
2026-03-17 19:10:43,095 [INFO] Sleeping for 1.0 minutes...
2026-03-17 19:10:44,763 [INFO] Waking up to check market conditions...
2026-03-17 19:10:44,822 [INFO] Uptrend active. No long trigger on last closed candle. EntryLevel=73904.69, CandleOpen=74402.70, CandleLow=74212.08
2026-03-17 19:10:44,851 [INFO] Pairs: BTCUSD
2026-03-17 19:10:44,851 [INFO] Sleeping for 1.0 minutes...
2026-03-17 19:11:43,107 [INFO] Waking up to check market conditions...
2026-03-17 19:11:43,161 [INFO] Uptrend active. No long trigger on last closed candle. EntryLevel=5013.38, CandleOpen=5023.24, CandleLow=5017.26
2026-03-17 19:11:43,165 [INFO] Sleeping for 1.0 minutes...
2026-03-17 19:11:44,861 [INFO] Waking up to check market conditions...
2026-03-17 19:11:44,924 [INFO] Uptrend active. No long trigger on last closed candle. EntryLevel=73904.69, CandleOpen=74402.70, CandleLow=74212.08
2026-03-17 19:11:44,924 [INFO] Pairs: BTCUSD
2026-03-17 19:11:44,924 [INFO] Sleeping for 1.0 minutes...
2026-03-17 19:12:43,168 [INFO] Waking up to check market conditions...
2026-03-17 19:12:43,230 [INFO] Uptrend active. No long trigger on last closed candle. EntryLevel=5013.38, CandleOpen=5023.24, CandleLow=5017.26
2026-03-17 19:12:43,230 [INFO] Sleeping for 1.0 minutes...
2026-03-17 19:12:44,934 [INFO] Waking up to check market conditions...
2026-03-17 19:12:44,989 [INFO] Uptrend active. No long trigger on last closed candle. EntryLevel=73904.69, CandleOpen=74402.70, CandleLow=74212.08
2026-03-17 19:12:44,993 [INFO] Pairs: BTCUSD
2026-03-17 19:12:44,993 [INFO] Sleeping for 1.0 minutes...
2026-03-17 19:13:43,241 [INFO] Waking up to check market conditions...
2026-03-17 19:13:43,296 [INFO] Uptrend active. No long trigger on last closed candle. EntryLevel=5013.38, CandleOpen=5023.24, CandleLow=5017.26
2026-03-17 19:13:43,296 [INFO] Sleeping for 1.0 minutes...
2026-03-17 19:13:44,997 [INFO] Waking up to check market conditions...
2026-03-17 19:13:45,060 [INFO] Uptrend active. No long trigger on last closed candle. EntryLevel=73904.69, CandleOpen=74402.70, CandleLow=74212.08
2026-03-17 19:13:45,064 [INFO] Pairs: BTCUSD
2026-03-17 19:13:45,064 [INFO] Sleeping for 1.0 minutes...
