2026-04-16 22:47:25,671 [INFO] Starting Live Trader Bot...
2026-04-16 22:47:25,672 [INFO] Waking up to check market conditions...
2026-04-16 22:47:25,756 [INFO] No valid setup. Waiting.
2026-04-16 22:47:25,756 [INFO] Pairs:BTCUSD
2026-04-16 22:47:25,756 [INFO] Sleeping for 1.0 minutes...
2026-04-16 22:47:53,741 [INFO] Starting Live Trader Bot...
2026-04-16 22:47:53,741 [INFO] Waking up to check market conditions...
2026-04-16 22:47:53,796 [INFO] No valid setup. Waiting.
2026-04-16 22:47:53,797 [INFO] Pairs:XAUUSD
2026-04-16 22:47:53,797 [INFO] Sleeping for 1.0 minutes...
2026-04-16 22:48:25,757 [INFO] Waking up to check market conditions...
2026-04-16 22:48:25,807 [INFO] No valid setup. Waiting.
2026-04-16 22:48:25,807 [INFO] Pairs:BTCUSD
2026-04-16 22:48:25,808 [INFO] Sleeping for 1.0 minutes...
2026-04-16 22:48:53,798 [INFO] Waking up to check market conditions...
2026-04-16 22:48:53,831 [INFO] No valid setup. Waiting.
2026-04-16 22:48:53,831 [INFO] Pairs:XAUUSD
2026-04-16 22:48:53,831 [INFO] Sleeping for 1.0 minutes...
2026-04-16 22:49:25,808 [INFO] Waking up to check market conditions...
2026-04-16 22:49:25,857 [INFO] No valid setup. Waiting.
2026-04-16 22:49:25,858 [INFO] Pairs:BTCUSD
2026-04-16 22:49:25,858 [INFO] Sleeping for 1.0 minutes...
2026-04-16 22:49:53,832 [INFO] Waking up to check market conditions...
2026-04-16 22:49:53,865 [INFO] No valid setup. Waiting.
2026-04-16 22:49:53,866 [INFO] Pairs:XAUUSD
2026-04-16 22:49:53,866 [INFO] Sleeping for 1.0 minutes...
2026-04-16 22:50:25,859 [INFO] Waking up to check market conditions...
2026-04-16 22:50:25,908 [INFO] No valid setup. Waiting.
2026-04-16 22:50:25,908 [INFO] Pairs:BTCUSD
2026-04-16 22:50:25,908 [INFO] Sleeping for 1.0 minutes...
2026-04-16 22:50:53,867 [INFO] Waking up to check market conditions...
2026-04-16 22:50:53,901 [INFO] No valid setup. Waiting.
2026-04-16 22:50:53,902 [INFO] Pairs:XAUUSD
2026-04-16 22:50:53,902 [INFO] Sleeping for 1.0 minutes...
2026-04-16 22:51:25,909 [INFO] Waking up to check market conditions...
2026-04-16 22:51:25,960 [INFO] No valid setup. Waiting.
2026-04-16 22:51:25,961 [INFO] Pairs:BTCUSD
2026-04-16 22:51:25,961 [INFO] Sleeping for 1.0 minutes...
2026-04-16 22:51:53,903 [INFO] Waking up to check market conditions...
2026-04-16 22:51:53,940 [INFO] No valid setup. Waiting.
2026-04-16 22:51:53,941 [INFO] Pairs:XAUUSD
2026-04-16 22:51:53,942 [INFO] Sleeping for 1.0 minutes...
2026-04-16 22:52:25,962 [INFO] Waking up to check market conditions...
2026-04-16 22:52:26,012 [INFO] No valid setup. Waiting.
2026-04-16 22:52:26,013 [INFO] Pairs:BTCUSD
2026-04-16 22:52:26,013 [INFO] Sleeping for 1.0 minutes...
2026-04-16 22:52:53,944 [INFO] Waking up to check market conditions...
2026-04-16 22:52:53,981 [INFO] No valid setup. Waiting.
2026-04-16 22:52:53,982 [INFO] Pairs:XAUUSD
2026-04-16 22:52:53,983 [INFO] Sleeping for 1.0 minutes...
2026-04-16 22:53:26,014 [INFO] Waking up to check market conditions...
2026-04-16 22:53:26,063 [INFO] No valid setup. Waiting.
2026-04-16 22:53:26,064 [INFO] Pairs:BTCUSD
2026-04-16 22:53:26,064 [INFO] Sleeping for 1.0 minutes...
2026-04-16 22:53:53,984 [INFO] Waking up to check market conditions...
2026-04-16 22:53:54,021 [INFO] No valid setup. Waiting.
2026-04-16 22:53:54,022 [INFO] Pairs:XAUUSD
2026-04-16 22:53:54,023 [INFO] Sleeping for 1.0 minutes...
2026-04-16 22:54:26,065 [INFO] Waking up to check market conditions...
2026-04-16 22:54:26,116 [INFO] No valid setup. Waiting.
2026-04-16 22:54:26,117 [INFO] Pairs:BTCUSD
2026-04-16 22:54:26,117 [INFO] Sleeping for 1.0 minutes...
2026-04-16 22:54:54,024 [INFO] Waking up to check market conditions...
2026-04-16 22:54:54,062 [INFO] No valid setup. Waiting.
2026-04-16 22:54:54,062 [INFO] Pairs:XAUUSD
2026-04-16 22:54:54,064 [INFO] Sleeping for 1.0 minutes...
2026-04-16 22:55:26,118 [INFO] Waking up to check market conditions...
2026-04-16 22:55:26,167 [INFO] No valid setup. Waiting.
2026-04-16 22:55:26,168 [INFO] Pairs:BTCUSD
2026-04-16 22:55:26,169 [INFO] Sleeping for 1.0 minutes...
2026-04-16 22:55:54,065 [INFO] Waking up to check market conditions...
2026-04-16 22:55:54,101 [INFO] No valid setup. Waiting.
2026-04-16 22:55:54,102 [INFO] Pairs:XAUUSD
2026-04-16 22:55:54,103 [INFO] Sleeping for 1.0 minutes...
2026-04-16 22:56:26,169 [INFO] Waking up to check market conditions...
2026-04-16 22:56:26,219 [INFO] No valid setup. Waiting.
2026-04-16 22:56:26,219 [INFO] Pairs:BTCUSD
2026-04-16 22:56:26,220 [INFO] Sleeping for 1.0 minutes...
2026-04-16 22:56:54,105 [INFO] Waking up to check market conditions...
2026-04-16 22:56:54,142 [INFO] No valid setup. Waiting.
2026-04-16 22:56:54,142 [INFO] Pairs:XAUUSD
2026-04-16 22:56:54,144 [INFO] Sleeping for 1.0 minutes...
2026-04-16 22:57:26,221 [INFO] Waking up to check market conditions...
2026-04-16 22:57:26,270 [INFO] No valid setup. Waiting.
2026-04-16 22:57:26,271 [INFO] Pairs:BTCUSD
2026-04-16 22:57:26,271 [INFO] Sleeping for 1.0 minutes...
2026-04-16 22:57:54,145 [INFO] Waking up to check market conditions...
2026-04-16 22:57:54,183 [INFO] No valid setup. Waiting.
2026-04-16 22:57:54,183 [INFO] Pairs:XAUUSD
2026-04-16 22:57:54,185 [INFO] Sleeping for 1.0 minutes...
2026-04-16 22:58:26,272 [INFO] Waking up to check market conditions...
2026-04-16 22:58:26,320 [INFO] No valid setup. Waiting.
2026-04-16 22:58:26,321 [INFO] Pairs:BTCUSD
2026-04-16 22:58:26,321 [INFO] Sleeping for 1.0 minutes...
2026-04-16 22:58:54,186 [INFO] Waking up to check market conditions...
2026-04-16 22:58:54,221 [INFO] No valid setup. Waiting.
2026-04-16 22:58:54,222 [INFO] Pairs:XAUUSD
2026-04-16 22:58:54,223 [INFO] Sleeping for 1.0 minutes...
2026-04-16 22:59:26,322 [INFO] Waking up to check market conditions...
2026-04-16 22:59:26,371 [INFO] No valid setup. Waiting.
2026-04-16 22:59:26,372 [INFO] Pairs:BTCUSD
2026-04-16 22:59:26,372 [INFO] Sleeping for 1.0 minutes...
2026-04-16 22:59:54,224 [INFO] Waking up to check market conditions...
2026-04-16 22:59:54,258 [INFO] No valid setup. Waiting.
2026-04-16 22:59:54,259 [INFO] Pairs:XAUUSD
2026-04-16 22:59:54,260 [INFO] Sleeping for 1.0 minutes...
2026-04-16 23:00:26,373 [INFO] Waking up to check market conditions...
2026-04-16 23:00:26,422 [INFO] No valid setup. Waiting.
2026-04-16 23:00:26,422 [INFO] Pairs:BTCUSD
2026-04-16 23:00:26,423 [INFO] Sleeping for 1.0 minutes...
2026-04-16 23:00:54,261 [INFO] Waking up to check market conditions...
2026-04-16 23:00:54,299 [INFO] No valid setup. Waiting.
2026-04-16 23:00:54,299 [INFO] Pairs:XAUUSD
2026-04-16 23:00:54,300 [INFO] Sleeping for 1.0 minutes...
2026-04-16 23:01:26,424 [INFO] Waking up to check market conditions...
2026-04-16 23:01:26,473 [INFO] No valid setup. Waiting.
2026-04-16 23:01:26,473 [INFO] Pairs:BTCUSD
2026-04-16 23:01:26,474 [INFO] Sleeping for 1.0 minutes...
2026-04-16 23:01:54,301 [INFO] Waking up to check market conditions...
2026-04-16 23:01:54,337 [INFO] No valid setup. Waiting.
2026-04-16 23:01:54,337 [INFO] Pairs:XAUUSD
2026-04-16 23:01:54,339 [INFO] Sleeping for 1.0 minutes...
2026-04-16 23:02:26,475 [INFO] Waking up to check market conditions...
2026-04-16 23:02:26,524 [INFO] No valid setup. Waiting.
2026-04-16 23:02:26,524 [INFO] Pairs:BTCUSD
2026-04-16 23:02:26,525 [INFO] Sleeping for 1.0 minutes...
2026-04-16 23:02:54,340 [INFO] Waking up to check market conditions...
2026-04-16 23:02:54,376 [INFO] No valid setup. Waiting.
2026-04-16 23:02:54,376 [INFO] Pairs:XAUUSD
2026-04-16 23:02:54,378 [INFO] Sleeping for 1.0 minutes...
2026-04-16 23:03:26,526 [INFO] Waking up to check market conditions...
2026-04-16 23:03:26,574 [INFO] No valid setup. Waiting.
2026-04-16 23:03:26,575 [INFO] Pairs:BTCUSD
2026-04-16 23:03:26,575 [INFO] Sleeping for 1.0 minutes...
2026-04-16 23:03:54,378 [INFO] Waking up to check market conditions...
2026-04-16 23:03:54,414 [INFO] No valid setup. Waiting.
2026-04-16 23:03:54,415 [INFO] Pairs:XAUUSD
2026-04-16 23:03:54,416 [INFO] Sleeping for 1.0 minutes...
2026-04-16 23:04:26,576 [INFO] Waking up to check market conditions...
2026-04-16 23:04:26,623 [INFO] No valid setup. Waiting.
2026-04-16 23:04:26,624 [INFO] Pairs:BTCUSD
2026-04-16 23:04:26,624 [INFO] Sleeping for 1.0 minutes...
2026-04-16 23:04:54,417 [INFO] Waking up to check market conditions...
2026-04-16 23:04:54,453 [INFO] No valid setup. Waiting.
2026-04-16 23:04:54,454 [INFO] Pairs:XAUUSD
2026-04-16 23:04:54,455 [INFO] Sleeping for 1.0 minutes...
2026-04-16 23:05:26,625 [INFO] Waking up to check market conditions...
2026-04-16 23:05:26,674 [INFO] No valid setup. Waiting.
2026-04-16 23:05:26,675 [INFO] Pairs:BTCUSD
2026-04-16 23:05:26,675 [INFO] Sleeping for 1.0 minutes...
2026-04-16 23:05:54,457 [INFO] Waking up to check market conditions...
2026-04-16 23:05:54,493 [INFO] No valid setup. Waiting.
2026-04-16 23:05:54,494 [INFO] Pairs:XAUUSD
2026-04-16 23:05:54,495 [INFO] Sleeping for 1.0 minutes...
2026-04-16 23:06:26,676 [INFO] Waking up to check market conditions...
2026-04-16 23:06:26,725 [INFO] No valid setup. Waiting.
2026-04-16 23:06:26,726 [INFO] Pairs:BTCUSD
2026-04-16 23:06:26,726 [INFO] Sleeping for 1.0 minutes...
2026-04-16 23:06:54,496 [INFO] Waking up to check market conditions...
2026-04-16 23:06:54,532 [INFO] No valid setup. Waiting.
2026-04-16 23:06:54,533 [INFO] Pairs:XAUUSD
2026-04-16 23:06:54,534 [INFO] Sleeping for 1.0 minutes...
2026-04-16 23:07:26,727 [INFO] Waking up to check market conditions...
2026-04-16 23:07:26,776 [INFO] No valid setup. Waiting.
2026-04-16 23:07:26,777 [INFO] Pairs:BTCUSD
2026-04-16 23:07:26,777 [INFO] Sleeping for 1.0 minutes...
2026-04-16 23:07:54,535 [INFO] Waking up to check market conditions...
2026-04-16 23:07:54,571 [INFO] No valid setup. Waiting.
2026-04-16 23:07:54,572 [INFO] Pairs:XAUUSD
2026-04-16 23:07:54,573 [INFO] Sleeping for 1.0 minutes...
2026-04-16 23:08:26,778 [INFO] Waking up to check market conditions...
2026-04-16 23:08:26,826 [INFO] No valid setup. Waiting.
2026-04-16 23:08:26,827 [INFO] Pairs:BTCUSD
2026-04-16 23:08:26,827 [INFO] Sleeping for 1.0 minutes...
2026-04-16 23:08:54,574 [INFO] Waking up to check market conditions...
2026-04-16 23:08:54,611 [INFO] No valid setup. Waiting.
2026-04-16 23:08:54,612 [INFO] Pairs:XAUUSD
2026-04-16 23:08:54,613 [INFO] Sleeping for 1.0 minutes...
2026-04-16 23:09:26,828 [INFO] Waking up to check market conditions...
2026-04-16 23:09:26,877 [INFO] No valid setup. Waiting.
2026-04-16 23:09:26,878 [INFO] Pairs:BTCUSD
2026-04-16 23:09:26,878 [INFO] Sleeping for 1.0 minutes...
2026-04-16 23:09:54,614 [INFO] Waking up to check market conditions...
2026-04-16 23:09:54,651 [INFO] No valid setup. Waiting.
2026-04-16 23:09:54,652 [INFO] Pairs:XAUUSD
2026-04-16 23:09:54,653 [INFO] Sleeping for 1.0 minutes...
2026-04-16 23:10:26,879 [INFO] Waking up to check market conditions...
2026-04-16 23:10:26,928 [INFO] No valid setup. Waiting.
2026-04-16 23:10:26,928 [INFO] Pairs:BTCUSD
2026-04-16 23:10:26,929 [INFO] Sleeping for 1.0 minutes...
2026-04-16 23:10:54,654 [INFO] Waking up to check market conditions...
2026-04-16 23:10:54,689 [INFO] No valid setup. Waiting.
2026-04-16 23:10:54,690 [INFO] Pairs:XAUUSD
2026-04-16 23:10:54,691 [INFO] Sleeping for 1.0 minutes...
2026-04-16 23:11:26,929 [INFO] Waking up to check market conditions...
2026-04-16 23:11:26,979 [INFO] No valid setup. Waiting.
2026-04-16 23:11:26,980 [INFO] Pairs:BTCUSD
2026-04-16 23:11:26,980 [INFO] Sleeping for 1.0 minutes...
2026-04-16 23:11:54,692 [INFO] Waking up to check market conditions...
2026-04-16 23:11:54,730 [INFO] No valid setup. Waiting.
2026-04-16 23:11:54,730 [INFO] Pairs:XAUUSD
2026-04-16 23:11:54,732 [INFO] Sleeping for 1.0 minutes...
2026-04-16 23:12:26,981 [INFO] Waking up to check market conditions...
2026-04-16 23:12:27,030 [INFO] No valid setup. Waiting.
2026-04-16 23:12:27,031 [INFO] Pairs:BTCUSD
2026-04-16 23:12:27,031 [INFO] Sleeping for 1.0 minutes...
2026-04-16 23:12:54,733 [INFO] Waking up to check market conditions...
2026-04-16 23:12:54,769 [INFO] No valid setup. Waiting.
2026-04-16 23:12:54,769 [INFO] Pairs:XAUUSD
2026-04-16 23:12:54,771 [INFO] Sleeping for 1.0 minutes...
2026-04-16 23:13:27,032 [INFO] Waking up to check market conditions...
2026-04-16 23:13:27,082 [INFO] No valid setup. Waiting.
2026-04-16 23:13:27,082 [INFO] Pairs:BTCUSD
2026-04-16 23:13:27,083 [INFO] Sleeping for 1.0 minutes...
2026-04-16 23:13:54,772 [INFO] Waking up to check market conditions...
2026-04-16 23:13:54,808 [INFO] No valid setup. Waiting.
2026-04-16 23:13:54,809 [INFO] Pairs:XAUUSD
2026-04-16 23:13:54,810 [INFO] Sleeping for 1.0 minutes...
2026-04-16 23:14:27,084 [INFO] Waking up to check market conditions...
2026-04-16 23:14:27,133 [INFO] No valid setup. Waiting.
2026-04-16 23:14:27,133 [INFO] Pairs:BTCUSD
2026-04-16 23:14:27,134 [INFO] Sleeping for 1.0 minutes...
2026-04-16 23:14:54,811 [INFO] Waking up to check market conditions...
2026-04-16 23:14:54,848 [INFO] No valid setup. Waiting.
2026-04-16 23:14:54,849 [INFO] Pairs:XAUUSD
2026-04-16 23:14:54,850 [INFO] Sleeping for 1.0 minutes...
2026-04-16 23:15:27,134 [INFO] Waking up to check market conditions...
2026-04-16 23:15:27,183 [INFO] No valid setup. Waiting.
2026-04-16 23:15:27,184 [INFO] Pairs:BTCUSD
2026-04-16 23:15:27,184 [INFO] Sleeping for 1.0 minutes...
2026-04-16 23:15:54,851 [INFO] Waking up to check market conditions...
2026-04-16 23:15:54,886 [INFO] No valid setup. Waiting.
2026-04-16 23:15:54,887 [INFO] Pairs:XAUUSD
2026-04-16 23:15:54,888 [INFO] Sleeping for 1.0 minutes...
2026-04-16 23:16:27,185 [INFO] Waking up to check market conditions...
2026-04-16 23:16:27,234 [INFO] No valid setup. Waiting.
2026-04-16 23:16:27,235 [INFO] Pairs:BTCUSD
2026-04-16 23:16:27,235 [INFO] Sleeping for 1.0 minutes...
2026-04-16 23:16:54,889 [INFO] Waking up to check market conditions...
2026-04-16 23:16:54,925 [INFO] No valid setup. Waiting.
2026-04-16 23:16:54,926 [INFO] Pairs:XAUUSD
2026-04-16 23:16:54,927 [INFO] Sleeping for 1.0 minutes...
2026-04-16 23:17:27,236 [INFO] Waking up to check market conditions...
2026-04-16 23:17:27,285 [INFO] No valid setup. Waiting.
2026-04-16 23:17:27,286 [INFO] Pairs:BTCUSD
2026-04-16 23:17:27,286 [INFO] Sleeping for 1.0 minutes...
2026-04-16 23:17:54,928 [INFO] Waking up to check market conditions...
2026-04-16 23:17:54,965 [INFO] No valid setup. Waiting.
2026-04-16 23:17:54,965 [INFO] Pairs:XAUUSD
2026-04-16 23:17:54,967 [INFO] Sleeping for 1.0 minutes...
2026-04-16 23:18:27,287 [INFO] Waking up to check market conditions...
2026-04-16 23:18:27,341 [INFO] No valid setup. Waiting.
2026-04-16 23:18:27,341 [INFO] Pairs:BTCUSD
2026-04-16 23:18:27,342 [INFO] Sleeping for 1.0 minutes...
2026-04-16 23:18:54,968 [INFO] Waking up to check market conditions...
2026-04-16 23:18:55,005 [INFO] No valid setup. Waiting.
2026-04-16 23:18:55,005 [INFO] Pairs:XAUUSD
2026-04-16 23:18:55,007 [INFO] Sleeping for 1.0 minutes...
2026-04-16 23:19:27,343 [INFO] Waking up to check market conditions...
2026-04-16 23:19:27,391 [INFO] No valid setup. Waiting.
2026-04-16 23:19:27,392 [INFO] Pairs:BTCUSD
2026-04-16 23:19:27,392 [INFO] Sleeping for 1.0 minutes...
2026-04-16 23:19:55,007 [INFO] Waking up to check market conditions...
2026-04-16 23:19:55,043 [INFO] No valid setup. Waiting.
2026-04-16 23:19:55,044 [INFO] Pairs:XAUUSD
2026-04-16 23:19:55,046 [INFO] Sleeping for 1.0 minutes...
2026-04-16 23:20:27,393 [INFO] Waking up to check market conditions...
2026-04-16 23:20:27,448 [INFO] No valid setup. Waiting.
2026-04-16 23:20:27,448 [INFO] Pairs:BTCUSD
2026-04-16 23:20:27,449 [INFO] Sleeping for 1.0 minutes...
2026-04-16 23:20:55,046 [INFO] Waking up to check market conditions...
2026-04-16 23:20:55,083 [INFO] No valid setup. Waiting.
2026-04-16 23:20:55,083 [INFO] Pairs:XAUUSD
2026-04-16 23:20:55,085 [INFO] Sleeping for 1.0 minutes...
2026-04-16 23:21:27,449 [INFO] Waking up to check market conditions...
2026-04-16 23:21:27,499 [INFO] No valid setup. Waiting.
2026-04-16 23:21:27,500 [INFO] Pairs:BTCUSD
2026-04-16 23:21:27,500 [INFO] Sleeping for 1.0 minutes...
2026-04-16 23:21:55,086 [INFO] Waking up to check market conditions...
2026-04-16 23:21:55,123 [INFO] No valid setup. Waiting.
2026-04-16 23:21:55,123 [INFO] Pairs:XAUUSD
2026-04-16 23:21:55,125 [INFO] Sleeping for 1.0 minutes...
2026-04-16 23:22:27,501 [INFO] Waking up to check market conditions...
2026-04-16 23:22:27,550 [INFO] No valid setup. Waiting.
2026-04-16 23:22:27,551 [INFO] Pairs:BTCUSD
2026-04-16 23:22:27,551 [INFO] Sleeping for 1.0 minutes...
2026-04-16 23:22:55,126 [INFO] Waking up to check market conditions...
2026-04-16 23:22:55,162 [INFO] No valid setup. Waiting.
2026-04-16 23:22:55,162 [INFO] Pairs:XAUUSD
2026-04-16 23:22:55,164 [INFO] Sleeping for 1.0 minutes...
2026-04-16 23:23:27,552 [INFO] Waking up to check market conditions...
2026-04-16 23:23:27,601 [INFO] No valid setup. Waiting.
2026-04-16 23:23:27,601 [INFO] Pairs:BTCUSD
2026-04-16 23:23:27,602 [INFO] Sleeping for 1.0 minutes...
2026-04-16 23:23:55,164 [INFO] Waking up to check market conditions...
2026-04-16 23:23:55,201 [INFO] No valid setup. Waiting.
2026-04-16 23:23:55,201 [INFO] Pairs:XAUUSD
2026-04-16 23:23:55,203 [INFO] Sleeping for 1.0 minutes...
2026-04-16 23:24:27,603 [INFO] Waking up to check market conditions...
2026-04-16 23:24:27,652 [INFO] No valid setup. Waiting.
2026-04-16 23:24:27,652 [INFO] Pairs:BTCUSD
2026-04-16 23:24:27,653 [INFO] Sleeping for 1.0 minutes...
2026-04-16 23:24:55,204 [INFO] Waking up to check market conditions...
2026-04-16 23:24:55,240 [INFO] No valid setup. Waiting.
2026-04-16 23:24:55,241 [INFO] Pairs:XAUUSD
2026-04-16 23:24:55,242 [INFO] Sleeping for 1.0 minutes...
2026-04-16 23:25:27,654 [INFO] Waking up to check market conditions...
2026-04-16 23:25:27,703 [INFO] No valid setup. Waiting.
2026-04-16 23:25:27,703 [INFO] Pairs:BTCUSD
2026-04-16 23:25:27,704 [INFO] Sleeping for 1.0 minutes...
2026-04-16 23:25:55,243 [INFO] Waking up to check market conditions...
2026-04-16 23:25:55,280 [INFO] No valid setup. Waiting.
2026-04-16 23:25:55,280 [INFO] Pairs:XAUUSD
2026-04-16 23:25:55,282 [INFO] Sleeping for 1.0 minutes...
2026-04-16 23:26:27,704 [INFO] Waking up to check market conditions...
2026-04-16 23:26:27,753 [INFO] No valid setup. Waiting.
2026-04-16 23:26:27,754 [INFO] Pairs:BTCUSD
2026-04-16 23:26:27,754 [INFO] Sleeping for 1.0 minutes...
2026-04-16 23:26:55,283 [INFO] Waking up to check market conditions...
2026-04-16 23:26:55,320 [INFO] No valid setup. Waiting.
2026-04-16 23:26:55,320 [INFO] Pairs:XAUUSD
2026-04-16 23:26:55,322 [INFO] Sleeping for 1.0 minutes...
2026-04-16 23:27:27,755 [INFO] Waking up to check market conditions...
2026-04-16 23:27:27,805 [INFO] No valid setup. Waiting.
2026-04-16 23:27:27,805 [INFO] Pairs:BTCUSD
2026-04-16 23:27:27,806 [INFO] Sleeping for 1.0 minutes...
2026-04-16 23:27:55,322 [INFO] Waking up to check market conditions...
2026-04-16 23:27:55,360 [INFO] No valid setup. Waiting.
2026-04-16 23:27:55,360 [INFO] Pairs:XAUUSD
2026-04-16 23:27:55,362 [INFO] Sleeping for 1.0 minutes...
2026-04-16 23:28:27,807 [INFO] Waking up to check market conditions...
2026-04-16 23:28:27,856 [INFO] No valid setup. Waiting.
2026-04-16 23:28:27,856 [INFO] Pairs:BTCUSD
2026-04-16 23:28:27,857 [INFO] Sleeping for 1.0 minutes...
2026-04-16 23:28:55,363 [INFO] Waking up to check market conditions...
2026-04-16 23:28:55,400 [INFO] No valid setup. Waiting.
2026-04-16 23:28:55,400 [INFO] Pairs:XAUUSD
2026-04-16 23:28:55,402 [INFO] Sleeping for 1.0 minutes...
2026-04-16 23:29:27,858 [INFO] Waking up to check market conditions...
2026-04-16 23:29:27,907 [INFO] No valid setup. Waiting.
2026-04-16 23:29:27,907 [INFO] Pairs:BTCUSD
2026-04-16 23:29:27,908 [INFO] Sleeping for 1.0 minutes...
2026-04-16 23:29:55,403 [INFO] Waking up to check market conditions...
2026-04-16 23:29:55,437 [INFO] No valid setup. Waiting.
2026-04-16 23:29:55,438 [INFO] Pairs:XAUUSD
2026-04-16 23:29:55,439 [INFO] Sleeping for 1.0 minutes...
2026-04-16 23:30:27,909 [INFO] Waking up to check market conditions...
2026-04-16 23:30:27,959 [INFO] No valid setup. Waiting.
2026-04-16 23:30:27,960 [INFO] Pairs:BTCUSD
2026-04-16 23:30:27,960 [INFO] Sleeping for 1.0 minutes...
2026-04-16 23:30:55,440 [INFO] Waking up to check market conditions...
2026-04-16 23:30:55,478 [INFO] No valid setup. Waiting.
2026-04-16 23:30:55,479 [INFO] Pairs:XAUUSD
2026-04-16 23:30:55,480 [INFO] Sleeping for 1.0 minutes...
2026-04-16 23:31:27,961 [INFO] Waking up to check market conditions...
2026-04-16 23:31:28,010 [INFO] No valid setup. Waiting.
2026-04-16 23:31:28,011 [INFO] Pairs:BTCUSD
2026-04-16 23:31:28,011 [INFO] Sleeping for 1.0 minutes...
2026-04-16 23:31:55,481 [INFO] Waking up to check market conditions...
2026-04-16 23:31:55,517 [INFO] No valid setup. Waiting.
2026-04-16 23:31:55,518 [INFO] Pairs:XAUUSD
2026-04-16 23:31:55,519 [INFO] Sleeping for 1.0 minutes...
2026-04-16 23:32:28,012 [INFO] Waking up to check market conditions...
2026-04-16 23:32:28,061 [INFO] No valid setup. Waiting.
2026-04-16 23:32:28,062 [INFO] Pairs:BTCUSD
2026-04-16 23:32:28,062 [INFO] Sleeping for 1.0 minutes...
2026-04-16 23:32:55,520 [INFO] Waking up to check market conditions...
2026-04-16 23:32:55,553 [INFO] No valid setup. Waiting.
2026-04-16 23:32:55,554 [INFO] Pairs:XAUUSD
2026-04-16 23:32:55,555 [INFO] Sleeping for 1.0 minutes...
2026-04-16 23:33:28,063 [INFO] Waking up to check market conditions...
2026-04-16 23:33:28,112 [INFO] No valid setup. Waiting.
2026-04-16 23:33:28,113 [INFO] Pairs:BTCUSD
2026-04-16 23:33:28,113 [INFO] Sleeping for 1.0 minutes...
2026-04-16 23:33:55,556 [INFO] Waking up to check market conditions...
2026-04-16 23:33:55,593 [INFO] No valid setup. Waiting.
2026-04-16 23:33:55,593 [INFO] Pairs:XAUUSD
2026-04-16 23:33:55,595 [INFO] Sleeping for 1.0 minutes...
2026-04-16 23:34:28,114 [INFO] Waking up to check market conditions...
2026-04-16 23:34:28,163 [INFO] No valid setup. Waiting.
2026-04-16 23:34:28,164 [INFO] Pairs:BTCUSD
2026-04-16 23:34:28,164 [INFO] Sleeping for 1.0 minutes...
2026-04-16 23:34:55,596 [INFO] Waking up to check market conditions...
2026-04-16 23:34:55,631 [INFO] No valid setup. Waiting.
2026-04-16 23:34:55,631 [INFO] Pairs:XAUUSD
2026-04-16 23:34:55,633 [INFO] Sleeping for 1.0 minutes...
2026-04-16 23:35:28,165 [INFO] Waking up to check market conditions...
2026-04-16 23:35:28,214 [INFO] No valid setup. Waiting.
2026-04-16 23:35:28,214 [INFO] Pairs:BTCUSD
2026-04-16 23:35:28,215 [INFO] Sleeping for 1.0 minutes...
2026-04-16 23:35:55,634 [INFO] Waking up to check market conditions...
2026-04-16 23:35:55,670 [INFO] No valid setup. Waiting.
2026-04-16 23:35:55,671 [INFO] Pairs:XAUUSD
2026-04-16 23:35:55,672 [INFO] Sleeping for 1.0 minutes...
2026-04-16 23:36:28,215 [INFO] Waking up to check market conditions...
2026-04-16 23:36:28,264 [INFO] No valid setup. Waiting.
2026-04-16 23:36:28,265 [INFO] Pairs:BTCUSD
2026-04-16 23:36:28,265 [INFO] Sleeping for 1.0 minutes...
2026-04-16 23:36:55,673 [INFO] Waking up to check market conditions...
2026-04-16 23:36:55,708 [INFO] No valid setup. Waiting.
2026-04-16 23:36:55,709 [INFO] Pairs:XAUUSD
2026-04-16 23:36:55,711 [INFO] Sleeping for 1.0 minutes...
2026-04-16 23:37:28,266 [INFO] Waking up to check market conditions...
2026-04-16 23:37:28,315 [INFO] No valid setup. Waiting.
2026-04-16 23:37:28,316 [INFO] Pairs:BTCUSD
2026-04-16 23:37:28,316 [INFO] Sleeping for 1.0 minutes...
2026-04-16 23:37:55,712 [INFO] Waking up to check market conditions...
2026-04-16 23:37:55,748 [INFO] No valid setup. Waiting.
2026-04-16 23:37:55,748 [INFO] Pairs:XAUUSD
2026-04-16 23:37:55,750 [INFO] Sleeping for 1.0 minutes...
2026-04-16 23:38:28,317 [INFO] Waking up to check market conditions...
2026-04-16 23:38:28,366 [INFO] No valid setup. Waiting.
2026-04-16 23:38:28,367 [INFO] Pairs:BTCUSD
2026-04-16 23:38:28,367 [INFO] Sleeping for 1.0 minutes...
2026-04-16 23:38:55,750 [INFO] Waking up to check market conditions...
2026-04-16 23:38:55,788 [INFO] No valid setup. Waiting.
2026-04-16 23:38:55,788 [INFO] Pairs:XAUUSD
2026-04-16 23:38:55,790 [INFO] Sleeping for 1.0 minutes...
2026-04-16 23:39:28,368 [INFO] Waking up to check market conditions...
2026-04-16 23:39:28,417 [INFO] No valid setup. Waiting.
2026-04-16 23:39:28,418 [INFO] Pairs:BTCUSD
2026-04-16 23:39:28,418 [INFO] Sleeping for 1.0 minutes...
2026-04-16 23:39:55,791 [INFO] Waking up to check market conditions...
2026-04-16 23:39:55,827 [INFO] No valid setup. Waiting.
2026-04-16 23:39:55,828 [INFO] Pairs:XAUUSD
2026-04-16 23:39:55,830 [INFO] Sleeping for 1.0 minutes...
2026-04-16 23:40:28,419 [INFO] Waking up to check market conditions...
2026-04-16 23:40:28,468 [INFO] No valid setup. Waiting.
2026-04-16 23:40:28,469 [INFO] Pairs:BTCUSD
2026-04-16 23:40:28,469 [INFO] Sleeping for 1.0 minutes...
2026-04-16 23:40:55,831 [INFO] Waking up to check market conditions...
2026-04-16 23:40:55,866 [INFO] No valid setup. Waiting.
2026-04-16 23:40:55,866 [INFO] Pairs:XAUUSD
2026-04-16 23:40:55,868 [INFO] Sleeping for 1.0 minutes...
2026-04-16 23:41:28,470 [INFO] Waking up to check market conditions...
2026-04-16 23:41:28,519 [INFO] No valid setup. Waiting.
2026-04-16 23:41:28,520 [INFO] Pairs:BTCUSD
2026-04-16 23:41:28,520 [INFO] Sleeping for 1.0 minutes...
2026-04-16 23:41:55,869 [INFO] Waking up to check market conditions...
2026-04-16 23:41:55,906 [INFO] No valid setup. Waiting.
2026-04-16 23:41:55,906 [INFO] Pairs:XAUUSD
2026-04-16 23:41:55,908 [INFO] Sleeping for 1.0 minutes...
2026-04-16 23:42:28,522 [INFO] Waking up to check market conditions...
2026-04-16 23:42:28,573 [INFO] No valid setup. Waiting.
2026-04-16 23:42:28,573 [INFO] Pairs:BTCUSD
2026-04-16 23:42:28,574 [INFO] Sleeping for 1.0 minutes...
2026-04-16 23:42:55,909 [INFO] Waking up to check market conditions...
2026-04-16 23:42:55,943 [INFO] No valid setup. Waiting.
2026-04-16 23:42:55,943 [INFO] Pairs:XAUUSD
2026-04-16 23:42:55,945 [INFO] Sleeping for 1.0 minutes...
2026-04-16 23:43:28,574 [INFO] Waking up to check market conditions...
2026-04-16 23:43:28,623 [INFO] No valid setup. Waiting.
2026-04-16 23:43:28,624 [INFO] Pairs:BTCUSD
2026-04-16 23:43:28,624 [INFO] Sleeping for 1.0 minutes...
2026-04-16 23:43:55,946 [INFO] Waking up to check market conditions...
2026-04-16 23:43:55,981 [INFO] No valid setup. Waiting.
2026-04-16 23:43:55,982 [INFO] Pairs:XAUUSD
2026-04-16 23:43:55,983 [INFO] Sleeping for 1.0 minutes...
2026-04-16 23:44:28,625 [INFO] Waking up to check market conditions...
2026-04-16 23:44:28,674 [INFO] No valid setup. Waiting.
2026-04-16 23:44:28,675 [INFO] Pairs:BTCUSD
2026-04-16 23:44:28,675 [INFO] Sleeping for 1.0 minutes...
2026-04-16 23:44:55,984 [INFO] Waking up to check market conditions...
2026-04-16 23:44:56,020 [INFO] No valid setup. Waiting.
2026-04-16 23:44:56,021 [INFO] Pairs:XAUUSD
2026-04-16 23:44:56,022 [INFO] Sleeping for 1.0 minutes...
2026-04-16 23:45:28,676 [INFO] Waking up to check market conditions...
2026-04-16 23:45:28,723 [INFO] No valid setup. Waiting.
2026-04-16 23:45:28,723 [INFO] Pairs:BTCUSD
2026-04-16 23:45:28,724 [INFO] Sleeping for 1.0 minutes...
2026-04-16 23:45:56,023 [INFO] Waking up to check market conditions...
2026-04-16 23:45:56,060 [INFO] No valid setup. Waiting.
2026-04-16 23:45:56,060 [INFO] Pairs:XAUUSD
2026-04-16 23:45:56,062 [INFO] Sleeping for 1.0 minutes...
2026-04-16 23:46:28,725 [INFO] Waking up to check market conditions...
2026-04-16 23:46:28,774 [INFO] No valid setup. Waiting.
2026-04-16 23:46:28,774 [INFO] Pairs:BTCUSD
2026-04-16 23:46:28,775 [INFO] Sleeping for 1.0 minutes...
2026-04-16 23:46:56,063 [INFO] Waking up to check market conditions...
2026-04-16 23:46:56,099 [INFO] No valid setup. Waiting.
2026-04-16 23:46:56,099 [INFO] Pairs:XAUUSD
2026-04-16 23:46:56,101 [INFO] Sleeping for 1.0 minutes...
2026-04-16 23:47:28,775 [INFO] Waking up to check market conditions...
2026-04-16 23:47:28,825 [INFO] No valid setup. Waiting.
2026-04-16 23:47:28,825 [INFO] Pairs:BTCUSD
2026-04-16 23:47:28,826 [INFO] Sleeping for 1.0 minutes...
2026-04-16 23:47:56,102 [INFO] Waking up to check market conditions...
2026-04-16 23:47:56,139 [INFO] No valid setup. Waiting.
2026-04-16 23:47:56,139 [INFO] Pairs:XAUUSD
2026-04-16 23:47:56,140 [INFO] Sleeping for 1.0 minutes...
2026-04-16 23:48:28,826 [INFO] Waking up to check market conditions...
2026-04-16 23:48:28,875 [INFO] No valid setup. Waiting.
2026-04-16 23:48:28,876 [INFO] Pairs:BTCUSD
2026-04-16 23:48:28,876 [INFO] Sleeping for 1.0 minutes...
2026-04-16 23:48:56,142 [INFO] Waking up to check market conditions...
2026-04-16 23:48:56,178 [INFO] No valid setup. Waiting.
2026-04-16 23:48:56,179 [INFO] Pairs:XAUUSD
2026-04-16 23:48:56,180 [INFO] Sleeping for 1.0 minutes...
2026-04-16 23:49:28,877 [INFO] Waking up to check market conditions...
2026-04-16 23:49:28,926 [INFO] No valid setup. Waiting.
2026-04-16 23:49:28,927 [INFO] Pairs:BTCUSD
2026-04-16 23:49:28,927 [INFO] Sleeping for 1.0 minutes...
2026-04-16 23:49:56,182 [INFO] Waking up to check market conditions...
2026-04-16 23:49:56,217 [INFO] No valid setup. Waiting.
2026-04-16 23:49:56,218 [INFO] Pairs:XAUUSD
2026-04-16 23:49:56,219 [INFO] Sleeping for 1.0 minutes...
2026-04-16 23:50:28,928 [INFO] Waking up to check market conditions...
2026-04-16 23:50:28,977 [INFO] No valid setup. Waiting.
2026-04-16 23:50:28,978 [INFO] Pairs:BTCUSD
2026-04-16 23:50:28,978 [INFO] Sleeping for 1.0 minutes...
2026-04-16 23:50:56,220 [INFO] Waking up to check market conditions...
2026-04-16 23:50:56,257 [INFO] No valid setup. Waiting.
2026-04-16 23:50:56,258 [INFO] Pairs:XAUUSD
2026-04-16 23:50:56,259 [INFO] Sleeping for 1.0 minutes...
2026-04-16 23:51:28,979 [INFO] Waking up to check market conditions...
2026-04-16 23:51:29,028 [INFO] No valid setup. Waiting.
2026-04-16 23:51:29,029 [INFO] Pairs:BTCUSD
2026-04-16 23:51:29,029 [INFO] Sleeping for 1.0 minutes...
2026-04-16 23:51:56,260 [INFO] Waking up to check market conditions...
2026-04-16 23:51:56,296 [INFO] No valid setup. Waiting.
2026-04-16 23:51:56,297 [INFO] Pairs:XAUUSD
2026-04-16 23:51:56,298 [INFO] Sleeping for 1.0 minutes...
2026-04-16 23:52:29,030 [INFO] Waking up to check market conditions...
2026-04-16 23:52:29,079 [INFO] No valid setup. Waiting.
2026-04-16 23:52:29,080 [INFO] Pairs:BTCUSD
2026-04-16 23:52:29,080 [INFO] Sleeping for 1.0 minutes...
2026-04-16 23:52:56,300 [INFO] Waking up to check market conditions...
2026-04-16 23:52:56,336 [INFO] No valid setup. Waiting.
2026-04-16 23:52:56,337 [INFO] Pairs:XAUUSD
2026-04-16 23:52:56,338 [INFO] Sleeping for 1.0 minutes...
2026-04-16 23:53:29,081 [INFO] Waking up to check market conditions...
2026-04-16 23:53:29,130 [INFO] No valid setup. Waiting.
2026-04-16 23:53:29,130 [INFO] Pairs:BTCUSD
2026-04-16 23:53:29,131 [INFO] Sleeping for 1.0 minutes...
2026-04-16 23:53:56,339 [INFO] Waking up to check market conditions...
2026-04-16 23:53:56,376 [INFO] No valid setup. Waiting.
2026-04-16 23:53:56,376 [INFO] Pairs:XAUUSD
2026-04-16 23:53:56,378 [INFO] Sleeping for 1.0 minutes...
2026-04-16 23:54:29,132 [INFO] Waking up to check market conditions...
2026-04-16 23:54:29,181 [INFO] No valid setup. Waiting.
2026-04-16 23:54:29,181 [INFO] Pairs:BTCUSD
2026-04-16 23:54:29,181 [INFO] Sleeping for 1.0 minutes...
2026-04-16 23:54:56,379 [INFO] Waking up to check market conditions...
2026-04-16 23:54:56,415 [INFO] No valid setup. Waiting.
2026-04-16 23:54:56,416 [INFO] Pairs:XAUUSD
2026-04-16 23:54:56,417 [INFO] Sleeping for 1.0 minutes...
2026-04-16 23:55:29,182 [INFO] Waking up to check market conditions...
2026-04-16 23:55:29,231 [INFO] No valid setup. Waiting.
2026-04-16 23:55:29,231 [INFO] Pairs:BTCUSD
2026-04-16 23:55:29,232 [INFO] Sleeping for 1.0 minutes...
2026-04-16 23:55:56,418 [INFO] Waking up to check market conditions...
2026-04-16 23:55:56,453 [INFO] No valid setup. Waiting.
2026-04-16 23:55:56,454 [INFO] Pairs:XAUUSD
2026-04-16 23:55:56,455 [INFO] Sleeping for 1.0 minutes...
2026-04-16 23:56:29,233 [INFO] Waking up to check market conditions...
2026-04-16 23:56:29,279 [INFO] No valid setup. Waiting.
2026-04-16 23:56:29,280 [INFO] Pairs:BTCUSD
2026-04-16 23:56:29,280 [INFO] Sleeping for 1.0 minutes...
2026-04-16 23:56:56,457 [INFO] Waking up to check market conditions...
2026-04-16 23:56:56,494 [INFO] No valid setup. Waiting.
2026-04-16 23:56:56,495 [INFO] Pairs:XAUUSD
2026-04-16 23:56:56,496 [INFO] Sleeping for 1.0 minutes...
2026-04-16 23:57:29,281 [INFO] Waking up to check market conditions...
2026-04-16 23:57:29,331 [INFO] No valid setup. Waiting.
2026-04-16 23:57:29,331 [INFO] Pairs:BTCUSD
2026-04-16 23:57:29,332 [INFO] Sleeping for 1.0 minutes...
2026-04-16 23:57:56,497 [INFO] Waking up to check market conditions...
2026-04-16 23:57:56,533 [INFO] No valid setup. Waiting.
2026-04-16 23:57:56,534 [INFO] Pairs:XAUUSD
2026-04-16 23:57:56,535 [INFO] Sleeping for 1.0 minutes...
2026-04-16 23:58:29,332 [INFO] Waking up to check market conditions...
2026-04-16 23:58:29,381 [INFO] No valid setup. Waiting.
2026-04-16 23:58:29,382 [INFO] Pairs:BTCUSD
2026-04-16 23:58:29,382 [INFO] Sleeping for 1.0 minutes...
2026-04-16 23:58:56,537 [INFO] Waking up to check market conditions...
2026-04-16 23:58:56,572 [INFO] No valid setup. Waiting.
2026-04-16 23:58:56,573 [INFO] Pairs:XAUUSD
2026-04-16 23:58:56,574 [INFO] Sleeping for 1.0 minutes...
2026-04-16 23:59:29,383 [INFO] Waking up to check market conditions...
2026-04-16 23:59:29,433 [INFO] No valid setup. Waiting.
2026-04-16 23:59:29,433 [INFO] Pairs:BTCUSD
2026-04-16 23:59:29,433 [INFO] Sleeping for 1.0 minutes...
2026-04-16 23:59:56,575 [INFO] Waking up to check market conditions...
2026-04-16 23:59:56,612 [INFO] No valid setup. Waiting.
2026-04-16 23:59:56,612 [INFO] Pairs:XAUUSD
2026-04-16 23:59:56,614 [INFO] Sleeping for 1.0 minutes...
2026-04-17 00:00:29,434 [INFO] Waking up to check market conditions...
2026-04-17 00:00:29,481 [INFO] No valid setup. Waiting.
2026-04-17 00:00:29,482 [INFO] Pairs:BTCUSD
2026-04-17 00:00:29,482 [INFO] Sleeping for 1.0 minutes...
2026-04-17 00:00:56,615 [INFO] Waking up to check market conditions...
2026-04-17 00:00:56,651 [INFO] No valid setup. Waiting.
2026-04-17 00:00:56,651 [INFO] Pairs:XAUUSD
2026-04-17 00:00:56,653 [INFO] Sleeping for 1.0 minutes...
2026-04-17 00:01:29,483 [INFO] Waking up to check market conditions...
2026-04-17 00:01:29,533 [INFO] No valid setup. Waiting.
2026-04-17 00:01:29,534 [INFO] Pairs:BTCUSD
2026-04-17 00:01:29,534 [INFO] Sleeping for 1.0 minutes...
2026-04-17 00:01:56,654 [INFO] Waking up to check market conditions...
2026-04-17 00:01:56,690 [INFO] No valid setup. Waiting.
2026-04-17 00:01:56,690 [INFO] Pairs:XAUUSD
2026-04-17 00:01:56,692 [INFO] Sleeping for 1.0 minutes...
2026-04-17 00:02:29,535 [INFO] Waking up to check market conditions...
2026-04-17 00:02:29,584 [INFO] No valid setup. Waiting.
2026-04-17 00:02:29,584 [INFO] Pairs:BTCUSD
2026-04-17 00:02:29,584 [INFO] Sleeping for 1.0 minutes...
2026-04-17 00:02:56,693 [INFO] Waking up to check market conditions...
2026-04-17 00:02:56,730 [INFO] No valid setup. Waiting.
2026-04-17 00:02:56,730 [INFO] Pairs:XAUUSD
2026-04-17 00:02:56,732 [INFO] Sleeping for 1.0 minutes...
2026-04-17 00:03:29,585 [INFO] Waking up to check market conditions...
2026-04-17 00:03:29,635 [INFO] No valid setup. Waiting.
2026-04-17 00:03:29,635 [INFO] Pairs:BTCUSD
2026-04-17 00:03:29,635 [INFO] Sleeping for 1.0 minutes...
2026-04-17 00:03:56,733 [INFO] Waking up to check market conditions...
2026-04-17 00:03:56,769 [INFO] No valid setup. Waiting.
2026-04-17 00:03:56,770 [INFO] Pairs:XAUUSD
2026-04-17 00:03:56,771 [INFO] Sleeping for 1.0 minutes...
2026-04-17 00:04:29,636 [INFO] Waking up to check market conditions...
2026-04-17 00:04:29,685 [INFO] No valid setup. Waiting.
2026-04-17 00:04:29,686 [INFO] Pairs:BTCUSD
2026-04-17 00:04:29,686 [INFO] Sleeping for 1.0 minutes...
2026-04-17 00:04:56,773 [INFO] Waking up to check market conditions...
2026-04-17 00:04:56,809 [INFO] No valid setup. Waiting.
2026-04-17 00:04:56,810 [INFO] Pairs:XAUUSD
2026-04-17 00:04:56,811 [INFO] Sleeping for 1.0 minutes...
2026-04-17 00:05:29,687 [INFO] Waking up to check market conditions...
2026-04-17 00:05:29,736 [INFO] No valid setup. Waiting.
2026-04-17 00:05:29,737 [INFO] Pairs:BTCUSD
2026-04-17 00:05:29,737 [INFO] Sleeping for 1.0 minutes...
2026-04-17 00:05:56,812 [INFO] Waking up to check market conditions...
2026-04-17 00:05:56,849 [INFO] No valid setup. Waiting.
2026-04-17 00:05:56,849 [INFO] Pairs:XAUUSD
2026-04-17 00:05:56,851 [INFO] Sleeping for 1.0 minutes...
2026-04-17 00:06:29,738 [INFO] Waking up to check market conditions...
2026-04-17 00:06:29,787 [INFO] No valid setup. Waiting.
2026-04-17 00:06:29,787 [INFO] Pairs:BTCUSD
2026-04-17 00:06:29,788 [INFO] Sleeping for 1.0 minutes...
2026-04-17 00:06:56,852 [INFO] Waking up to check market conditions...
2026-04-17 00:06:56,888 [INFO] No valid setup. Waiting.
2026-04-17 00:06:56,889 [INFO] Pairs:XAUUSD
2026-04-17 00:06:56,890 [INFO] Sleeping for 1.0 minutes...
2026-04-17 00:07:29,789 [INFO] Waking up to check market conditions...
2026-04-17 00:07:29,838 [INFO] No valid setup. Waiting.
2026-04-17 00:07:29,838 [INFO] Pairs:BTCUSD
2026-04-17 00:07:29,839 [INFO] Sleeping for 1.0 minutes...
2026-04-17 00:07:56,892 [INFO] Waking up to check market conditions...
2026-04-17 00:07:56,929 [INFO] No valid setup. Waiting.
2026-04-17 00:07:56,929 [INFO] Pairs:XAUUSD
2026-04-17 00:07:56,931 [INFO] Sleeping for 1.0 minutes...
2026-04-17 00:08:29,839 [INFO] Waking up to check market conditions...
2026-04-17 00:08:29,888 [INFO] No valid setup. Waiting.
2026-04-17 00:08:29,889 [INFO] Pairs:BTCUSD
2026-04-17 00:08:29,889 [INFO] Sleeping for 1.0 minutes...
2026-04-17 00:08:56,932 [INFO] Waking up to check market conditions...
2026-04-17 00:08:56,969 [INFO] No valid setup. Waiting.
2026-04-17 00:08:56,969 [INFO] Pairs:XAUUSD
2026-04-17 00:08:56,971 [INFO] Sleeping for 1.0 minutes...
2026-04-17 00:09:29,890 [INFO] Waking up to check market conditions...
2026-04-17 00:09:29,939 [INFO] No valid setup. Waiting.
2026-04-17 00:09:29,940 [INFO] Pairs:BTCUSD
2026-04-17 00:09:29,940 [INFO] Sleeping for 1.0 minutes...
2026-04-17 00:09:56,972 [INFO] Waking up to check market conditions...
2026-04-17 00:09:57,008 [INFO] No valid setup. Waiting.
2026-04-17 00:09:57,008 [INFO] Pairs:XAUUSD
2026-04-17 00:09:57,011 [INFO] Sleeping for 1.0 minutes...
2026-04-17 00:10:29,941 [INFO] Waking up to check market conditions...
2026-04-17 00:10:29,989 [INFO] No valid setup. Waiting.
2026-04-17 00:10:29,990 [INFO] Pairs:BTCUSD
2026-04-17 00:10:29,990 [INFO] Sleeping for 1.0 minutes...
2026-04-17 00:10:57,012 [INFO] Waking up to check market conditions...
2026-04-17 00:10:57,048 [INFO] No valid setup. Waiting.
2026-04-17 00:10:57,048 [INFO] Pairs:XAUUSD
2026-04-17 00:10:57,050 [INFO] Sleeping for 1.0 minutes...
2026-04-17 00:11:29,991 [INFO] Waking up to check market conditions...
2026-04-17 00:11:30,041 [INFO] No valid setup. Waiting.
2026-04-17 00:11:30,041 [INFO] Pairs:BTCUSD
2026-04-17 00:11:30,042 [INFO] Sleeping for 1.0 minutes...
2026-04-17 00:11:57,051 [INFO] Waking up to check market conditions...
2026-04-17 00:11:57,088 [INFO] No valid setup. Waiting.
2026-04-17 00:11:57,088 [INFO] Pairs:XAUUSD
2026-04-17 00:11:57,089 [INFO] Sleeping for 1.0 minutes...
2026-04-17 00:12:30,042 [INFO] Waking up to check market conditions...
2026-04-17 00:12:30,092 [INFO] No valid setup. Waiting.
2026-04-17 00:12:30,092 [INFO] Pairs:BTCUSD
2026-04-17 00:12:30,093 [INFO] Sleeping for 1.0 minutes...
2026-04-17 00:12:57,091 [INFO] Waking up to check market conditions...
2026-04-17 00:12:57,127 [INFO] No valid setup. Waiting.
2026-04-17 00:12:57,128 [INFO] Pairs:XAUUSD
2026-04-17 00:12:57,129 [INFO] Sleeping for 1.0 minutes...
2026-04-17 00:13:30,093 [INFO] Waking up to check market conditions...
2026-04-17 00:13:30,143 [INFO] No valid setup. Waiting.
2026-04-17 00:13:30,144 [INFO] Pairs:BTCUSD
2026-04-17 00:13:30,144 [INFO] Sleeping for 1.0 minutes...
2026-04-17 00:13:57,130 [INFO] Waking up to check market conditions...
2026-04-17 00:13:57,165 [INFO] No valid setup. Waiting.
2026-04-17 00:13:57,166 [INFO] Pairs:XAUUSD
2026-04-17 00:13:57,167 [INFO] Sleeping for 1.0 minutes...
2026-04-17 00:14:30,145 [INFO] Waking up to check market conditions...
2026-04-17 00:14:30,195 [INFO] No valid setup. Waiting.
2026-04-17 00:14:30,196 [INFO] Pairs:BTCUSD
2026-04-17 00:14:30,196 [INFO] Sleeping for 1.0 minutes...
2026-04-17 00:14:57,168 [INFO] Waking up to check market conditions...
2026-04-17 00:14:57,205 [INFO] No valid setup. Waiting.
2026-04-17 00:14:57,206 [INFO] Pairs:XAUUSD
2026-04-17 00:14:57,207 [INFO] Sleeping for 1.0 minutes...
2026-04-17 00:15:30,197 [INFO] Waking up to check market conditions...
2026-04-17 00:15:30,246 [INFO] No valid setup. Waiting.
2026-04-17 00:15:30,247 [INFO] Pairs:BTCUSD
2026-04-17 00:15:30,247 [INFO] Sleeping for 1.0 minutes...
2026-04-17 00:15:57,208 [INFO] Waking up to check market conditions...
2026-04-17 00:15:57,244 [INFO] No valid setup. Waiting.
2026-04-17 00:15:57,245 [INFO] Pairs:XAUUSD
2026-04-17 00:15:57,246 [INFO] Sleeping for 1.0 minutes...
2026-04-17 00:16:30,248 [INFO] Waking up to check market conditions...
2026-04-17 00:16:30,297 [INFO] No valid setup. Waiting.
2026-04-17 00:16:30,298 [INFO] Pairs:BTCUSD
2026-04-17 00:16:30,298 [INFO] Sleeping for 1.0 minutes...
2026-04-17 00:16:57,247 [INFO] Waking up to check market conditions...
2026-04-17 00:16:57,280 [INFO] No valid setup. Waiting.
2026-04-17 00:16:57,281 [INFO] Pairs:XAUUSD
2026-04-17 00:16:57,282 [INFO] Sleeping for 1.0 minutes...
2026-04-17 00:17:30,299 [INFO] Waking up to check market conditions...
2026-04-17 00:17:30,348 [INFO] No valid setup. Waiting.
2026-04-17 00:17:30,349 [INFO] Pairs:BTCUSD
2026-04-17 00:17:30,349 [INFO] Sleeping for 1.0 minutes...
2026-04-17 00:17:57,283 [INFO] Waking up to check market conditions...
2026-04-17 00:17:57,320 [INFO] No valid setup. Waiting.
2026-04-17 00:17:57,321 [INFO] Pairs:XAUUSD
2026-04-17 00:17:57,322 [INFO] Sleeping for 1.0 minutes...
2026-04-17 00:18:30,350 [INFO] Waking up to check market conditions...
2026-04-17 00:18:30,399 [INFO] No valid setup. Waiting.
2026-04-17 00:18:30,400 [INFO] Pairs:BTCUSD
2026-04-17 00:18:30,400 [INFO] Sleeping for 1.0 minutes...
2026-04-17 00:18:57,323 [INFO] Waking up to check market conditions...
2026-04-17 00:18:57,360 [INFO] No valid setup. Waiting.
2026-04-17 00:18:57,360 [INFO] Pairs:XAUUSD
2026-04-17 00:18:57,362 [INFO] Sleeping for 1.0 minutes...
2026-04-17 00:19:30,401 [INFO] Waking up to check market conditions...
2026-04-17 00:19:30,450 [INFO] No valid setup. Waiting.
2026-04-17 00:19:30,451 [INFO] Pairs:BTCUSD
2026-04-17 00:19:30,451 [INFO] Sleeping for 1.0 minutes...
2026-04-17 00:19:57,363 [INFO] Waking up to check market conditions...
2026-04-17 00:19:57,399 [INFO] No valid setup. Waiting.
2026-04-17 00:19:57,400 [INFO] Pairs:XAUUSD
2026-04-17 00:19:57,401 [INFO] Sleeping for 1.0 minutes...
2026-04-17 00:20:30,452 [INFO] Waking up to check market conditions...
2026-04-17 00:20:30,501 [INFO] No valid setup. Waiting.
2026-04-17 00:20:30,502 [INFO] Pairs:BTCUSD
2026-04-17 00:20:30,502 [INFO] Sleeping for 1.0 minutes...
2026-04-17 00:20:57,402 [INFO] Waking up to check market conditions...
2026-04-17 00:20:57,439 [INFO] No valid setup. Waiting.
2026-04-17 00:20:57,439 [INFO] Pairs:XAUUSD
2026-04-17 00:20:57,441 [INFO] Sleeping for 1.0 minutes...
2026-04-17 00:21:30,503 [INFO] Waking up to check market conditions...
2026-04-17 00:21:30,552 [INFO] No valid setup. Waiting.
2026-04-17 00:21:30,553 [INFO] Pairs:BTCUSD
2026-04-17 00:21:30,553 [INFO] Sleeping for 1.0 minutes...
2026-04-17 00:21:57,442 [INFO] Waking up to check market conditions...
2026-04-17 00:21:57,479 [INFO] No valid setup. Waiting.
2026-04-17 00:21:57,480 [INFO] Pairs:XAUUSD
2026-04-17 00:21:57,481 [INFO] Sleeping for 1.0 minutes...
2026-04-17 00:22:30,554 [INFO] Waking up to check market conditions...
2026-04-17 00:22:30,603 [INFO] No valid setup. Waiting.
2026-04-17 00:22:30,603 [INFO] Pairs:BTCUSD
2026-04-17 00:22:30,604 [INFO] Sleeping for 1.0 minutes...
2026-04-17 00:22:57,482 [INFO] Waking up to check market conditions...
2026-04-17 00:22:57,518 [INFO] No valid setup. Waiting.
2026-04-17 00:22:57,519 [INFO] Pairs:XAUUSD
2026-04-17 00:22:57,520 [INFO] Sleeping for 1.0 minutes...
2026-04-17 00:23:30,605 [INFO] Waking up to check market conditions...
2026-04-17 00:23:30,654 [INFO] No valid setup. Waiting.
2026-04-17 00:23:30,655 [INFO] Pairs:BTCUSD
2026-04-17 00:23:30,655 [INFO] Sleeping for 1.0 minutes...
2026-04-17 00:23:57,521 [INFO] Waking up to check market conditions...
2026-04-17 00:23:57,558 [INFO] No valid setup. Waiting.
2026-04-17 00:23:57,558 [INFO] Pairs:XAUUSD
2026-04-17 00:23:57,560 [INFO] Sleeping for 1.0 minutes...
2026-04-17 00:24:30,656 [INFO] Waking up to check market conditions...
2026-04-17 00:24:30,705 [INFO] No valid setup. Waiting.
2026-04-17 00:24:30,706 [INFO] Pairs:BTCUSD
2026-04-17 00:24:30,706 [INFO] Sleeping for 1.0 minutes...
2026-04-17 00:24:57,560 [INFO] Waking up to check market conditions...
2026-04-17 00:24:57,597 [INFO] No valid setup. Waiting.
2026-04-17 00:24:57,597 [INFO] Pairs:XAUUSD
2026-04-17 00:24:57,599 [INFO] Sleeping for 1.0 minutes...
2026-04-17 00:25:30,707 [INFO] Waking up to check market conditions...
2026-04-17 00:25:30,756 [INFO] No valid setup. Waiting.
2026-04-17 00:25:30,756 [INFO] Pairs:BTCUSD
2026-04-17 00:25:30,757 [INFO] Sleeping for 1.0 minutes...
2026-04-17 00:25:57,600 [INFO] Waking up to check market conditions...
2026-04-17 00:25:57,636 [INFO] No valid setup. Waiting.
2026-04-17 00:25:57,636 [INFO] Pairs:XAUUSD
2026-04-17 00:25:57,638 [INFO] Sleeping for 1.0 minutes...
2026-04-17 00:26:30,758 [INFO] Waking up to check market conditions...
2026-04-17 00:26:30,807 [INFO] No valid setup. Waiting.
2026-04-17 00:26:30,808 [INFO] Pairs:BTCUSD
2026-04-17 00:26:30,808 [INFO] Sleeping for 1.0 minutes...
2026-04-17 00:26:57,639 [INFO] Waking up to check market conditions...
2026-04-17 00:26:57,675 [INFO] No valid setup. Waiting.
2026-04-17 00:26:57,676 [INFO] Pairs:XAUUSD
2026-04-17 00:26:57,677 [INFO] Sleeping for 1.0 minutes...
2026-04-17 00:27:30,809 [INFO] Waking up to check market conditions...
2026-04-17 00:27:30,859 [INFO] No valid setup. Waiting.
2026-04-17 00:27:30,860 [INFO] Pairs:BTCUSD
2026-04-17 00:27:30,860 [INFO] Sleeping for 1.0 minutes...
2026-04-17 00:27:57,678 [INFO] Waking up to check market conditions...
2026-04-17 00:27:57,715 [INFO] No valid setup. Waiting.
2026-04-17 00:27:57,716 [INFO] Pairs:XAUUSD
2026-04-17 00:27:57,717 [INFO] Sleeping for 1.0 minutes...
2026-04-17 00:28:30,861 [INFO] Waking up to check market conditions...
2026-04-17 00:28:30,910 [INFO] No valid setup. Waiting.
2026-04-17 00:28:30,911 [INFO] Pairs:BTCUSD
2026-04-17 00:28:30,911 [INFO] Sleeping for 1.0 minutes...
2026-04-17 00:28:57,718 [INFO] Waking up to check market conditions...
2026-04-17 00:28:57,755 [INFO] No valid setup. Waiting.
2026-04-17 00:28:57,756 [INFO] Pairs:XAUUSD
2026-04-17 00:28:57,761 [INFO] Sleeping for 1.0 minutes...
2026-04-17 00:29:30,911 [INFO] Waking up to check market conditions...
2026-04-17 00:29:30,966 [INFO] No valid setup. Waiting.
2026-04-17 00:29:30,966 [INFO] Pairs:BTCUSD
2026-04-17 00:29:30,968 [INFO] Sleeping for 1.0 minutes...
2026-04-17 00:29:57,762 [INFO] Waking up to check market conditions...
2026-04-17 00:29:57,797 [INFO] No valid setup. Waiting.
2026-04-17 00:29:57,798 [INFO] Pairs:XAUUSD
2026-04-17 00:29:57,799 [INFO] Sleeping for 1.0 minutes...
2026-04-17 00:30:30,968 [INFO] Waking up to check market conditions...
2026-04-17 00:30:31,021 [INFO] No valid setup. Waiting.
2026-04-17 00:30:31,022 [INFO] Pairs:BTCUSD
2026-04-17 00:30:31,023 [INFO] Sleeping for 1.0 minutes...
2026-04-17 00:30:57,800 [INFO] Waking up to check market conditions...
2026-04-17 00:30:57,837 [INFO] No valid setup. Waiting.
2026-04-17 00:30:57,837 [INFO] Pairs:XAUUSD
2026-04-17 00:30:57,839 [INFO] Sleeping for 1.0 minutes...
2026-04-17 00:31:31,024 [INFO] Waking up to check market conditions...
2026-04-17 00:31:31,076 [INFO] No valid setup. Waiting.
2026-04-17 00:31:31,077 [INFO] Pairs:BTCUSD
2026-04-17 00:31:31,078 [INFO] Sleeping for 1.0 minutes...
2026-04-17 00:31:57,840 [INFO] Waking up to check market conditions...
2026-04-17 00:31:57,879 [INFO] No valid setup. Waiting.
2026-04-17 00:31:57,880 [INFO] Pairs:XAUUSD
2026-04-17 00:31:57,882 [INFO] Sleeping for 1.0 minutes...
2026-04-17 00:32:31,079 [INFO] Waking up to check market conditions...
2026-04-17 00:32:31,134 [INFO] No valid setup. Waiting.
2026-04-17 00:32:31,134 [INFO] Pairs:BTCUSD
2026-04-17 00:32:31,136 [INFO] Sleeping for 1.0 minutes...
2026-04-17 00:32:57,883 [INFO] Waking up to check market conditions...
2026-04-17 00:32:57,920 [INFO] No valid setup. Waiting.
2026-04-17 00:32:57,921 [INFO] Pairs:XAUUSD
2026-04-17 00:32:57,922 [INFO] Sleeping for 1.0 minutes...
2026-04-17 00:33:31,137 [INFO] Waking up to check market conditions...
2026-04-17 00:33:31,189 [INFO] No valid setup. Waiting.
2026-04-17 00:33:31,190 [INFO] Pairs:BTCUSD
2026-04-17 00:33:31,191 [INFO] Sleeping for 1.0 minutes...
2026-04-17 00:33:57,923 [INFO] Waking up to check market conditions...
2026-04-17 00:33:57,959 [INFO] No valid setup. Waiting.
2026-04-17 00:33:57,960 [INFO] Pairs:XAUUSD
2026-04-17 00:33:57,961 [INFO] Sleeping for 1.0 minutes...
2026-04-17 00:34:31,192 [INFO] Waking up to check market conditions...
2026-04-17 00:34:31,244 [INFO] No valid setup. Waiting.
2026-04-17 00:34:31,245 [INFO] Pairs:BTCUSD
2026-04-17 00:34:31,246 [INFO] Sleeping for 1.0 minutes...
2026-04-17 00:34:57,963 [INFO] Waking up to check market conditions...
2026-04-17 00:34:57,999 [INFO] No valid setup. Waiting.
2026-04-17 00:34:58,000 [INFO] Pairs:XAUUSD
2026-04-17 00:34:58,001 [INFO] Sleeping for 1.0 minutes...
2026-04-17 00:35:31,248 [INFO] Waking up to check market conditions...
2026-04-17 00:35:31,298 [INFO] No valid setup. Waiting.
2026-04-17 00:35:31,299 [INFO] Pairs:BTCUSD
2026-04-17 00:35:31,300 [INFO] Sleeping for 1.0 minutes...
2026-04-17 00:35:58,003 [INFO] Waking up to check market conditions...
2026-04-17 00:35:58,038 [INFO] No valid setup. Waiting.
2026-04-17 00:35:58,039 [INFO] Pairs:XAUUSD
2026-04-17 00:35:58,040 [INFO] Sleeping for 1.0 minutes...
2026-04-17 00:36:31,301 [INFO] Waking up to check market conditions...
2026-04-17 00:36:31,353 [INFO] No valid setup. Waiting.
2026-04-17 00:36:31,353 [INFO] Pairs:BTCUSD
2026-04-17 00:36:31,355 [INFO] Sleeping for 1.0 minutes...
2026-04-17 00:36:58,041 [INFO] Waking up to check market conditions...
2026-04-17 00:36:58,077 [INFO] No valid setup. Waiting.
2026-04-17 00:36:58,078 [INFO] Pairs:XAUUSD
2026-04-17 00:36:58,079 [INFO] Sleeping for 1.0 minutes...
2026-04-17 00:37:31,356 [INFO] Waking up to check market conditions...
2026-04-17 00:37:31,406 [INFO] No valid setup. Waiting.
2026-04-17 00:37:31,407 [INFO] Pairs:BTCUSD
2026-04-17 00:37:31,408 [INFO] Sleeping for 1.0 minutes...
2026-04-17 00:37:58,080 [INFO] Waking up to check market conditions...
2026-04-17 00:37:58,115 [INFO] No valid setup. Waiting.
2026-04-17 00:37:58,116 [INFO] Pairs:XAUUSD
2026-04-17 00:37:58,117 [INFO] Sleeping for 1.0 minutes...
2026-04-17 00:38:31,409 [INFO] Waking up to check market conditions...
2026-04-17 00:38:31,462 [INFO] No valid setup. Waiting.
2026-04-17 00:38:31,463 [INFO] Pairs:BTCUSD
2026-04-17 00:38:31,464 [INFO] Sleeping for 1.0 minutes...
2026-04-17 00:38:58,118 [INFO] Waking up to check market conditions...
2026-04-17 00:38:58,154 [INFO] No valid setup. Waiting.
2026-04-17 00:38:58,154 [INFO] Pairs:XAUUSD
2026-04-17 00:38:58,156 [INFO] Sleeping for 1.0 minutes...
2026-04-17 00:39:31,465 [INFO] Waking up to check market conditions...
2026-04-17 00:39:31,518 [INFO] No valid setup. Waiting.
2026-04-17 00:39:31,519 [INFO] Pairs:BTCUSD
2026-04-17 00:39:31,520 [INFO] Sleeping for 1.0 minutes...
2026-04-17 00:39:58,157 [INFO] Waking up to check market conditions...
2026-04-17 00:39:58,193 [INFO] No valid setup. Waiting.
2026-04-17 00:39:58,194 [INFO] Pairs:XAUUSD
2026-04-17 00:39:58,195 [INFO] Sleeping for 1.0 minutes...
2026-04-17 00:40:31,521 [INFO] Waking up to check market conditions...
2026-04-17 00:40:31,574 [INFO] No valid setup. Waiting.
2026-04-17 00:40:31,574 [INFO] Pairs:BTCUSD
2026-04-17 00:40:31,576 [INFO] Sleeping for 1.0 minutes...
2026-04-17 00:40:58,197 [INFO] Waking up to check market conditions...
2026-04-17 00:40:58,232 [INFO] No valid setup. Waiting.
2026-04-17 00:40:58,232 [INFO] Pairs:XAUUSD
2026-04-17 00:40:58,233 [INFO] Sleeping for 1.0 minutes...
2026-04-17 00:41:31,577 [INFO] Waking up to check market conditions...
2026-04-17 00:41:31,633 [INFO] No valid setup. Waiting.
2026-04-17 00:41:31,634 [INFO] Pairs:BTCUSD
2026-04-17 00:41:31,636 [INFO] Sleeping for 1.0 minutes...
2026-04-17 00:41:58,234 [INFO] Waking up to check market conditions...
2026-04-17 00:41:58,271 [INFO] No valid setup. Waiting.
2026-04-17 00:41:58,271 [INFO] Pairs:XAUUSD
2026-04-17 00:41:58,273 [INFO] Sleeping for 1.0 minutes...
2026-04-17 00:42:31,637 [INFO] Waking up to check market conditions...
2026-04-17 00:42:31,689 [INFO] No valid setup. Waiting.
2026-04-17 00:42:31,690 [INFO] Pairs:BTCUSD
2026-04-17 00:42:31,691 [INFO] Sleeping for 1.0 minutes...
2026-04-17 00:42:58,273 [INFO] Waking up to check market conditions...
2026-04-17 00:42:58,309 [INFO] No valid setup. Waiting.
2026-04-17 00:42:58,310 [INFO] Pairs:XAUUSD
2026-04-17 00:42:58,311 [INFO] Sleeping for 1.0 minutes...
2026-04-17 00:43:31,692 [INFO] Waking up to check market conditions...
2026-04-17 00:43:31,745 [INFO] No valid setup. Waiting.
2026-04-17 00:43:31,746 [INFO] Pairs:BTCUSD
2026-04-17 00:43:31,747 [INFO] Sleeping for 1.0 minutes...
2026-04-17 00:43:58,313 [INFO] Waking up to check market conditions...
2026-04-17 00:43:58,349 [INFO] No valid setup. Waiting.
2026-04-17 00:43:58,350 [INFO] Pairs:XAUUSD
2026-04-17 00:43:58,351 [INFO] Sleeping for 1.0 minutes...
2026-04-17 00:44:31,748 [INFO] Waking up to check market conditions...
2026-04-17 00:44:31,801 [INFO] No valid setup. Waiting.
2026-04-17 00:44:31,801 [INFO] Pairs:BTCUSD
2026-04-17 00:44:31,803 [INFO] Sleeping for 1.0 minutes...
2026-04-17 00:44:58,352 [INFO] Waking up to check market conditions...
2026-04-17 00:44:58,389 [INFO] No valid setup. Waiting.
2026-04-17 00:44:58,390 [INFO] Pairs:XAUUSD
2026-04-17 00:44:58,391 [INFO] Sleeping for 1.0 minutes...
2026-04-17 00:45:31,803 [INFO] Waking up to check market conditions...
2026-04-17 00:45:31,856 [INFO] No valid setup. Waiting.
2026-04-17 00:45:31,856 [INFO] Pairs:BTCUSD
2026-04-17 00:45:31,857 [INFO] Sleeping for 1.0 minutes...
2026-04-17 00:45:58,392 [INFO] Waking up to check market conditions...
2026-04-17 00:45:58,428 [INFO] No valid setup. Waiting.
2026-04-17 00:45:58,429 [INFO] Pairs:XAUUSD
2026-04-17 00:45:58,430 [INFO] Sleeping for 1.0 minutes...
2026-04-17 00:46:31,859 [INFO] Waking up to check market conditions...
2026-04-17 00:46:31,913 [INFO] No valid setup. Waiting.
2026-04-17 00:46:31,914 [INFO] Pairs:BTCUSD
2026-04-17 00:46:31,915 [INFO] Sleeping for 1.0 minutes...
2026-04-17 00:46:58,431 [INFO] Waking up to check market conditions...
2026-04-17 00:46:58,468 [INFO] No valid setup. Waiting.
2026-04-17 00:46:58,468 [INFO] Pairs:XAUUSD
2026-04-17 00:46:58,469 [INFO] Sleeping for 1.0 minutes...
2026-04-17 00:47:31,916 [INFO] Waking up to check market conditions...
2026-04-17 00:47:31,983 [INFO] No valid setup. Waiting.
2026-04-17 00:47:31,984 [INFO] Pairs:BTCUSD
2026-04-17 00:47:31,987 [INFO] Sleeping for 1.0 minutes...
2026-04-17 00:47:58,470 [INFO] Waking up to check market conditions...
2026-04-17 00:47:58,506 [INFO] No valid setup. Waiting.
2026-04-17 00:47:58,507 [INFO] Pairs:XAUUSD
2026-04-17 00:47:58,508 [INFO] Sleeping for 1.0 minutes...
2026-04-17 00:48:31,988 [INFO] Waking up to check market conditions...
2026-04-17 00:48:32,038 [INFO] No valid setup. Waiting.
2026-04-17 00:48:32,039 [INFO] Pairs:BTCUSD
2026-04-17 00:48:32,040 [INFO] Sleeping for 1.0 minutes...
2026-04-17 00:48:58,509 [INFO] Waking up to check market conditions...
2026-04-17 00:48:58,545 [INFO] No valid setup. Waiting.
2026-04-17 00:48:58,545 [INFO] Pairs:XAUUSD
2026-04-17 00:48:58,547 [INFO] Sleeping for 1.0 minutes...
2026-04-17 00:49:32,041 [INFO] Waking up to check market conditions...
2026-04-17 00:49:32,094 [INFO] No valid setup. Waiting.
2026-04-17 00:49:32,095 [INFO] Pairs:BTCUSD
2026-04-17 00:49:32,096 [INFO] Sleeping for 1.0 minutes...
2026-04-17 00:49:58,548 [INFO] Waking up to check market conditions...
2026-04-17 00:49:58,584 [INFO] No valid setup. Waiting.
2026-04-17 00:49:58,585 [INFO] Pairs:XAUUSD
2026-04-17 00:49:58,586 [INFO] Sleeping for 1.0 minutes...
2026-04-17 00:50:32,097 [INFO] Waking up to check market conditions...
2026-04-17 00:50:32,149 [INFO] No valid setup. Waiting.
2026-04-17 00:50:32,149 [INFO] Pairs:BTCUSD
2026-04-17 00:50:32,151 [INFO] Sleeping for 1.0 minutes...
2026-04-17 00:50:58,587 [INFO] Waking up to check market conditions...
2026-04-17 00:50:58,623 [INFO] No valid setup. Waiting.
2026-04-17 00:50:58,623 [INFO] Pairs:XAUUSD
2026-04-17 00:50:58,625 [INFO] Sleeping for 1.0 minutes...
2026-04-17 00:51:32,152 [INFO] Waking up to check market conditions...
2026-04-17 00:51:32,204 [INFO] No valid setup. Waiting.
2026-04-17 00:51:32,205 [INFO] Pairs:BTCUSD
2026-04-17 00:51:32,206 [INFO] Sleeping for 1.0 minutes...
2026-04-17 00:51:58,626 [INFO] Waking up to check market conditions...
2026-04-17 00:51:58,662 [INFO] No valid setup. Waiting.
2026-04-17 00:51:58,662 [INFO] Pairs:XAUUSD
2026-04-17 00:51:58,664 [INFO] Sleeping for 1.0 minutes...
2026-04-17 00:52:32,207 [INFO] Waking up to check market conditions...
2026-04-17 00:52:32,259 [INFO] No valid setup. Waiting.
2026-04-17 00:52:32,259 [INFO] Pairs:BTCUSD
2026-04-17 00:52:32,261 [INFO] Sleeping for 1.0 minutes...
2026-04-17 00:52:58,665 [INFO] Waking up to check market conditions...
2026-04-17 00:52:58,699 [INFO] No valid setup. Waiting.
2026-04-17 00:52:58,699 [INFO] Pairs:XAUUSD
2026-04-17 00:52:58,701 [INFO] Sleeping for 1.0 minutes...
2026-04-17 00:53:32,262 [INFO] Waking up to check market conditions...
2026-04-17 00:53:32,314 [INFO] No valid setup. Waiting.
2026-04-17 00:53:32,314 [INFO] Pairs:BTCUSD
2026-04-17 00:53:32,316 [INFO] Sleeping for 1.0 minutes...
2026-04-17 00:53:58,702 [INFO] Waking up to check market conditions...
2026-04-17 00:53:58,737 [INFO] No valid setup. Waiting.
2026-04-17 00:53:58,738 [INFO] Pairs:XAUUSD
2026-04-17 00:53:58,739 [INFO] Sleeping for 1.0 minutes...
2026-04-17 00:54:32,317 [INFO] Waking up to check market conditions...
2026-04-17 00:54:32,370 [INFO] No valid setup. Waiting.
2026-04-17 00:54:32,370 [INFO] Pairs:BTCUSD
2026-04-17 00:54:32,372 [INFO] Sleeping for 1.0 minutes...
2026-04-17 00:54:58,740 [INFO] Waking up to check market conditions...
2026-04-17 00:54:58,776 [INFO] No valid setup. Waiting.
2026-04-17 00:54:58,777 [INFO] Pairs:XAUUSD
2026-04-17 00:54:58,778 [INFO] Sleeping for 1.0 minutes...
2026-04-17 00:55:32,373 [INFO] Waking up to check market conditions...
2026-04-17 00:55:32,426 [INFO] No valid setup. Waiting.
2026-04-17 00:55:32,426 [INFO] Pairs:BTCUSD
2026-04-17 00:55:32,427 [INFO] Sleeping for 1.0 minutes...
2026-04-17 00:55:58,779 [INFO] Waking up to check market conditions...
2026-04-17 00:55:58,815 [INFO] No valid setup. Waiting.
2026-04-17 00:55:58,816 [INFO] Pairs:XAUUSD
2026-04-17 00:55:58,817 [INFO] Sleeping for 1.0 minutes...
2026-04-17 00:56:32,429 [INFO] Waking up to check market conditions...
2026-04-17 00:56:32,481 [INFO] No valid setup. Waiting.
2026-04-17 00:56:32,482 [INFO] Pairs:BTCUSD
2026-04-17 00:56:32,483 [INFO] Sleeping for 1.0 minutes...
2026-04-17 00:56:58,818 [INFO] Waking up to check market conditions...
2026-04-17 00:56:58,854 [INFO] No valid setup. Waiting.
2026-04-17 00:56:58,855 [INFO] Pairs:XAUUSD
2026-04-17 00:56:58,856 [INFO] Sleeping for 1.0 minutes...
2026-04-17 00:57:32,484 [INFO] Waking up to check market conditions...
2026-04-17 00:57:32,537 [INFO] No valid setup. Waiting.
2026-04-17 00:57:32,538 [INFO] Pairs:BTCUSD
2026-04-17 00:57:32,539 [INFO] Sleeping for 1.0 minutes...
2026-04-17 00:57:58,857 [INFO] Waking up to check market conditions...
2026-04-17 00:57:58,893 [INFO] No valid setup. Waiting.
2026-04-17 00:57:58,893 [INFO] Pairs:XAUUSD
2026-04-17 00:57:58,895 [INFO] Sleeping for 1.0 minutes...
2026-04-17 00:58:32,541 [INFO] Waking up to check market conditions...
2026-04-17 00:58:32,587 [INFO] No valid setup. Waiting.
2026-04-17 00:58:32,587 [INFO] Pairs:BTCUSD
2026-04-17 00:58:32,589 [INFO] Sleeping for 1.0 minutes...
2026-04-17 00:58:58,896 [INFO] Waking up to check market conditions...
2026-04-17 00:58:58,932 [INFO] No valid setup. Waiting.
2026-04-17 00:58:58,932 [INFO] Pairs:XAUUSD
2026-04-17 00:58:58,934 [INFO] Sleeping for 1.0 minutes...
2026-04-17 00:59:32,591 [INFO] Waking up to check market conditions...
2026-04-17 00:59:32,643 [INFO] No valid setup. Waiting.
2026-04-17 00:59:32,643 [INFO] Pairs:BTCUSD
2026-04-17 00:59:32,645 [INFO] Sleeping for 1.0 minutes...
2026-04-17 00:59:58,935 [INFO] Waking up to check market conditions...
2026-04-17 00:59:58,970 [INFO] No valid setup. Waiting.
2026-04-17 00:59:58,971 [INFO] Pairs:XAUUSD
2026-04-17 00:59:58,972 [INFO] Sleeping for 1.0 minutes...
2026-04-17 01:00:32,646 [INFO] Waking up to check market conditions...
2026-04-17 01:00:32,699 [INFO] No valid setup. Waiting.
2026-04-17 01:00:32,699 [INFO] Pairs:BTCUSD
2026-04-17 01:00:32,701 [INFO] Sleeping for 1.0 minutes...
2026-04-17 01:00:58,973 [INFO] Waking up to check market conditions...
2026-04-17 01:00:59,009 [INFO] No valid setup. Waiting.
2026-04-17 01:00:59,010 [INFO] Pairs:XAUUSD
2026-04-17 01:00:59,011 [INFO] Sleeping for 1.0 minutes...
2026-04-17 01:01:32,702 [INFO] Waking up to check market conditions...
2026-04-17 01:01:32,754 [INFO] No valid setup. Waiting.
2026-04-17 01:01:32,754 [INFO] Pairs:BTCUSD
2026-04-17 01:01:32,756 [INFO] Sleeping for 1.0 minutes...
2026-04-17 01:01:59,012 [INFO] Waking up to check market conditions...
2026-04-17 01:01:59,049 [INFO] No valid setup. Waiting.
2026-04-17 01:01:59,049 [INFO] Pairs:XAUUSD
2026-04-17 01:01:59,051 [INFO] Sleeping for 1.0 minutes...
2026-04-17 01:02:32,757 [INFO] Waking up to check market conditions...
2026-04-17 01:02:32,809 [INFO] No valid setup. Waiting.
2026-04-17 01:02:32,809 [INFO] Pairs:BTCUSD
2026-04-17 01:02:32,811 [INFO] Sleeping for 1.0 minutes...
2026-04-17 01:02:59,052 [INFO] Waking up to check market conditions...
2026-04-17 01:02:59,088 [INFO] No valid setup. Waiting.
2026-04-17 01:02:59,089 [INFO] Pairs:XAUUSD
2026-04-17 01:02:59,090 [INFO] Sleeping for 1.0 minutes...
2026-04-17 01:03:32,812 [INFO] Waking up to check market conditions...
2026-04-17 01:03:32,865 [INFO] No valid setup. Waiting.
2026-04-17 01:03:32,865 [INFO] Pairs:BTCUSD
2026-04-17 01:03:32,867 [INFO] Sleeping for 1.0 minutes...
2026-04-17 01:03:59,091 [INFO] Waking up to check market conditions...
2026-04-17 01:03:59,126 [INFO] No valid setup. Waiting.
2026-04-17 01:03:59,127 [INFO] Pairs:XAUUSD
2026-04-17 01:03:59,128 [INFO] Sleeping for 1.0 minutes...
2026-04-17 01:04:32,867 [INFO] Waking up to check market conditions...
2026-04-17 01:04:32,921 [INFO] No valid setup. Waiting.
2026-04-17 01:04:32,921 [INFO] Pairs:BTCUSD
2026-04-17 01:04:32,923 [INFO] Sleeping for 1.0 minutes...
2026-04-17 01:04:59,129 [INFO] Waking up to check market conditions...
2026-04-17 01:04:59,166 [INFO] No valid setup. Waiting.
2026-04-17 01:04:59,167 [INFO] Pairs:XAUUSD
2026-04-17 01:04:59,168 [INFO] Sleeping for 1.0 minutes...
2026-04-17 01:05:32,924 [INFO] Waking up to check market conditions...
2026-04-17 01:05:32,975 [INFO] No valid setup. Waiting.
2026-04-17 01:05:32,976 [INFO] Pairs:BTCUSD
2026-04-17 01:05:32,977 [INFO] Sleeping for 1.0 minutes...
2026-04-17 01:05:59,169 [INFO] Waking up to check market conditions...
2026-04-17 01:05:59,205 [INFO] No valid setup. Waiting.
2026-04-17 01:05:59,205 [INFO] Pairs:XAUUSD
2026-04-17 01:05:59,207 [INFO] Sleeping for 1.0 minutes...
2026-04-17 01:06:32,978 [INFO] Waking up to check market conditions...
2026-04-17 01:06:33,031 [INFO] No valid setup. Waiting.
2026-04-17 01:06:33,031 [INFO] Pairs:BTCUSD
2026-04-17 01:06:33,033 [INFO] Sleeping for 1.0 minutes...
2026-04-17 01:06:59,208 [INFO] Waking up to check market conditions...
2026-04-17 01:06:59,244 [INFO] No valid setup. Waiting.
2026-04-17 01:06:59,244 [INFO] Pairs:XAUUSD
2026-04-17 01:06:59,246 [INFO] Sleeping for 1.0 minutes...
2026-04-17 01:07:33,034 [INFO] Waking up to check market conditions...
2026-04-17 01:07:33,085 [INFO] No valid setup. Waiting.
2026-04-17 01:07:33,086 [INFO] Pairs:BTCUSD
2026-04-17 01:07:33,087 [INFO] Sleeping for 1.0 minutes...
2026-04-17 01:07:59,247 [INFO] Waking up to check market conditions...
2026-04-17 01:07:59,283 [INFO] No valid setup. Waiting.
2026-04-17 01:07:59,284 [INFO] Pairs:XAUUSD
2026-04-17 01:07:59,285 [INFO] Sleeping for 1.0 minutes...
2026-04-17 01:08:33,089 [INFO] Waking up to check market conditions...
2026-04-17 01:08:33,138 [INFO] No valid setup. Waiting.
2026-04-17 01:08:33,139 [INFO] Pairs:BTCUSD
2026-04-17 01:08:33,141 [INFO] Sleeping for 1.0 minutes...
2026-04-17 01:08:59,286 [INFO] Waking up to check market conditions...
2026-04-17 01:08:59,322 [INFO] No valid setup. Waiting.
2026-04-17 01:08:59,322 [INFO] Pairs:XAUUSD
2026-04-17 01:08:59,324 [INFO] Sleeping for 1.0 minutes...
2026-04-17 01:09:33,142 [INFO] Waking up to check market conditions...
2026-04-17 01:09:33,194 [INFO] No valid setup. Waiting.
2026-04-17 01:09:33,194 [INFO] Pairs:BTCUSD
2026-04-17 01:09:33,196 [INFO] Sleeping for 1.0 minutes...
2026-04-17 01:09:59,325 [INFO] Waking up to check market conditions...
2026-04-17 01:09:59,361 [INFO] No valid setup. Waiting.
2026-04-17 01:09:59,361 [INFO] Pairs:XAUUSD
2026-04-17 01:09:59,362 [INFO] Sleeping for 1.0 minutes...
2026-04-17 01:10:33,197 [INFO] Waking up to check market conditions...
2026-04-17 01:10:33,249 [INFO] No valid setup. Waiting.
2026-04-17 01:10:33,250 [INFO] Pairs:BTCUSD
2026-04-17 01:10:33,251 [INFO] Sleeping for 1.0 minutes...
2026-04-17 01:10:59,363 [INFO] Waking up to check market conditions...
2026-04-17 01:10:59,400 [INFO] No valid setup. Waiting.
2026-04-17 01:10:59,400 [INFO] Pairs:XAUUSD
2026-04-17 01:10:59,401 [INFO] Sleeping for 1.0 minutes...
2026-04-17 01:11:33,252 [INFO] Waking up to check market conditions...
2026-04-17 01:11:33,303 [INFO] No valid setup. Waiting.
2026-04-17 01:11:33,303 [INFO] Pairs:BTCUSD
2026-04-17 01:11:33,305 [INFO] Sleeping for 1.0 minutes...
2026-04-17 01:11:59,403 [INFO] Waking up to check market conditions...
2026-04-17 01:11:59,439 [INFO] No valid setup. Waiting.
2026-04-17 01:11:59,439 [INFO] Pairs:XAUUSD
2026-04-17 01:11:59,441 [INFO] Sleeping for 1.0 minutes...
2026-04-17 01:12:33,306 [INFO] Waking up to check market conditions...
2026-04-17 01:12:33,357 [INFO] No valid setup. Waiting.
2026-04-17 01:12:33,358 [INFO] Pairs:BTCUSD
2026-04-17 01:12:33,359 [INFO] Sleeping for 1.0 minutes...
2026-04-17 01:12:59,442 [INFO] Waking up to check market conditions...
2026-04-17 01:12:59,477 [INFO] No valid setup. Waiting.
2026-04-17 01:12:59,477 [INFO] Pairs:XAUUSD
2026-04-17 01:12:59,478 [INFO] Sleeping for 1.0 minutes...
2026-04-17 01:13:33,361 [INFO] Waking up to check market conditions...
2026-04-17 01:13:33,413 [INFO] No valid setup. Waiting.
2026-04-17 01:13:33,414 [INFO] Pairs:BTCUSD
2026-04-17 01:13:33,415 [INFO] Sleeping for 1.0 minutes...
2026-04-17 01:13:59,479 [INFO] Waking up to check market conditions...
2026-04-17 01:13:59,514 [INFO] No valid setup. Waiting.
2026-04-17 01:13:59,515 [INFO] Pairs:XAUUSD
2026-04-17 01:13:59,516 [INFO] Sleeping for 1.0 minutes...
2026-04-17 01:14:33,417 [INFO] Waking up to check market conditions...
2026-04-17 01:14:33,469 [INFO] No valid setup. Waiting.
2026-04-17 01:14:33,469 [INFO] Pairs:BTCUSD
2026-04-17 01:14:33,471 [INFO] Sleeping for 1.0 minutes...
2026-04-17 01:14:59,518 [INFO] Waking up to check market conditions...
2026-04-17 01:14:59,554 [INFO] No valid setup. Waiting.
2026-04-17 01:14:59,555 [INFO] Pairs:XAUUSD
2026-04-17 01:14:59,556 [INFO] Sleeping for 1.0 minutes...
2026-04-17 01:15:33,472 [INFO] Waking up to check market conditions...
2026-04-17 01:15:33,524 [INFO] No valid setup. Waiting.
2026-04-17 01:15:33,525 [INFO] Pairs:BTCUSD
2026-04-17 01:15:33,526 [INFO] Sleeping for 1.0 minutes...
2026-04-17 01:15:59,557 [INFO] Waking up to check market conditions...
2026-04-17 01:15:59,593 [INFO] No valid setup. Waiting.
2026-04-17 01:15:59,593 [INFO] Pairs:XAUUSD
2026-04-17 01:15:59,594 [INFO] Sleeping for 1.0 minutes...
2026-04-17 01:16:33,528 [INFO] Waking up to check market conditions...
2026-04-17 01:16:33,580 [INFO] No valid setup. Waiting.
2026-04-17 01:16:33,580 [INFO] Pairs:BTCUSD
2026-04-17 01:16:33,582 [INFO] Sleeping for 1.0 minutes...
2026-04-17 01:16:59,595 [INFO] Waking up to check market conditions...
2026-04-17 01:16:59,631 [INFO] No valid setup. Waiting.
2026-04-17 01:16:59,632 [INFO] Pairs:XAUUSD
2026-04-17 01:16:59,633 [INFO] Sleeping for 1.0 minutes...
2026-04-17 01:17:33,584 [INFO] Waking up to check market conditions...
2026-04-17 01:17:33,636 [INFO] No valid setup. Waiting.
2026-04-17 01:17:33,636 [INFO] Pairs:BTCUSD
2026-04-17 01:17:33,637 [INFO] Sleeping for 1.0 minutes...
2026-04-17 01:17:59,634 [INFO] Waking up to check market conditions...
2026-04-17 01:17:59,670 [INFO] No valid setup. Waiting.
2026-04-17 01:17:59,671 [INFO] Pairs:XAUUSD
2026-04-17 01:17:59,672 [INFO] Sleeping for 1.0 minutes...
2026-04-17 01:18:33,639 [INFO] Waking up to check market conditions...
2026-04-17 01:18:33,691 [INFO] No valid setup. Waiting.
2026-04-17 01:18:33,692 [INFO] Pairs:BTCUSD
2026-04-17 01:18:33,693 [INFO] Sleeping for 1.0 minutes...
2026-04-17 01:18:59,673 [INFO] Waking up to check market conditions...
2026-04-17 01:18:59,708 [INFO] No valid setup. Waiting.
2026-04-17 01:18:59,709 [INFO] Pairs:XAUUSD
2026-04-17 01:18:59,710 [INFO] Sleeping for 1.0 minutes...
2026-04-17 01:19:33,694 [INFO] Waking up to check market conditions...
2026-04-17 01:19:33,747 [INFO] No valid setup. Waiting.
2026-04-17 01:19:33,747 [INFO] Pairs:BTCUSD
2026-04-17 01:19:33,749 [INFO] Sleeping for 1.0 minutes...
2026-04-17 01:19:59,711 [INFO] Waking up to check market conditions...
2026-04-17 01:19:59,748 [INFO] No valid setup. Waiting.
2026-04-17 01:19:59,748 [INFO] Pairs:XAUUSD
2026-04-17 01:19:59,750 [INFO] Sleeping for 1.0 minutes...
2026-04-17 01:20:33,750 [INFO] Waking up to check market conditions...
2026-04-17 01:20:33,800 [INFO] No valid setup. Waiting.
2026-04-17 01:20:33,801 [INFO] Pairs:BTCUSD
2026-04-17 01:20:33,802 [INFO] Sleeping for 1.0 minutes...
2026-04-17 01:20:59,750 [INFO] Waking up to check market conditions...
2026-04-17 01:20:59,787 [INFO] No valid setup. Waiting.
2026-04-17 01:20:59,787 [INFO] Pairs:XAUUSD
2026-04-17 01:20:59,789 [INFO] Sleeping for 1.0 minutes...
2026-04-17 01:21:33,803 [INFO] Waking up to check market conditions...
2026-04-17 01:21:33,853 [INFO] No valid setup. Waiting.
2026-04-17 01:21:33,854 [INFO] Pairs:BTCUSD
2026-04-17 01:21:33,855 [INFO] Sleeping for 1.0 minutes...
2026-04-17 01:21:59,790 [INFO] Waking up to check market conditions...
2026-04-17 01:21:59,825 [INFO] No valid setup. Waiting.
2026-04-17 01:21:59,826 [INFO] Pairs:XAUUSD
2026-04-17 01:21:59,827 [INFO] Sleeping for 1.0 minutes...
2026-04-17 01:22:33,856 [INFO] Waking up to check market conditions...
2026-04-17 01:22:33,909 [INFO] No valid setup. Waiting.
2026-04-17 01:22:33,909 [INFO] Pairs:BTCUSD
2026-04-17 01:22:33,911 [INFO] Sleeping for 1.0 minutes...
2026-04-17 01:22:59,828 [INFO] Waking up to check market conditions...
2026-04-17 01:22:59,863 [INFO] No valid setup. Waiting.
2026-04-17 01:22:59,863 [INFO] Pairs:XAUUSD
2026-04-17 01:22:59,865 [INFO] Sleeping for 1.0 minutes...
2026-04-17 01:23:33,912 [INFO] Waking up to check market conditions...
2026-04-17 01:23:33,963 [INFO] No valid setup. Waiting.
2026-04-17 01:23:33,964 [INFO] Pairs:BTCUSD
2026-04-17 01:23:33,965 [INFO] Sleeping for 1.0 minutes...
2026-04-17 01:23:59,866 [INFO] Waking up to check market conditions...
2026-04-17 01:23:59,902 [INFO] No valid setup. Waiting.
2026-04-17 01:23:59,902 [INFO] Pairs:XAUUSD
2026-04-17 01:23:59,903 [INFO] Sleeping for 1.0 minutes...
2026-04-17 01:24:33,966 [INFO] Waking up to check market conditions...
2026-04-17 01:24:34,018 [INFO] No valid setup. Waiting.
2026-04-17 01:24:34,019 [INFO] Pairs:BTCUSD
2026-04-17 01:24:34,020 [INFO] Sleeping for 1.0 minutes...
2026-04-17 01:24:59,905 [INFO] Waking up to check market conditions...
2026-04-17 01:24:59,941 [INFO] No valid setup. Waiting.
2026-04-17 01:24:59,941 [INFO] Pairs:XAUUSD
2026-04-17 01:24:59,943 [INFO] Sleeping for 1.0 minutes...
2026-04-17 01:25:34,021 [INFO] Waking up to check market conditions...
2026-04-17 01:25:34,074 [INFO] No valid setup. Waiting.
2026-04-17 01:25:34,075 [INFO] Pairs:BTCUSD
2026-04-17 01:25:34,076 [INFO] Sleeping for 1.0 minutes...
2026-04-17 01:25:59,943 [INFO] Waking up to check market conditions...
2026-04-17 01:25:59,981 [INFO] No valid setup. Waiting.
2026-04-17 01:25:59,981 [INFO] Pairs:XAUUSD
2026-04-17 01:25:59,983 [INFO] Sleeping for 1.0 minutes...
2026-04-17 01:26:34,077 [INFO] Waking up to check market conditions...
2026-04-17 01:26:34,128 [INFO] No valid setup. Waiting.
2026-04-17 01:26:34,129 [INFO] Pairs:BTCUSD
2026-04-17 01:26:34,130 [INFO] Sleeping for 1.0 minutes...
2026-04-17 01:26:59,983 [INFO] Waking up to check market conditions...
2026-04-17 01:27:00,022 [INFO] No valid setup. Waiting.
2026-04-17 01:27:00,022 [INFO] Pairs:XAUUSD
2026-04-17 01:27:00,024 [INFO] Sleeping for 1.0 minutes...
2026-04-17 01:27:34,131 [INFO] Waking up to check market conditions...
2026-04-17 01:27:34,181 [INFO] No valid setup. Waiting.
2026-04-17 01:27:34,182 [INFO] Pairs:BTCUSD
2026-04-17 01:27:34,183 [INFO] Sleeping for 1.0 minutes...
2026-04-17 01:28:00,025 [INFO] Waking up to check market conditions...
2026-04-17 01:28:00,064 [INFO] No valid setup. Waiting.
2026-04-17 01:28:00,064 [INFO] Pairs:XAUUSD
2026-04-17 01:28:00,066 [INFO] Sleeping for 1.0 minutes...
2026-04-17 01:28:34,184 [INFO] Waking up to check market conditions...
2026-04-17 01:28:34,234 [INFO] No valid setup. Waiting.
2026-04-17 01:28:34,235 [INFO] Pairs:BTCUSD
2026-04-17 01:28:34,236 [INFO] Sleeping for 1.0 minutes...
2026-04-17 01:29:00,067 [INFO] Waking up to check market conditions...
2026-04-17 01:29:00,103 [INFO] No valid setup. Waiting.
2026-04-17 01:29:00,104 [INFO] Pairs:XAUUSD
2026-04-17 01:29:00,105 [INFO] Sleeping for 1.0 minutes...
2026-04-17 01:29:34,237 [INFO] Waking up to check market conditions...
2026-04-17 01:29:34,289 [INFO] No valid setup. Waiting.
2026-04-17 01:29:34,290 [INFO] Pairs:BTCUSD
2026-04-17 01:29:34,291 [INFO] Sleeping for 1.0 minutes...
2026-04-17 01:30:00,106 [INFO] Waking up to check market conditions...
2026-04-17 01:30:00,141 [INFO] No valid setup. Waiting.
2026-04-17 01:30:00,143 [INFO] Pairs:XAUUSD
2026-04-17 01:30:00,144 [INFO] Sleeping for 1.0 minutes...
2026-04-17 01:30:34,292 [INFO] Waking up to check market conditions...
2026-04-17 01:30:34,342 [INFO] No valid setup. Waiting.
2026-04-17 01:30:34,342 [INFO] Pairs:BTCUSD
2026-04-17 01:30:34,344 [INFO] Sleeping for 1.0 minutes...
2026-04-17 01:31:00,145 [INFO] Waking up to check market conditions...
2026-04-17 01:31:00,180 [INFO] No valid setup. Waiting.
2026-04-17 01:31:00,181 [INFO] Pairs:XAUUSD
2026-04-17 01:31:00,182 [INFO] Sleeping for 1.0 minutes...
2026-04-17 01:31:34,345 [INFO] Waking up to check market conditions...
2026-04-17 01:31:34,397 [INFO] No valid setup. Waiting.
2026-04-17 01:31:34,398 [INFO] Pairs:BTCUSD
2026-04-17 01:31:34,399 [INFO] Sleeping for 1.0 minutes...
2026-04-17 01:32:00,184 [INFO] Waking up to check market conditions...
2026-04-17 01:32:00,220 [INFO] No valid setup. Waiting.
2026-04-17 01:32:00,220 [INFO] Pairs:XAUUSD
2026-04-17 01:32:00,222 [INFO] Sleeping for 1.0 minutes...
2026-04-17 01:32:34,400 [INFO] Waking up to check market conditions...
2026-04-17 01:32:34,453 [INFO] No valid setup. Waiting.
2026-04-17 01:32:34,453 [INFO] Pairs:BTCUSD
2026-04-17 01:32:34,455 [INFO] Sleeping for 1.0 minutes...
2026-04-17 01:33:00,223 [INFO] Waking up to check market conditions...
2026-04-17 01:33:00,258 [INFO] No valid setup. Waiting.
2026-04-17 01:33:00,259 [INFO] Pairs:XAUUSD
2026-04-17 01:33:00,260 [INFO] Sleeping for 1.0 minutes...
2026-04-17 01:33:34,456 [INFO] Waking up to check market conditions...
2026-04-17 01:33:34,507 [INFO] No valid setup. Waiting.
2026-04-17 01:33:34,508 [INFO] Pairs:BTCUSD
2026-04-17 01:33:34,509 [INFO] Sleeping for 1.0 minutes...
2026-04-17 01:34:00,261 [INFO] Waking up to check market conditions...
2026-04-17 01:34:00,297 [INFO] No valid setup. Waiting.
2026-04-17 01:34:00,297 [INFO] Pairs:XAUUSD
2026-04-17 01:34:00,299 [INFO] Sleeping for 1.0 minutes...
2026-04-17 01:34:34,510 [INFO] Waking up to check market conditions...
2026-04-17 01:34:34,562 [INFO] No valid setup. Waiting.
2026-04-17 01:34:34,563 [INFO] Pairs:BTCUSD
2026-04-17 01:34:34,564 [INFO] Sleeping for 1.0 minutes...
2026-04-17 01:35:00,300 [INFO] Waking up to check market conditions...
2026-04-17 01:35:00,336 [INFO] No valid setup. Waiting.
2026-04-17 01:35:00,336 [INFO] Pairs:XAUUSD
2026-04-17 01:35:00,338 [INFO] Sleeping for 1.0 minutes...
2026-04-17 01:35:34,565 [INFO] Waking up to check market conditions...
2026-04-17 01:35:34,616 [INFO] No valid setup. Waiting.
2026-04-17 01:35:34,617 [INFO] Pairs:BTCUSD
2026-04-17 01:35:34,618 [INFO] Sleeping for 1.0 minutes...
2026-04-17 01:36:00,339 [INFO] Waking up to check market conditions...
2026-04-17 01:36:00,374 [INFO] No valid setup. Waiting.
2026-04-17 01:36:00,375 [INFO] Pairs:XAUUSD
2026-04-17 01:36:00,376 [INFO] Sleeping for 1.0 minutes...
2026-04-17 01:36:34,619 [INFO] Waking up to check market conditions...
2026-04-17 01:36:34,672 [INFO] No valid setup. Waiting.
2026-04-17 01:36:34,673 [INFO] Pairs:BTCUSD
2026-04-17 01:36:34,674 [INFO] Sleeping for 1.0 minutes...
2026-04-17 01:37:00,377 [INFO] Waking up to check market conditions...
2026-04-17 01:37:00,413 [INFO] No valid setup. Waiting.
2026-04-17 01:37:00,414 [INFO] Pairs:XAUUSD
2026-04-17 01:37:00,415 [INFO] Sleeping for 1.0 minutes...
2026-04-17 01:37:34,675 [INFO] Waking up to check market conditions...
2026-04-17 01:37:34,726 [INFO] No valid setup. Waiting.
2026-04-17 01:37:34,726 [INFO] Pairs:BTCUSD
2026-04-17 01:37:34,728 [INFO] Sleeping for 1.0 minutes...
2026-04-17 01:38:00,416 [INFO] Waking up to check market conditions...
2026-04-17 01:38:00,452 [INFO] No valid setup. Waiting.
2026-04-17 01:38:00,452 [INFO] Pairs:XAUUSD
2026-04-17 01:38:00,454 [INFO] Sleeping for 1.0 minutes...
2026-04-17 01:38:34,729 [INFO] Waking up to check market conditions...
2026-04-17 01:38:34,780 [INFO] No valid setup. Waiting.
2026-04-17 01:38:34,780 [INFO] Pairs:BTCUSD
2026-04-17 01:38:34,782 [INFO] Sleeping for 1.0 minutes...
2026-04-17 01:39:00,455 [INFO] Waking up to check market conditions...
2026-04-17 01:39:00,496 [INFO] No valid setup. Waiting.
2026-04-17 01:39:00,497 [INFO] Pairs:XAUUSD
2026-04-17 01:39:00,498 [INFO] Sleeping for 1.0 minutes...
2026-04-17 01:39:34,783 [INFO] Waking up to check market conditions...
2026-04-17 01:39:34,833 [INFO] No valid setup. Waiting.
2026-04-17 01:39:34,834 [INFO] Pairs:BTCUSD
2026-04-17 01:39:34,835 [INFO] Sleeping for 1.0 minutes...
2026-04-17 01:40:00,499 [INFO] Waking up to check market conditions...
2026-04-17 01:40:00,532 [INFO] No valid setup. Waiting.
2026-04-17 01:40:00,532 [INFO] Pairs:XAUUSD
2026-04-17 01:40:00,534 [INFO] Sleeping for 1.0 minutes...
2026-04-17 01:40:34,836 [INFO] Waking up to check market conditions...
2026-04-17 01:40:34,887 [INFO] No valid setup. Waiting.
2026-04-17 01:40:34,887 [INFO] Pairs:BTCUSD
2026-04-17 01:40:34,889 [INFO] Sleeping for 1.0 minutes...
2026-04-17 01:41:00,535 [INFO] Waking up to check market conditions...
2026-04-17 01:41:00,573 [INFO] No valid setup. Waiting.
2026-04-17 01:41:00,574 [INFO] Pairs:XAUUSD
2026-04-17 01:41:00,575 [INFO] Sleeping for 1.0 minutes...
2026-04-17 01:41:34,889 [INFO] Waking up to check market conditions...
2026-04-17 01:41:34,941 [INFO] No valid setup. Waiting.
2026-04-17 01:41:34,942 [INFO] Pairs:BTCUSD
2026-04-17 01:41:34,943 [INFO] Sleeping for 1.0 minutes...
2026-04-17 01:42:00,576 [INFO] Waking up to check market conditions...
2026-04-17 01:42:00,612 [INFO] No valid setup. Waiting.
2026-04-17 01:42:00,612 [INFO] Pairs:XAUUSD
2026-04-17 01:42:00,613 [INFO] Sleeping for 1.0 minutes...
2026-04-17 01:42:34,944 [INFO] Waking up to check market conditions...
2026-04-17 01:42:34,997 [INFO] No valid setup. Waiting.
2026-04-17 01:42:34,998 [INFO] Pairs:BTCUSD
2026-04-17 01:42:34,999 [INFO] Sleeping for 1.0 minutes...
2026-04-17 01:43:00,614 [INFO] Waking up to check market conditions...
2026-04-17 01:43:00,651 [INFO] No valid setup. Waiting.
2026-04-17 01:43:00,651 [INFO] Pairs:XAUUSD
2026-04-17 01:43:00,652 [INFO] Sleeping for 1.0 minutes...
2026-04-17 01:43:35,000 [INFO] Waking up to check market conditions...
2026-04-17 01:43:35,053 [INFO] No valid setup. Waiting.
2026-04-17 01:43:35,054 [INFO] Pairs:BTCUSD
2026-04-17 01:43:35,055 [INFO] Sleeping for 1.0 minutes...
2026-04-17 01:44:00,653 [INFO] Waking up to check market conditions...
2026-04-17 01:44:00,689 [INFO] No valid setup. Waiting.
2026-04-17 01:44:00,689 [INFO] Pairs:XAUUSD
2026-04-17 01:44:00,691 [INFO] Sleeping for 1.0 minutes...
2026-04-17 01:44:35,056 [INFO] Waking up to check market conditions...
2026-04-17 01:44:35,109 [INFO] No valid setup. Waiting.
2026-04-17 01:44:35,109 [INFO] Pairs:BTCUSD
2026-04-17 01:44:35,111 [INFO] Sleeping for 1.0 minutes...
2026-04-17 01:45:00,691 [INFO] Waking up to check market conditions...
2026-04-17 01:45:00,728 [INFO] No valid setup. Waiting.
2026-04-17 01:45:00,728 [INFO] Pairs:XAUUSD
2026-04-17 01:45:00,729 [INFO] Sleeping for 1.0 minutes...
2026-04-17 01:45:35,112 [INFO] Waking up to check market conditions...
2026-04-17 01:45:35,164 [INFO] No valid setup. Waiting.
2026-04-17 01:45:35,165 [INFO] Pairs:BTCUSD
2026-04-17 01:45:35,166 [INFO] Sleeping for 1.0 minutes...
2026-04-17 01:46:00,730 [INFO] Waking up to check market conditions...
2026-04-17 01:46:00,767 [INFO] No valid setup. Waiting.
2026-04-17 01:46:00,767 [INFO] Pairs:XAUUSD
2026-04-17 01:46:00,768 [INFO] Sleeping for 1.0 minutes...
2026-04-17 01:46:35,167 [INFO] Waking up to check market conditions...
2026-04-17 01:46:35,219 [INFO] No valid setup. Waiting.
2026-04-17 01:46:35,220 [INFO] Pairs:BTCUSD
2026-04-17 01:46:35,221 [INFO] Sleeping for 1.0 minutes...
2026-04-17 01:47:00,769 [INFO] Waking up to check market conditions...
2026-04-17 01:47:00,805 [INFO] No valid setup. Waiting.
2026-04-17 01:47:00,806 [INFO] Pairs:XAUUSD
2026-04-17 01:47:00,807 [INFO] Sleeping for 1.0 minutes...
2026-04-17 01:47:35,222 [INFO] Waking up to check market conditions...
2026-04-17 01:47:35,294 [INFO] No valid setup. Waiting.
2026-04-17 01:47:35,294 [INFO] Pairs:BTCUSD
2026-04-17 01:47:35,296 [INFO] Sleeping for 1.0 minutes...
2026-04-17 01:48:00,808 [INFO] Waking up to check market conditions...
2026-04-17 01:48:00,844 [INFO] No valid setup. Waiting.
2026-04-17 01:48:00,844 [INFO] Pairs:XAUUSD
2026-04-17 01:48:00,846 [INFO] Sleeping for 1.0 minutes...
2026-04-17 01:48:35,297 [INFO] Waking up to check market conditions...
2026-04-17 01:48:35,350 [INFO] No valid setup. Waiting.
2026-04-17 01:48:35,351 [INFO] Pairs:BTCUSD
2026-04-17 01:48:35,352 [INFO] Sleeping for 1.0 minutes...
2026-04-17 01:49:00,847 [INFO] Waking up to check market conditions...
2026-04-17 01:49:00,883 [INFO] No valid setup. Waiting.
2026-04-17 01:49:00,884 [INFO] Pairs:XAUUSD
2026-04-17 01:49:00,885 [INFO] Sleeping for 1.0 minutes...
2026-04-17 01:49:35,353 [INFO] Waking up to check market conditions...
2026-04-17 01:49:35,405 [INFO] No valid setup. Waiting.
2026-04-17 01:49:35,405 [INFO] Pairs:BTCUSD
2026-04-17 01:49:35,407 [INFO] Sleeping for 1.0 minutes...
2026-04-17 01:50:00,886 [INFO] Waking up to check market conditions...
2026-04-17 01:50:00,922 [INFO] No valid setup. Waiting.
2026-04-17 01:50:00,922 [INFO] Pairs:XAUUSD
2026-04-17 01:50:00,923 [INFO] Sleeping for 1.0 minutes...
2026-04-17 01:50:35,408 [INFO] Waking up to check market conditions...
2026-04-17 01:50:35,460 [INFO] No valid setup. Waiting.
2026-04-17 01:50:35,461 [INFO] Pairs:BTCUSD
2026-04-17 01:50:35,462 [INFO] Sleeping for 1.0 minutes...
2026-04-17 01:51:00,925 [INFO] Waking up to check market conditions...
2026-04-17 01:51:00,961 [INFO] No valid setup. Waiting.
2026-04-17 01:51:00,961 [INFO] Pairs:XAUUSD
2026-04-17 01:51:00,963 [INFO] Sleeping for 1.0 minutes...
2026-04-17 01:51:35,464 [INFO] Waking up to check market conditions...
2026-04-17 01:51:35,514 [INFO] No valid setup. Waiting.
2026-04-17 01:51:35,514 [INFO] Pairs:BTCUSD
2026-04-17 01:51:35,516 [INFO] Sleeping for 1.0 minutes...
2026-04-17 01:52:00,964 [INFO] Waking up to check market conditions...
2026-04-17 01:52:01,000 [INFO] No valid setup. Waiting.
2026-04-17 01:52:01,000 [INFO] Pairs:XAUUSD
2026-04-17 01:52:01,002 [INFO] Sleeping for 1.0 minutes...
2026-04-17 01:52:35,517 [INFO] Waking up to check market conditions...
2026-04-17 01:52:35,570 [INFO] No valid setup. Waiting.
2026-04-17 01:52:35,570 [INFO] Pairs:BTCUSD
2026-04-17 01:52:35,572 [INFO] Sleeping for 1.0 minutes...
2026-04-17 01:53:01,003 [INFO] Waking up to check market conditions...
2026-04-17 01:53:01,038 [INFO] No valid setup. Waiting.
2026-04-17 01:53:01,039 [INFO] Pairs:XAUUSD
2026-04-17 01:53:01,040 [INFO] Sleeping for 1.0 minutes...
2026-04-17 01:53:35,573 [INFO] Waking up to check market conditions...
2026-04-17 01:53:35,624 [INFO] No valid setup. Waiting.
2026-04-17 01:53:35,625 [INFO] Pairs:BTCUSD
2026-04-17 01:53:35,626 [INFO] Sleeping for 1.0 minutes...
2026-04-17 01:54:01,041 [INFO] Waking up to check market conditions...
2026-04-17 01:54:01,076 [INFO] No valid setup. Waiting.
2026-04-17 01:54:01,076 [INFO] Pairs:XAUUSD
2026-04-17 01:54:01,078 [INFO] Sleeping for 1.0 minutes...
2026-04-17 01:54:35,627 [INFO] Waking up to check market conditions...
2026-04-17 01:54:35,678 [INFO] No valid setup. Waiting.
2026-04-17 01:54:35,678 [INFO] Pairs:BTCUSD
2026-04-17 01:54:35,680 [INFO] Sleeping for 1.0 minutes...
2026-04-17 01:55:01,079 [INFO] Waking up to check market conditions...
2026-04-17 01:55:01,114 [INFO] No valid setup. Waiting.
2026-04-17 01:55:01,114 [INFO] Pairs:XAUUSD
2026-04-17 01:55:01,116 [INFO] Sleeping for 1.0 minutes...
2026-04-17 01:55:35,681 [INFO] Waking up to check market conditions...
2026-04-17 01:55:35,733 [INFO] No valid setup. Waiting.
2026-04-17 01:55:35,734 [INFO] Pairs:BTCUSD
2026-04-17 01:55:35,735 [INFO] Sleeping for 1.0 minutes...
2026-04-17 01:56:01,117 [INFO] Waking up to check market conditions...
2026-04-17 01:56:01,153 [INFO] No valid setup. Waiting.
2026-04-17 01:56:01,153 [INFO] Pairs:XAUUSD
2026-04-17 01:56:01,155 [INFO] Sleeping for 1.0 minutes...
2026-04-17 01:56:35,736 [INFO] Waking up to check market conditions...
2026-04-17 01:56:35,789 [INFO] No valid setup. Waiting.
2026-04-17 01:56:35,789 [INFO] Pairs:BTCUSD
2026-04-17 01:56:35,791 [INFO] Sleeping for 1.0 minutes...
2026-04-17 01:57:01,156 [INFO] Waking up to check market conditions...
2026-04-17 01:57:01,191 [INFO] No valid setup. Waiting.
2026-04-17 01:57:01,192 [INFO] Pairs:XAUUSD
2026-04-17 01:57:01,193 [INFO] Sleeping for 1.0 minutes...
2026-04-17 01:57:35,791 [INFO] Waking up to check market conditions...
2026-04-17 01:57:35,845 [INFO] No valid setup. Waiting.
2026-04-17 01:57:35,845 [INFO] Pairs:BTCUSD
2026-04-17 01:57:35,847 [INFO] Sleeping for 1.0 minutes...
2026-04-17 01:58:01,194 [INFO] Waking up to check market conditions...
2026-04-17 01:58:01,230 [INFO] No valid setup. Waiting.
2026-04-17 01:58:01,230 [INFO] Pairs:XAUUSD
2026-04-17 01:58:01,232 [INFO] Sleeping for 1.0 minutes...
2026-04-17 01:58:35,848 [INFO] Waking up to check market conditions...
2026-04-17 01:58:35,898 [INFO] No valid setup. Waiting.
2026-04-17 01:58:35,898 [INFO] Pairs:BTCUSD
2026-04-17 01:58:35,900 [INFO] Sleeping for 1.0 minutes...
2026-04-17 01:59:01,233 [INFO] Waking up to check market conditions...
2026-04-17 01:59:01,269 [INFO] No valid setup. Waiting.
2026-04-17 01:59:01,269 [INFO] Pairs:XAUUSD
2026-04-17 01:59:01,271 [INFO] Sleeping for 1.0 minutes...
2026-04-17 01:59:35,900 [INFO] Waking up to check market conditions...
2026-04-17 01:59:35,952 [INFO] No valid setup. Waiting.
2026-04-17 01:59:35,953 [INFO] Pairs:BTCUSD
2026-04-17 01:59:35,954 [INFO] Sleeping for 1.0 minutes...
2026-04-17 02:00:01,272 [INFO] Waking up to check market conditions...
2026-04-17 02:00:01,309 [INFO] No valid setup. Waiting.
2026-04-17 02:00:01,309 [INFO] Pairs:XAUUSD
2026-04-17 02:00:01,311 [INFO] Sleeping for 1.0 minutes...
2026-04-17 02:00:35,955 [INFO] Waking up to check market conditions...
2026-04-17 02:00:36,009 [INFO] No valid setup. Waiting.
2026-04-17 02:00:36,009 [INFO] Pairs:BTCUSD
2026-04-17 02:00:36,010 [INFO] Sleeping for 1.0 minutes...
2026-04-17 02:01:01,311 [INFO] Waking up to check market conditions...
2026-04-17 02:01:01,347 [INFO] No valid setup. Waiting.
2026-04-17 02:01:01,347 [INFO] Pairs:XAUUSD
2026-04-17 02:01:01,348 [INFO] Sleeping for 1.0 minutes...
2026-04-17 02:01:36,011 [INFO] Waking up to check market conditions...
2026-04-17 02:01:36,064 [INFO] No valid setup. Waiting.
2026-04-17 02:01:36,065 [INFO] Pairs:BTCUSD
2026-04-17 02:01:36,066 [INFO] Sleeping for 1.0 minutes...
2026-04-17 02:02:01,349 [INFO] Waking up to check market conditions...
2026-04-17 02:02:01,385 [INFO] No valid setup. Waiting.
2026-04-17 02:02:01,386 [INFO] Pairs:XAUUSD
2026-04-17 02:02:01,387 [INFO] Sleeping for 1.0 minutes...
2026-04-17 02:02:36,067 [INFO] Waking up to check market conditions...
2026-04-17 02:02:36,118 [INFO] No valid setup. Waiting.
2026-04-17 02:02:36,119 [INFO] Pairs:BTCUSD
2026-04-17 02:02:36,120 [INFO] Sleeping for 1.0 minutes...
2026-04-17 02:03:01,388 [INFO] Waking up to check market conditions...
2026-04-17 02:03:01,424 [INFO] No valid setup. Waiting.
2026-04-17 02:03:01,424 [INFO] Pairs:XAUUSD
2026-04-17 02:03:01,426 [INFO] Sleeping for 1.0 minutes...
2026-04-17 02:03:36,121 [INFO] Waking up to check market conditions...
2026-04-17 02:03:36,173 [INFO] No valid setup. Waiting.
2026-04-17 02:03:36,173 [INFO] Pairs:BTCUSD
2026-04-17 02:03:36,175 [INFO] Sleeping for 1.0 minutes...
2026-04-17 02:04:01,427 [INFO] Waking up to check market conditions...
2026-04-17 02:04:01,463 [INFO] No valid setup. Waiting.
2026-04-17 02:04:01,463 [INFO] Pairs:XAUUSD
2026-04-17 02:04:01,464 [INFO] Sleeping for 1.0 minutes...
2026-04-17 02:04:36,176 [INFO] Waking up to check market conditions...
2026-04-17 02:04:36,225 [INFO] No valid setup. Waiting.
2026-04-17 02:04:36,226 [INFO] Pairs:BTCUSD
2026-04-17 02:04:36,227 [INFO] Sleeping for 1.0 minutes...
2026-04-17 02:05:01,465 [INFO] Waking up to check market conditions...
2026-04-17 02:05:01,501 [INFO] No valid setup. Waiting.
2026-04-17 02:05:01,501 [INFO] Pairs:XAUUSD
2026-04-17 02:05:01,503 [INFO] Sleeping for 1.0 minutes...
2026-04-17 02:05:36,228 [INFO] Waking up to check market conditions...
2026-04-17 02:05:36,280 [INFO] No valid setup. Waiting.
2026-04-17 02:05:36,280 [INFO] Pairs:BTCUSD
2026-04-17 02:05:36,281 [INFO] Sleeping for 1.0 minutes...
2026-04-17 02:06:01,504 [INFO] Waking up to check market conditions...
2026-04-17 02:06:01,540 [INFO] No valid setup. Waiting.
2026-04-17 02:06:01,540 [INFO] Pairs:XAUUSD
2026-04-17 02:06:01,541 [INFO] Sleeping for 1.0 minutes...
2026-04-17 02:06:36,283 [INFO] Waking up to check market conditions...
2026-04-17 02:06:36,335 [INFO] No valid setup. Waiting.
2026-04-17 02:06:36,335 [INFO] Pairs:BTCUSD
2026-04-17 02:06:36,336 [INFO] Sleeping for 1.0 minutes...
2026-04-17 02:07:01,542 [INFO] Waking up to check market conditions...
2026-04-17 02:07:01,578 [INFO] No valid setup. Waiting.
2026-04-17 02:07:01,578 [INFO] Pairs:XAUUSD
2026-04-17 02:07:01,580 [INFO] Sleeping for 1.0 minutes...
2026-04-17 02:07:36,338 [INFO] Waking up to check market conditions...
2026-04-17 02:07:36,388 [INFO] No valid setup. Waiting.
2026-04-17 02:07:36,389 [INFO] Pairs:BTCUSD
2026-04-17 02:07:36,390 [INFO] Sleeping for 1.0 minutes...
2026-04-17 02:08:01,581 [INFO] Waking up to check market conditions...
2026-04-17 02:08:01,615 [INFO] No valid setup. Waiting.
2026-04-17 02:08:01,616 [INFO] Pairs:XAUUSD
2026-04-17 02:08:01,617 [INFO] Sleeping for 1.0 minutes...
2026-04-17 02:08:36,391 [INFO] Waking up to check market conditions...
2026-04-17 02:08:36,443 [INFO] No valid setup. Waiting.
2026-04-17 02:08:36,444 [INFO] Pairs:BTCUSD
2026-04-17 02:08:36,445 [INFO] Sleeping for 1.0 minutes...
2026-04-17 02:09:01,619 [INFO] Waking up to check market conditions...
2026-04-17 02:09:01,654 [INFO] No valid setup. Waiting.
2026-04-17 02:09:01,655 [INFO] Pairs:XAUUSD
2026-04-17 02:09:01,656 [INFO] Sleeping for 1.0 minutes...
2026-04-17 02:09:36,446 [INFO] Waking up to check market conditions...
2026-04-17 02:09:36,498 [INFO] No valid setup. Waiting.
2026-04-17 02:09:36,499 [INFO] Pairs:BTCUSD
2026-04-17 02:09:36,500 [INFO] Sleeping for 1.0 minutes...
2026-04-17 02:10:01,657 [INFO] Waking up to check market conditions...
2026-04-17 02:10:01,693 [INFO] No valid setup. Waiting.
2026-04-17 02:10:01,694 [INFO] Pairs:XAUUSD
2026-04-17 02:10:01,695 [INFO] Sleeping for 1.0 minutes...
2026-04-17 02:10:36,501 [INFO] Waking up to check market conditions...
2026-04-17 02:10:36,551 [INFO] No valid setup. Waiting.
2026-04-17 02:10:36,552 [INFO] Pairs:BTCUSD
2026-04-17 02:10:36,553 [INFO] Sleeping for 1.0 minutes...
2026-04-17 02:11:01,697 [INFO] Waking up to check market conditions...
2026-04-17 02:11:01,732 [INFO] No valid setup. Waiting.
2026-04-17 02:11:01,733 [INFO] Pairs:XAUUSD
2026-04-17 02:11:01,734 [INFO] Sleeping for 1.0 minutes...
2026-04-17 02:11:36,554 [INFO] Waking up to check market conditions...
2026-04-17 02:11:36,607 [INFO] No valid setup. Waiting.
2026-04-17 02:11:36,608 [INFO] Pairs:BTCUSD
2026-04-17 02:11:36,609 [INFO] Sleeping for 1.0 minutes...
2026-04-17 02:12:01,735 [INFO] Waking up to check market conditions...
2026-04-17 02:12:01,771 [INFO] No valid setup. Waiting.
2026-04-17 02:12:01,771 [INFO] Pairs:XAUUSD
2026-04-17 02:12:01,772 [INFO] Sleeping for 1.0 minutes...
2026-04-17 02:12:36,610 [INFO] Waking up to check market conditions...
2026-04-17 02:12:36,662 [INFO] No valid setup. Waiting.
2026-04-17 02:12:36,663 [INFO] Pairs:BTCUSD
2026-04-17 02:12:36,664 [INFO] Sleeping for 1.0 minutes...
2026-04-17 02:13:01,773 [INFO] Waking up to check market conditions...
2026-04-17 02:13:01,808 [INFO] No valid setup. Waiting.
2026-04-17 02:13:01,809 [INFO] Pairs:XAUUSD
2026-04-17 02:13:01,810 [INFO] Sleeping for 1.0 minutes...
2026-04-17 02:13:36,665 [INFO] Waking up to check market conditions...
2026-04-17 02:13:36,718 [INFO] No valid setup. Waiting.
2026-04-17 02:13:36,719 [INFO] Pairs:BTCUSD
2026-04-17 02:13:36,720 [INFO] Sleeping for 1.0 minutes...
2026-04-17 02:14:01,811 [INFO] Waking up to check market conditions...
2026-04-17 02:14:01,847 [INFO] No valid setup. Waiting.
2026-04-17 02:14:01,848 [INFO] Pairs:XAUUSD
2026-04-17 02:14:01,849 [INFO] Sleeping for 1.0 minutes...
2026-04-17 02:14:36,721 [INFO] Waking up to check market conditions...
2026-04-17 02:14:36,773 [INFO] No valid setup. Waiting.
2026-04-17 02:14:36,773 [INFO] Pairs:BTCUSD
2026-04-17 02:14:36,774 [INFO] Sleeping for 1.0 minutes...
2026-04-17 02:15:01,850 [INFO] Waking up to check market conditions...
2026-04-17 02:15:01,886 [INFO] No valid setup. Waiting.
2026-04-17 02:15:01,886 [INFO] Pairs:XAUUSD
2026-04-17 02:15:01,888 [INFO] Sleeping for 1.0 minutes...
2026-04-17 02:15:36,775 [INFO] Waking up to check market conditions...
2026-04-17 02:15:36,825 [INFO] No valid setup. Waiting.
2026-04-17 02:15:36,826 [INFO] Pairs:BTCUSD
2026-04-17 02:15:36,827 [INFO] Sleeping for 1.0 minutes...
2026-04-17 02:16:01,889 [INFO] Waking up to check market conditions...
2026-04-17 02:16:01,926 [INFO] No valid setup. Waiting.
2026-04-17 02:16:01,926 [INFO] Pairs:XAUUSD
2026-04-17 02:16:01,928 [INFO] Sleeping for 1.0 minutes...
2026-04-17 02:16:36,828 [INFO] Waking up to check market conditions...
2026-04-17 02:16:36,874 [INFO] No valid setup. Waiting.
2026-04-17 02:16:36,875 [INFO] Pairs:BTCUSD
2026-04-17 02:16:36,877 [INFO] Sleeping for 1.0 minutes...
2026-04-17 02:17:01,928 [INFO] Waking up to check market conditions...
2026-04-17 02:17:01,967 [INFO] No valid setup. Waiting.
2026-04-17 02:17:01,967 [INFO] Pairs:XAUUSD
2026-04-17 02:17:01,968 [INFO] Sleeping for 1.0 minutes...
2026-04-17 02:17:36,878 [INFO] Waking up to check market conditions...
2026-04-17 02:17:36,932 [INFO] No valid setup. Waiting.
2026-04-17 02:17:36,932 [INFO] Pairs:BTCUSD
2026-04-17 02:17:36,934 [INFO] Sleeping for 1.0 minutes...
2026-04-17 02:18:01,970 [INFO] Waking up to check market conditions...
2026-04-17 02:18:02,006 [INFO] No valid setup. Waiting.
2026-04-17 02:18:02,007 [INFO] Pairs:XAUUSD
2026-04-17 02:18:02,008 [INFO] Sleeping for 1.0 minutes...
2026-04-17 02:18:36,935 [INFO] Waking up to check market conditions...
2026-04-17 02:18:36,985 [INFO] No valid setup. Waiting.
2026-04-17 02:18:36,986 [INFO] Pairs:BTCUSD
2026-04-17 02:18:36,987 [INFO] Sleeping for 1.0 minutes...
2026-04-17 02:19:02,009 [INFO] Waking up to check market conditions...
2026-04-17 02:19:02,045 [INFO] No valid setup. Waiting.
2026-04-17 02:19:02,045 [INFO] Pairs:XAUUSD
2026-04-17 02:19:02,047 [INFO] Sleeping for 1.0 minutes...
2026-04-17 02:19:36,988 [INFO] Waking up to check market conditions...
2026-04-17 02:19:37,041 [INFO] No valid setup. Waiting.
2026-04-17 02:19:37,042 [INFO] Pairs:BTCUSD
2026-04-17 02:19:37,043 [INFO] Sleeping for 1.0 minutes...
2026-04-17 02:20:02,048 [INFO] Waking up to check market conditions...
2026-04-17 02:20:02,084 [INFO] No valid setup. Waiting.
2026-04-17 02:20:02,084 [INFO] Pairs:XAUUSD
2026-04-17 02:20:02,086 [INFO] Sleeping for 1.0 minutes...
2026-04-17 02:20:37,044 [INFO] Waking up to check market conditions...
2026-04-17 02:20:37,096 [INFO] No valid setup. Waiting.
2026-04-17 02:20:37,097 [INFO] Pairs:BTCUSD
2026-04-17 02:20:37,098 [INFO] Sleeping for 1.0 minutes...
2026-04-17 02:21:02,087 [INFO] Waking up to check market conditions...
2026-04-17 02:21:02,123 [INFO] No valid setup. Waiting.
2026-04-17 02:21:02,123 [INFO] Pairs:XAUUSD
2026-04-17 02:21:02,125 [INFO] Sleeping for 1.0 minutes...
2026-04-17 02:21:37,099 [INFO] Waking up to check market conditions...
2026-04-17 02:21:37,153 [INFO] No valid setup. Waiting.
2026-04-17 02:21:37,153 [INFO] Pairs:BTCUSD
2026-04-17 02:21:37,155 [INFO] Sleeping for 1.0 minutes...
2026-04-17 02:22:02,126 [INFO] Waking up to check market conditions...
2026-04-17 02:22:02,161 [INFO] No valid setup. Waiting.
2026-04-17 02:22:02,162 [INFO] Pairs:XAUUSD
2026-04-17 02:22:02,163 [INFO] Sleeping for 1.0 minutes...
2026-04-17 02:22:37,156 [INFO] Waking up to check market conditions...
2026-04-17 02:22:37,209 [INFO] No valid setup. Waiting.
2026-04-17 02:22:37,209 [INFO] Pairs:BTCUSD
2026-04-17 02:22:37,210 [INFO] Sleeping for 1.0 minutes...
2026-04-17 02:23:02,164 [INFO] Waking up to check market conditions...
2026-04-17 02:23:02,200 [INFO] No valid setup. Waiting.
2026-04-17 02:23:02,200 [INFO] Pairs:XAUUSD
2026-04-17 02:23:02,202 [INFO] Sleeping for 1.0 minutes...
2026-04-17 02:23:37,211 [INFO] Waking up to check market conditions...
2026-04-17 02:23:37,264 [INFO] No valid setup. Waiting.
2026-04-17 02:23:37,265 [INFO] Pairs:BTCUSD
2026-04-17 02:23:37,266 [INFO] Sleeping for 1.0 minutes...
2026-04-17 02:24:02,203 [INFO] Waking up to check market conditions...
2026-04-17 02:24:02,238 [INFO] No valid setup. Waiting.
2026-04-17 02:24:02,238 [INFO] Pairs:XAUUSD
2026-04-17 02:24:02,239 [INFO] Sleeping for 1.0 minutes...
2026-04-17 02:24:37,267 [INFO] Waking up to check market conditions...
2026-04-17 02:24:37,321 [INFO] No valid setup. Waiting.
2026-04-17 02:24:37,321 [INFO] Pairs:BTCUSD
2026-04-17 02:24:37,323 [INFO] Sleeping for 1.0 minutes...
2026-04-17 02:25:02,240 [INFO] Waking up to check market conditions...
2026-04-17 02:25:02,277 [INFO] No valid setup. Waiting.
2026-04-17 02:25:02,278 [INFO] Pairs:XAUUSD
2026-04-17 02:25:02,279 [INFO] Sleeping for 1.0 minutes...
2026-04-17 02:25:37,324 [INFO] Waking up to check market conditions...
2026-04-17 02:25:37,376 [INFO] No valid setup. Waiting.
2026-04-17 02:25:37,377 [INFO] Pairs:BTCUSD
2026-04-17 02:25:37,378 [INFO] Sleeping for 1.0 minutes...
2026-04-17 02:26:02,280 [INFO] Waking up to check market conditions...
2026-04-17 02:26:02,317 [INFO] No valid setup. Waiting.
2026-04-17 02:26:02,318 [INFO] Pairs:XAUUSD
2026-04-17 02:26:02,319 [INFO] Sleeping for 1.0 minutes...
2026-04-17 02:26:37,379 [INFO] Waking up to check market conditions...
2026-04-17 02:26:37,430 [INFO] No valid setup. Waiting.
2026-04-17 02:26:37,431 [INFO] Pairs:BTCUSD
2026-04-17 02:26:37,432 [INFO] Sleeping for 1.0 minutes...
2026-04-17 02:27:02,320 [INFO] Waking up to check market conditions...
2026-04-17 02:27:02,357 [INFO] No valid setup. Waiting.
2026-04-17 02:27:02,357 [INFO] Pairs:XAUUSD
2026-04-17 02:27:02,359 [INFO] Sleeping for 1.0 minutes...
2026-04-17 02:27:37,433 [INFO] Waking up to check market conditions...
2026-04-17 02:27:37,486 [INFO] No valid setup. Waiting.
2026-04-17 02:27:37,487 [INFO] Pairs:BTCUSD
2026-04-17 02:27:37,488 [INFO] Sleeping for 1.0 minutes...
2026-04-17 02:28:02,360 [INFO] Waking up to check market conditions...
2026-04-17 02:28:02,396 [INFO] No valid setup. Waiting.
2026-04-17 02:28:02,397 [INFO] Pairs:XAUUSD
2026-04-17 02:28:02,398 [INFO] Sleeping for 1.0 minutes...
2026-04-17 02:28:37,489 [INFO] Waking up to check market conditions...
2026-04-17 02:28:37,542 [INFO] No valid setup. Waiting.
2026-04-17 02:28:37,543 [INFO] Pairs:BTCUSD
2026-04-17 02:28:37,544 [INFO] Sleeping for 1.0 minutes...
2026-04-17 02:29:02,400 [INFO] Waking up to check market conditions...
2026-04-17 02:29:02,436 [INFO] No valid setup. Waiting.
2026-04-17 02:29:02,436 [INFO] Pairs:XAUUSD
2026-04-17 02:29:02,437 [INFO] Sleeping for 1.0 minutes...
2026-04-17 02:29:37,545 [INFO] Waking up to check market conditions...
2026-04-17 02:29:37,597 [INFO] No valid setup. Waiting.
2026-04-17 02:29:37,598 [INFO] Pairs:BTCUSD
2026-04-17 02:29:37,599 [INFO] Sleeping for 1.0 minutes...
2026-04-17 02:30:02,438 [INFO] Waking up to check market conditions...
2026-04-17 02:30:02,474 [INFO] No valid setup. Waiting.
2026-04-17 02:30:02,475 [INFO] Pairs:XAUUSD
2026-04-17 02:30:02,476 [INFO] Sleeping for 1.0 minutes...
2026-04-17 02:30:37,600 [INFO] Waking up to check market conditions...
2026-04-17 02:30:37,669 [INFO] No valid setup. Waiting.
2026-04-17 02:30:37,670 [INFO] Pairs:BTCUSD
2026-04-17 02:30:37,671 [INFO] Sleeping for 1.0 minutes...
2026-04-17 02:31:02,477 [INFO] Waking up to check market conditions...
2026-04-17 02:31:02,512 [INFO] No valid setup. Waiting.
2026-04-17 02:31:02,513 [INFO] Pairs:XAUUSD
2026-04-17 02:31:02,514 [INFO] Sleeping for 1.0 minutes...
2026-04-17 02:31:37,673 [INFO] Waking up to check market conditions...
2026-04-17 02:31:37,725 [INFO] No valid setup. Waiting.
2026-04-17 02:31:37,726 [INFO] Pairs:BTCUSD
2026-04-17 02:31:37,727 [INFO] Sleeping for 1.0 minutes...
2026-04-17 02:32:02,516 [INFO] Waking up to check market conditions...
2026-04-17 02:32:02,551 [INFO] No valid setup. Waiting.
2026-04-17 02:32:02,552 [INFO] Pairs:XAUUSD
2026-04-17 02:32:02,553 [INFO] Sleeping for 1.0 minutes...
2026-04-17 02:32:37,728 [INFO] Waking up to check market conditions...
2026-04-17 02:32:37,780 [INFO] No valid setup. Waiting.
2026-04-17 02:32:37,781 [INFO] Pairs:BTCUSD
2026-04-17 02:32:37,782 [INFO] Sleeping for 1.0 minutes...
2026-04-17 02:33:02,554 [INFO] Waking up to check market conditions...
2026-04-17 02:33:02,590 [INFO] No valid setup. Waiting.
2026-04-17 02:33:02,591 [INFO] Pairs:XAUUSD
2026-04-17 02:33:02,592 [INFO] Sleeping for 1.0 minutes...
2026-04-17 02:33:37,783 [INFO] Waking up to check market conditions...
2026-04-17 02:33:37,835 [INFO] No valid setup. Waiting.
2026-04-17 02:33:37,835 [INFO] Pairs:BTCUSD
2026-04-17 02:33:37,837 [INFO] Sleeping for 1.0 minutes...
2026-04-17 02:34:02,593 [INFO] Waking up to check market conditions...
2026-04-17 02:34:02,629 [INFO] No valid setup. Waiting.
2026-04-17 02:34:02,629 [INFO] Pairs:XAUUSD
2026-04-17 02:34:02,631 [INFO] Sleeping for 1.0 minutes...
2026-04-17 02:34:37,838 [INFO] Waking up to check market conditions...
2026-04-17 02:34:37,888 [INFO] No valid setup. Waiting.
2026-04-17 02:34:37,888 [INFO] Pairs:BTCUSD
2026-04-17 02:34:37,890 [INFO] Sleeping for 1.0 minutes...
2026-04-17 02:35:02,632 [INFO] Waking up to check market conditions...
2026-04-17 02:35:02,668 [INFO] No valid setup. Waiting.
2026-04-17 02:35:02,668 [INFO] Pairs:XAUUSD
2026-04-17 02:35:02,669 [INFO] Sleeping for 1.0 minutes...
2026-04-17 02:35:37,891 [INFO] Waking up to check market conditions...
2026-04-17 02:35:37,943 [INFO] No valid setup. Waiting.
2026-04-17 02:35:37,944 [INFO] Pairs:BTCUSD
2026-04-17 02:35:37,945 [INFO] Sleeping for 1.0 minutes...
2026-04-17 02:36:02,671 [INFO] Waking up to check market conditions...
2026-04-17 02:36:02,706 [INFO] No valid setup. Waiting.
2026-04-17 02:36:02,707 [INFO] Pairs:XAUUSD
2026-04-17 02:36:02,708 [INFO] Sleeping for 1.0 minutes...
2026-04-17 02:36:37,946 [INFO] Waking up to check market conditions...
2026-04-17 02:36:37,999 [INFO] No valid setup. Waiting.
2026-04-17 02:36:37,999 [INFO] Pairs:BTCUSD
2026-04-17 02:36:38,001 [INFO] Sleeping for 1.0 minutes...
2026-04-17 02:37:02,710 [INFO] Waking up to check market conditions...
2026-04-17 02:37:02,745 [INFO] No valid setup. Waiting.
2026-04-17 02:37:02,746 [INFO] Pairs:XAUUSD
2026-04-17 02:37:02,747 [INFO] Sleeping for 1.0 minutes...
2026-04-17 02:37:38,002 [INFO] Waking up to check market conditions...
2026-04-17 02:37:38,052 [INFO] No valid setup. Waiting.
2026-04-17 02:37:38,052 [INFO] Pairs:BTCUSD
2026-04-17 02:37:38,054 [INFO] Sleeping for 1.0 minutes...
2026-04-17 02:38:02,748 [INFO] Waking up to check market conditions...
2026-04-17 02:38:02,784 [INFO] No valid setup. Waiting.
2026-04-17 02:38:02,784 [INFO] Pairs:XAUUSD
2026-04-17 02:38:02,786 [INFO] Sleeping for 1.0 minutes...
2026-04-17 02:38:38,054 [INFO] Waking up to check market conditions...
2026-04-17 02:38:38,106 [INFO] No valid setup. Waiting.
2026-04-17 02:38:38,106 [INFO] Pairs:BTCUSD
2026-04-17 02:38:38,107 [INFO] Sleeping for 1.0 minutes...
2026-04-17 02:39:02,787 [INFO] Waking up to check market conditions...
2026-04-17 02:39:02,823 [INFO] No valid setup. Waiting.
2026-04-17 02:39:02,824 [INFO] Pairs:XAUUSD
2026-04-17 02:39:02,825 [INFO] Sleeping for 1.0 minutes...
2026-04-17 02:39:38,108 [INFO] Waking up to check market conditions...
2026-04-17 02:39:38,160 [INFO] No valid setup. Waiting.
2026-04-17 02:39:38,160 [INFO] Pairs:BTCUSD
2026-04-17 02:39:38,162 [INFO] Sleeping for 1.0 minutes...
2026-04-17 02:40:02,826 [INFO] Waking up to check market conditions...
2026-04-17 02:40:02,861 [INFO] No valid setup. Waiting.
2026-04-17 02:40:02,862 [INFO] Pairs:XAUUSD
2026-04-17 02:40:02,863 [INFO] Sleeping for 1.0 minutes...
2026-04-17 02:40:38,163 [INFO] Waking up to check market conditions...
2026-04-17 02:40:38,214 [INFO] No valid setup. Waiting.
2026-04-17 02:40:38,215 [INFO] Pairs:BTCUSD
2026-04-17 02:40:38,216 [INFO] Sleeping for 1.0 minutes...
2026-04-17 02:41:02,864 [INFO] Waking up to check market conditions...
2026-04-17 02:41:02,900 [INFO] No valid setup. Waiting.
2026-04-17 02:41:02,900 [INFO] Pairs:XAUUSD
2026-04-17 02:41:02,902 [INFO] Sleeping for 1.0 minutes...
2026-04-17 02:41:38,217 [INFO] Waking up to check market conditions...
2026-04-17 02:41:38,268 [INFO] No valid setup. Waiting.
2026-04-17 02:41:38,269 [INFO] Pairs:BTCUSD
2026-04-17 02:41:38,270 [INFO] Sleeping for 1.0 minutes...
2026-04-17 02:42:02,903 [INFO] Waking up to check market conditions...
2026-04-17 02:42:02,939 [INFO] No valid setup. Waiting.
2026-04-17 02:42:02,939 [INFO] Pairs:XAUUSD
2026-04-17 02:42:02,940 [INFO] Sleeping for 1.0 minutes...
2026-04-17 02:42:38,271 [INFO] Waking up to check market conditions...
2026-04-17 02:42:38,323 [INFO] No valid setup. Waiting.
2026-04-17 02:42:38,324 [INFO] Pairs:BTCUSD
2026-04-17 02:42:38,325 [INFO] Sleeping for 1.0 minutes...
2026-04-17 02:43:02,942 [INFO] Waking up to check market conditions...
2026-04-17 02:43:02,978 [INFO] No valid setup. Waiting.
2026-04-17 02:43:02,978 [INFO] Pairs:XAUUSD
2026-04-17 02:43:02,980 [INFO] Sleeping for 1.0 minutes...
2026-04-17 02:43:38,326 [INFO] Waking up to check market conditions...
2026-04-17 02:43:38,378 [INFO] No valid setup. Waiting.
2026-04-17 02:43:38,379 [INFO] Pairs:BTCUSD
2026-04-17 02:43:38,380 [INFO] Sleeping for 1.0 minutes...
2026-04-17 02:44:02,981 [INFO] Waking up to check market conditions...
2026-04-17 02:44:03,016 [INFO] No valid setup. Waiting.
2026-04-17 02:44:03,017 [INFO] Pairs:XAUUSD
2026-04-17 02:44:03,018 [INFO] Sleeping for 1.0 minutes...
2026-04-17 02:44:38,381 [INFO] Waking up to check market conditions...
2026-04-17 02:44:38,433 [INFO] No valid setup. Waiting.
2026-04-17 02:44:38,433 [INFO] Pairs:BTCUSD
2026-04-17 02:44:38,435 [INFO] Sleeping for 1.0 minutes...
2026-04-17 02:45:03,019 [INFO] Waking up to check market conditions...
2026-04-17 02:45:03,056 [INFO] No valid setup. Waiting.
2026-04-17 02:45:03,056 [INFO] Pairs:XAUUSD
2026-04-17 02:45:03,058 [INFO] Sleeping for 1.0 minutes...
2026-04-17 02:45:38,436 [INFO] Waking up to check market conditions...
2026-04-17 02:45:38,487 [INFO] No valid setup. Waiting.
2026-04-17 02:45:38,488 [INFO] Pairs:BTCUSD
2026-04-17 02:45:38,489 [INFO] Sleeping for 1.0 minutes...
2026-04-17 02:46:03,059 [INFO] Waking up to check market conditions...
2026-04-17 02:46:03,094 [INFO] No valid setup. Waiting.
2026-04-17 02:46:03,094 [INFO] Pairs:XAUUSD
2026-04-17 02:46:03,096 [INFO] Sleeping for 1.0 minutes...
2026-04-17 02:46:38,490 [INFO] Waking up to check market conditions...
2026-04-17 02:46:38,542 [INFO] No valid setup. Waiting.
2026-04-17 02:46:38,542 [INFO] Pairs:BTCUSD
2026-04-17 02:46:38,544 [INFO] Sleeping for 1.0 minutes...
2026-04-17 02:47:03,097 [INFO] Waking up to check market conditions...
2026-04-17 02:47:03,132 [INFO] No valid setup. Waiting.
2026-04-17 02:47:03,133 [INFO] Pairs:XAUUSD
2026-04-17 02:47:03,134 [INFO] Sleeping for 1.0 minutes...
2026-04-17 02:47:38,545 [INFO] Waking up to check market conditions...
2026-04-17 02:47:38,597 [INFO] No valid setup. Waiting.
2026-04-17 02:47:38,597 [INFO] Pairs:BTCUSD
2026-04-17 02:47:38,599 [INFO] Sleeping for 1.0 minutes...
2026-04-17 02:48:03,136 [INFO] Waking up to check market conditions...
2026-04-17 02:48:03,171 [INFO] No valid setup. Waiting.
2026-04-17 02:48:03,172 [INFO] Pairs:XAUUSD
2026-04-17 02:48:03,173 [INFO] Sleeping for 1.0 minutes...
2026-04-17 02:48:38,600 [INFO] Waking up to check market conditions...
2026-04-17 02:48:38,650 [INFO] No valid setup. Waiting.
2026-04-17 02:48:38,651 [INFO] Pairs:BTCUSD
2026-04-17 02:48:38,652 [INFO] Sleeping for 1.0 minutes...
2026-04-17 02:49:03,174 [INFO] Waking up to check market conditions...
2026-04-17 02:49:03,209 [INFO] No valid setup. Waiting.
2026-04-17 02:49:03,210 [INFO] Pairs:XAUUSD
2026-04-17 02:49:03,211 [INFO] Sleeping for 1.0 minutes...
2026-04-17 02:49:38,653 [INFO] Waking up to check market conditions...
2026-04-17 02:49:38,705 [INFO] No valid setup. Waiting.
2026-04-17 02:49:38,705 [INFO] Pairs:BTCUSD
2026-04-17 02:49:38,706 [INFO] Sleeping for 1.0 minutes...
2026-04-17 02:50:03,213 [INFO] Waking up to check market conditions...
2026-04-17 02:50:03,249 [INFO] No valid setup. Waiting.
2026-04-17 02:50:03,249 [INFO] Pairs:XAUUSD
2026-04-17 02:50:03,251 [INFO] Sleeping for 1.0 minutes...
2026-04-17 02:50:38,708 [INFO] Waking up to check market conditions...
2026-04-17 02:50:38,759 [INFO] No valid setup. Waiting.
2026-04-17 02:50:38,759 [INFO] Pairs:BTCUSD
2026-04-17 02:50:38,761 [INFO] Sleeping for 1.0 minutes...
2026-04-17 02:51:03,252 [INFO] Waking up to check market conditions...
2026-04-17 02:51:03,287 [INFO] No valid setup. Waiting.
2026-04-17 02:51:03,288 [INFO] Pairs:XAUUSD
2026-04-17 02:51:03,289 [INFO] Sleeping for 1.0 minutes...
2026-04-17 02:51:38,762 [INFO] Waking up to check market conditions...
2026-04-17 02:51:38,814 [INFO] No valid setup. Waiting.
2026-04-17 02:51:38,814 [INFO] Pairs:BTCUSD
2026-04-17 02:51:38,816 [INFO] Sleeping for 1.0 minutes...
2026-04-17 02:52:03,290 [INFO] Waking up to check market conditions...
2026-04-17 02:52:03,325 [INFO] No valid setup. Waiting.
2026-04-17 02:52:03,326 [INFO] Pairs:XAUUSD
2026-04-17 02:52:03,327 [INFO] Sleeping for 1.0 minutes...
2026-04-17 02:52:38,817 [INFO] Waking up to check market conditions...
2026-04-17 02:52:38,868 [INFO] No valid setup. Waiting.
2026-04-17 02:52:38,869 [INFO] Pairs:BTCUSD
2026-04-17 02:52:38,870 [INFO] Sleeping for 1.0 minutes...
2026-04-17 02:53:03,328 [INFO] Waking up to check market conditions...
2026-04-17 02:53:03,364 [INFO] No valid setup. Waiting.
2026-04-17 02:53:03,364 [INFO] Pairs:XAUUSD
2026-04-17 02:53:03,366 [INFO] Sleeping for 1.0 minutes...
2026-04-17 02:53:38,871 [INFO] Waking up to check market conditions...
2026-04-17 02:53:38,923 [INFO] No valid setup. Waiting.
2026-04-17 02:53:38,924 [INFO] Pairs:BTCUSD
2026-04-17 02:53:38,925 [INFO] Sleeping for 1.0 minutes...
2026-04-17 02:54:03,367 [INFO] Waking up to check market conditions...
2026-04-17 02:54:03,402 [INFO] No valid setup. Waiting.
2026-04-17 02:54:03,403 [INFO] Pairs:XAUUSD
2026-04-17 02:54:03,404 [INFO] Sleeping for 1.0 minutes...
2026-04-17 02:54:38,926 [INFO] Waking up to check market conditions...
2026-04-17 02:54:38,978 [INFO] No valid setup. Waiting.
2026-04-17 02:54:38,979 [INFO] Pairs:BTCUSD
2026-04-17 02:54:38,980 [INFO] Sleeping for 1.0 minutes...
2026-04-17 02:55:03,405 [INFO] Waking up to check market conditions...
2026-04-17 02:55:03,441 [INFO] No valid setup. Waiting.
2026-04-17 02:55:03,441 [INFO] Pairs:XAUUSD
2026-04-17 02:55:03,443 [INFO] Sleeping for 1.0 minutes...
2026-04-17 02:55:38,981 [INFO] Waking up to check market conditions...
2026-04-17 02:55:39,033 [INFO] No valid setup. Waiting.
2026-04-17 02:55:39,033 [INFO] Pairs:BTCUSD
2026-04-17 02:55:39,035 [INFO] Sleeping for 1.0 minutes...
2026-04-17 02:56:03,444 [INFO] Waking up to check market conditions...
2026-04-17 02:56:03,480 [INFO] No valid setup. Waiting.
2026-04-17 02:56:03,481 [INFO] Pairs:XAUUSD
2026-04-17 02:56:03,482 [INFO] Sleeping for 1.0 minutes...
2026-04-17 02:56:39,035 [INFO] Waking up to check market conditions...
2026-04-17 02:56:39,086 [INFO] No valid setup. Waiting.
2026-04-17 02:56:39,086 [INFO] Pairs:BTCUSD
2026-04-17 02:56:39,088 [INFO] Sleeping for 1.0 minutes...
2026-04-17 02:57:03,483 [INFO] Waking up to check market conditions...
2026-04-17 02:57:03,517 [INFO] No valid setup. Waiting.
2026-04-17 02:57:03,518 [INFO] Pairs:XAUUSD
2026-04-17 02:57:03,519 [INFO] Sleeping for 1.0 minutes...
2026-04-17 02:57:39,089 [INFO] Waking up to check market conditions...
2026-04-17 02:57:39,140 [INFO] No valid setup. Waiting.
2026-04-17 02:57:39,141 [INFO] Pairs:BTCUSD
2026-04-17 02:57:39,142 [INFO] Sleeping for 1.0 minutes...
2026-04-17 02:58:03,521 [INFO] Waking up to check market conditions...
2026-04-17 02:58:03,556 [INFO] No valid setup. Waiting.
2026-04-17 02:58:03,557 [INFO] Pairs:XAUUSD
2026-04-17 02:58:03,558 [INFO] Sleeping for 1.0 minutes...
2026-04-17 02:58:39,143 [INFO] Waking up to check market conditions...
2026-04-17 02:58:39,195 [INFO] No valid setup. Waiting.
2026-04-17 02:58:39,196 [INFO] Pairs:BTCUSD
2026-04-17 02:58:39,197 [INFO] Sleeping for 1.0 minutes...
2026-04-17 02:59:03,559 [INFO] Waking up to check market conditions...
2026-04-17 02:59:03,594 [INFO] No valid setup. Waiting.
2026-04-17 02:59:03,595 [INFO] Pairs:XAUUSD
2026-04-17 02:59:03,596 [INFO] Sleeping for 1.0 minutes...
2026-04-17 02:59:39,198 [INFO] Waking up to check market conditions...
2026-04-17 02:59:39,249 [INFO] No valid setup. Waiting.
2026-04-17 02:59:39,250 [INFO] Pairs:BTCUSD
2026-04-17 02:59:39,251 [INFO] Sleeping for 1.0 minutes...
2026-04-17 03:00:03,597 [INFO] Waking up to check market conditions...
2026-04-17 03:00:03,633 [INFO] No valid setup. Waiting.
2026-04-17 03:00:03,633 [INFO] Pairs:XAUUSD
2026-04-17 03:00:03,634 [INFO] Sleeping for 1.0 minutes...
2026-04-17 03:00:39,252 [INFO] Waking up to check market conditions...
2026-04-17 03:00:39,302 [INFO] No valid setup. Waiting.
2026-04-17 03:00:39,303 [INFO] Pairs:BTCUSD
2026-04-17 03:00:39,304 [INFO] Sleeping for 1.0 minutes...
2026-04-17 03:01:03,636 [INFO] Waking up to check market conditions...
2026-04-17 03:01:03,671 [INFO] No valid setup. Waiting.
2026-04-17 03:01:03,672 [INFO] Pairs:XAUUSD
2026-04-17 03:01:03,673 [INFO] Sleeping for 1.0 minutes...
2026-04-17 03:01:39,305 [INFO] Waking up to check market conditions...
2026-04-17 03:01:39,357 [INFO] No valid setup. Waiting.
2026-04-17 03:01:39,358 [INFO] Pairs:BTCUSD
2026-04-17 03:01:39,359 [INFO] Sleeping for 1.0 minutes...
2026-04-17 03:02:03,674 [INFO] Waking up to check market conditions...
2026-04-17 03:02:03,709 [INFO] No valid setup. Waiting.
2026-04-17 03:02:03,710 [INFO] Pairs:XAUUSD
2026-04-17 03:02:03,711 [INFO] Sleeping for 1.0 minutes...
2026-04-17 03:02:39,360 [INFO] Waking up to check market conditions...
2026-04-17 03:02:39,412 [INFO] No valid setup. Waiting.
2026-04-17 03:02:39,413 [INFO] Pairs:BTCUSD
2026-04-17 03:02:39,414 [INFO] Sleeping for 1.0 minutes...
2026-04-17 03:03:03,712 [INFO] Waking up to check market conditions...
2026-04-17 03:03:03,748 [INFO] No valid setup. Waiting.
2026-04-17 03:03:03,748 [INFO] Pairs:XAUUSD
2026-04-17 03:03:03,750 [INFO] Sleeping for 1.0 minutes...
2026-04-17 03:03:39,415 [INFO] Waking up to check market conditions...
2026-04-17 03:03:39,466 [INFO] No valid setup. Waiting.
2026-04-17 03:03:39,467 [INFO] Pairs:BTCUSD
2026-04-17 03:03:39,468 [INFO] Sleeping for 1.0 minutes...
2026-04-17 03:04:03,751 [INFO] Waking up to check market conditions...
2026-04-17 03:04:03,787 [INFO] No valid setup. Waiting.
2026-04-17 03:04:03,788 [INFO] Pairs:XAUUSD
2026-04-17 03:04:03,789 [INFO] Sleeping for 1.0 minutes...
2026-04-17 03:04:39,469 [INFO] Waking up to check market conditions...
2026-04-17 03:04:39,521 [INFO] No valid setup. Waiting.
2026-04-17 03:04:39,521 [INFO] Pairs:BTCUSD
2026-04-17 03:04:39,523 [INFO] Sleeping for 1.0 minutes...
2026-04-17 03:05:03,790 [INFO] Waking up to check market conditions...
2026-04-17 03:05:03,826 [INFO] No valid setup. Waiting.
2026-04-17 03:05:03,826 [INFO] Pairs:XAUUSD
2026-04-17 03:05:03,828 [INFO] Sleeping for 1.0 minutes...
2026-04-17 03:05:39,524 [INFO] Waking up to check market conditions...
2026-04-17 03:05:39,575 [INFO] No valid setup. Waiting.
2026-04-17 03:05:39,576 [INFO] Pairs:BTCUSD
2026-04-17 03:05:39,577 [INFO] Sleeping for 1.0 minutes...
2026-04-17 03:06:03,829 [INFO] Waking up to check market conditions...
2026-04-17 03:06:03,864 [INFO] No valid setup. Waiting.
2026-04-17 03:06:03,866 [INFO] Pairs:XAUUSD
2026-04-17 03:06:03,866 [INFO] Sleeping for 1.0 minutes...
2026-04-17 03:06:39,578 [INFO] Waking up to check market conditions...
2026-04-17 03:06:39,629 [INFO] No valid setup. Waiting.
2026-04-17 03:06:39,629 [INFO] Pairs:BTCUSD
2026-04-17 03:06:39,631 [INFO] Sleeping for 1.0 minutes...
2026-04-17 03:07:03,867 [INFO] Waking up to check market conditions...
2026-04-17 03:07:03,902 [INFO] No valid setup. Waiting.
2026-04-17 03:07:03,903 [INFO] Pairs:XAUUSD
2026-04-17 03:07:03,904 [INFO] Sleeping for 1.0 minutes...
2026-04-17 03:07:39,632 [INFO] Waking up to check market conditions...
2026-04-17 03:07:39,683 [INFO] No valid setup. Waiting.
2026-04-17 03:07:39,683 [INFO] Pairs:BTCUSD
2026-04-17 03:07:39,685 [INFO] Sleeping for 1.0 minutes...
2026-04-17 03:08:03,905 [INFO] Waking up to check market conditions...
2026-04-17 03:08:03,940 [INFO] No valid setup. Waiting.
2026-04-17 03:08:03,940 [INFO] Pairs:XAUUSD
2026-04-17 03:08:03,942 [INFO] Sleeping for 1.0 minutes...
2026-04-17 03:08:39,686 [INFO] Waking up to check market conditions...
2026-04-17 03:08:39,737 [INFO] No valid setup. Waiting.
2026-04-17 03:08:39,737 [INFO] Pairs:BTCUSD
2026-04-17 03:08:39,739 [INFO] Sleeping for 1.0 minutes...
2026-04-17 03:09:03,943 [INFO] Waking up to check market conditions...
2026-04-17 03:09:03,978 [INFO] No valid setup. Waiting.
2026-04-17 03:09:03,979 [INFO] Pairs:XAUUSD
2026-04-17 03:09:03,980 [INFO] Sleeping for 1.0 minutes...
2026-04-17 03:09:39,740 [INFO] Waking up to check market conditions...
2026-04-17 03:09:39,791 [INFO] No valid setup. Waiting.
2026-04-17 03:09:39,792 [INFO] Pairs:BTCUSD
2026-04-17 03:09:39,793 [INFO] Sleeping for 1.0 minutes...
2026-04-17 03:10:03,981 [INFO] Waking up to check market conditions...
2026-04-17 03:10:04,017 [INFO] No valid setup. Waiting.
2026-04-17 03:10:04,018 [INFO] Pairs:XAUUSD
2026-04-17 03:10:04,019 [INFO] Sleeping for 1.0 minutes...
2026-04-17 03:10:39,794 [INFO] Waking up to check market conditions...
2026-04-17 03:10:39,846 [INFO] No valid setup. Waiting.
2026-04-17 03:10:39,847 [INFO] Pairs:BTCUSD
2026-04-17 03:10:39,848 [INFO] Sleeping for 1.0 minutes...
2026-04-17 03:11:04,020 [INFO] Waking up to check market conditions...
2026-04-17 03:11:04,056 [INFO] No valid setup. Waiting.
2026-04-17 03:11:04,056 [INFO] Pairs:XAUUSD
2026-04-17 03:11:04,058 [INFO] Sleeping for 1.0 minutes...
2026-04-17 03:11:39,850 [INFO] Waking up to check market conditions...
2026-04-17 03:11:39,901 [INFO] No valid setup. Waiting.
2026-04-17 03:11:39,901 [INFO] Pairs:BTCUSD
2026-04-17 03:11:39,903 [INFO] Sleeping for 1.0 minutes...
2026-04-17 03:12:04,059 [INFO] Waking up to check market conditions...
2026-04-17 03:12:04,094 [INFO] No valid setup. Waiting.
2026-04-17 03:12:04,095 [INFO] Pairs:XAUUSD
2026-04-17 03:12:04,096 [INFO] Sleeping for 1.0 minutes...
2026-04-17 03:12:39,904 [INFO] Waking up to check market conditions...
2026-04-17 03:12:39,956 [INFO] No valid setup. Waiting.
2026-04-17 03:12:39,957 [INFO] Pairs:BTCUSD
2026-04-17 03:12:39,958 [INFO] Sleeping for 1.0 minutes...
2026-04-17 03:13:04,097 [INFO] Waking up to check market conditions...
2026-04-17 03:13:04,133 [INFO] No valid setup. Waiting.
2026-04-17 03:13:04,133 [INFO] Pairs:XAUUSD
2026-04-17 03:13:04,135 [INFO] Sleeping for 1.0 minutes...
2026-04-17 03:13:39,959 [INFO] Waking up to check market conditions...
2026-04-17 03:13:40,010 [INFO] No valid setup. Waiting.
2026-04-17 03:13:40,011 [INFO] Pairs:BTCUSD
2026-04-17 03:13:40,012 [INFO] Sleeping for 1.0 minutes...
2026-04-17 03:14:04,136 [INFO] Waking up to check market conditions...
2026-04-17 03:14:04,172 [INFO] No valid setup. Waiting.
2026-04-17 03:14:04,172 [INFO] Pairs:XAUUSD
2026-04-17 03:14:04,173 [INFO] Sleeping for 1.0 minutes...
2026-04-17 03:14:40,013 [INFO] Waking up to check market conditions...
2026-04-17 03:14:40,064 [INFO] No valid setup. Waiting.
2026-04-17 03:14:40,065 [INFO] Pairs:BTCUSD
2026-04-17 03:14:40,066 [INFO] Sleeping for 1.0 minutes...
2026-04-17 03:15:04,175 [INFO] Waking up to check market conditions...
2026-04-17 03:15:04,211 [INFO] No valid setup. Waiting.
2026-04-17 03:15:04,211 [INFO] Pairs:XAUUSD
2026-04-17 03:15:04,213 [INFO] Sleeping for 1.0 minutes...
2026-04-17 03:15:40,067 [INFO] Waking up to check market conditions...
2026-04-17 03:15:40,119 [INFO] No valid setup. Waiting.
2026-04-17 03:15:40,119 [INFO] Pairs:BTCUSD
2026-04-17 03:15:40,120 [INFO] Sleeping for 1.0 minutes...
2026-04-17 03:16:04,214 [INFO] Waking up to check market conditions...
2026-04-17 03:16:04,250 [INFO] No valid setup. Waiting.
2026-04-17 03:16:04,250 [INFO] Pairs:XAUUSD
2026-04-17 03:16:04,252 [INFO] Sleeping for 1.0 minutes...
2026-04-17 03:16:40,121 [INFO] Waking up to check market conditions...
2026-04-17 03:16:40,173 [INFO] No valid setup. Waiting.
2026-04-17 03:16:40,173 [INFO] Pairs:BTCUSD
2026-04-17 03:16:40,175 [INFO] Sleeping for 1.0 minutes...
2026-04-17 03:17:04,252 [INFO] Waking up to check market conditions...
2026-04-17 03:17:04,288 [INFO] No valid setup. Waiting.
2026-04-17 03:17:04,288 [INFO] Pairs:XAUUSD
2026-04-17 03:17:04,290 [INFO] Sleeping for 1.0 minutes...
2026-04-17 03:17:40,176 [INFO] Waking up to check market conditions...
2026-04-17 03:17:40,228 [INFO] No valid setup. Waiting.
2026-04-17 03:17:40,229 [INFO] Pairs:BTCUSD
2026-04-17 03:17:40,230 [INFO] Sleeping for 1.0 minutes...
2026-04-17 03:18:04,291 [INFO] Waking up to check market conditions...
2026-04-17 03:18:04,327 [INFO] No valid setup. Waiting.
2026-04-17 03:18:04,327 [INFO] Pairs:XAUUSD
2026-04-17 03:18:04,329 [INFO] Sleeping for 1.0 minutes...
2026-04-17 03:18:40,231 [INFO] Waking up to check market conditions...
2026-04-17 03:18:40,284 [INFO] No valid setup. Waiting.
2026-04-17 03:18:40,284 [INFO] Pairs:BTCUSD
2026-04-17 03:18:40,286 [INFO] Sleeping for 1.0 minutes...
2026-04-17 03:19:04,330 [INFO] Waking up to check market conditions...
2026-04-17 03:19:04,365 [INFO] No valid setup. Waiting.
2026-04-17 03:19:04,366 [INFO] Pairs:XAUUSD
2026-04-17 03:19:04,367 [INFO] Sleeping for 1.0 minutes...
2026-04-17 03:19:40,287 [INFO] Waking up to check market conditions...
2026-04-17 03:19:40,340 [INFO] No valid setup. Waiting.
2026-04-17 03:19:40,340 [INFO] Pairs:BTCUSD
2026-04-17 03:19:40,342 [INFO] Sleeping for 1.0 minutes...
2026-04-17 03:20:04,368 [INFO] Waking up to check market conditions...
2026-04-17 03:20:04,404 [INFO] No valid setup. Waiting.
2026-04-17 03:20:04,405 [INFO] Pairs:XAUUSD
2026-04-17 03:20:04,406 [INFO] Sleeping for 1.0 minutes...
2026-04-17 03:20:40,343 [INFO] Waking up to check market conditions...
2026-04-17 03:20:40,394 [INFO] No valid setup. Waiting.
2026-04-17 03:20:40,395 [INFO] Pairs:BTCUSD
2026-04-17 03:20:40,396 [INFO] Sleeping for 1.0 minutes...
2026-04-17 03:21:04,408 [INFO] Waking up to check market conditions...
2026-04-17 03:21:04,443 [INFO] No valid setup. Waiting.
2026-04-17 03:21:04,444 [INFO] Pairs:XAUUSD
2026-04-17 03:21:04,445 [INFO] Sleeping for 1.0 minutes...
2026-04-17 03:21:40,397 [INFO] Waking up to check market conditions...
2026-04-17 03:21:40,448 [INFO] No valid setup. Waiting.
2026-04-17 03:21:40,448 [INFO] Pairs:BTCUSD
2026-04-17 03:21:40,450 [INFO] Sleeping for 1.0 minutes...
2026-04-17 03:22:04,446 [INFO] Waking up to check market conditions...
2026-04-17 03:22:04,481 [INFO] No valid setup. Waiting.
2026-04-17 03:22:04,482 [INFO] Pairs:XAUUSD
2026-04-17 03:22:04,483 [INFO] Sleeping for 1.0 minutes...
2026-04-17 03:22:40,451 [INFO] Waking up to check market conditions...
2026-04-17 03:22:40,502 [INFO] No valid setup. Waiting.
2026-04-17 03:22:40,503 [INFO] Pairs:BTCUSD
2026-04-17 03:22:40,504 [INFO] Sleeping for 1.0 minutes...
2026-04-17 03:23:04,484 [INFO] Waking up to check market conditions...
2026-04-17 03:23:04,520 [INFO] No valid setup. Waiting.
2026-04-17 03:23:04,521 [INFO] Pairs:XAUUSD
2026-04-17 03:23:04,522 [INFO] Sleeping for 1.0 minutes...
2026-04-17 03:23:40,506 [INFO] Waking up to check market conditions...
2026-04-17 03:23:40,557 [INFO] No valid setup. Waiting.
2026-04-17 03:23:40,557 [INFO] Pairs:BTCUSD
2026-04-17 03:23:40,558 [INFO] Sleeping for 1.0 minutes...
2026-04-17 03:24:04,523 [INFO] Waking up to check market conditions...
2026-04-17 03:24:04,558 [INFO] No valid setup. Waiting.
2026-04-17 03:24:04,558 [INFO] Pairs:XAUUSD
2026-04-17 03:24:04,560 [INFO] Sleeping for 1.0 minutes...
2026-04-17 03:24:40,560 [INFO] Waking up to check market conditions...
2026-04-17 03:24:40,611 [INFO] No valid setup. Waiting.
2026-04-17 03:24:40,612 [INFO] Pairs:BTCUSD
2026-04-17 03:24:40,613 [INFO] Sleeping for 1.0 minutes...
2026-04-17 03:25:04,561 [INFO] Waking up to check market conditions...
2026-04-17 03:25:04,597 [INFO] No valid setup. Waiting.
2026-04-17 03:25:04,597 [INFO] Pairs:XAUUSD
2026-04-17 03:25:04,598 [INFO] Sleeping for 1.0 minutes...
2026-04-17 03:25:40,614 [INFO] Waking up to check market conditions...
2026-04-17 03:25:40,665 [INFO] No valid setup. Waiting.
2026-04-17 03:25:40,665 [INFO] Pairs:BTCUSD
2026-04-17 03:25:40,667 [INFO] Sleeping for 1.0 minutes...
2026-04-17 03:26:04,600 [INFO] Waking up to check market conditions...
2026-04-17 03:26:04,635 [INFO] No valid setup. Waiting.
2026-04-17 03:26:04,636 [INFO] Pairs:XAUUSD
2026-04-17 03:26:04,637 [INFO] Sleeping for 1.0 minutes...
2026-04-17 03:26:40,668 [INFO] Waking up to check market conditions...
2026-04-17 03:26:40,719 [INFO] No valid setup. Waiting.
2026-04-17 03:26:40,720 [INFO] Pairs:BTCUSD
2026-04-17 03:26:40,721 [INFO] Sleeping for 1.0 minutes...
2026-04-17 03:27:04,638 [INFO] Waking up to check market conditions...
2026-04-17 03:27:04,674 [INFO] No valid setup. Waiting.
2026-04-17 03:27:04,674 [INFO] Pairs:XAUUSD
2026-04-17 03:27:04,676 [INFO] Sleeping for 1.0 minutes...
2026-04-17 03:27:40,722 [INFO] Waking up to check market conditions...
2026-04-17 03:27:40,773 [INFO] No valid setup. Waiting.
2026-04-17 03:27:40,774 [INFO] Pairs:BTCUSD
2026-04-17 03:27:40,775 [INFO] Sleeping for 1.0 minutes...
2026-04-17 03:28:04,677 [INFO] Waking up to check market conditions...
2026-04-17 03:28:04,710 [INFO] No valid setup. Waiting.
2026-04-17 03:28:04,710 [INFO] Pairs:XAUUSD
2026-04-17 03:28:04,712 [INFO] Sleeping for 1.0 minutes...
2026-04-17 03:28:40,776 [INFO] Waking up to check market conditions...
2026-04-17 03:28:40,827 [INFO] No valid setup. Waiting.
2026-04-17 03:28:40,828 [INFO] Pairs:BTCUSD
2026-04-17 03:28:40,829 [INFO] Sleeping for 1.0 minutes...
2026-04-17 03:29:04,713 [INFO] Waking up to check market conditions...
2026-04-17 03:29:04,748 [INFO] No valid setup. Waiting.
2026-04-17 03:29:04,749 [INFO] Pairs:XAUUSD
2026-04-17 03:29:04,750 [INFO] Sleeping for 1.0 minutes...
2026-04-17 03:29:40,830 [INFO] Waking up to check market conditions...
2026-04-17 03:29:40,884 [INFO] No valid setup. Waiting.
2026-04-17 03:29:40,884 [INFO] Pairs:BTCUSD
2026-04-17 03:29:40,886 [INFO] Sleeping for 1.0 minutes...
2026-04-17 03:30:04,751 [INFO] Waking up to check market conditions...
2026-04-17 03:30:04,788 [INFO] No valid setup. Waiting.
2026-04-17 03:30:04,788 [INFO] Pairs:XAUUSD
2026-04-17 03:30:04,790 [INFO] Sleeping for 1.0 minutes...
2026-04-17 03:30:40,887 [INFO] Waking up to check market conditions...
2026-04-17 03:30:40,939 [INFO] No valid setup. Waiting.
2026-04-17 03:30:40,939 [INFO] Pairs:BTCUSD
2026-04-17 03:30:40,941 [INFO] Sleeping for 1.0 minutes...
2026-04-17 03:31:04,791 [INFO] Waking up to check market conditions...
2026-04-17 03:31:04,827 [INFO] No valid setup. Waiting.
2026-04-17 03:31:04,828 [INFO] Pairs:XAUUSD
2026-04-17 03:31:04,829 [INFO] Sleeping for 1.0 minutes...
2026-04-17 03:31:40,942 [INFO] Waking up to check market conditions...
2026-04-17 03:31:40,993 [INFO] No valid setup. Waiting.
2026-04-17 03:31:40,993 [INFO] Pairs:BTCUSD
2026-04-17 03:31:40,995 [INFO] Sleeping for 1.0 minutes...
2026-04-17 03:32:04,831 [INFO] Waking up to check market conditions...
2026-04-17 03:32:04,866 [INFO] No valid setup. Waiting.
2026-04-17 03:32:04,867 [INFO] Pairs:XAUUSD
2026-04-17 03:32:04,868 [INFO] Sleeping for 1.0 minutes...
2026-04-17 03:32:40,995 [INFO] Waking up to check market conditions...
2026-04-17 03:32:41,047 [INFO] No valid setup. Waiting.
2026-04-17 03:32:41,048 [INFO] Pairs:BTCUSD
2026-04-17 03:32:41,049 [INFO] Sleeping for 1.0 minutes...
2026-04-17 03:33:04,869 [INFO] Waking up to check market conditions...
2026-04-17 03:33:04,905 [INFO] No valid setup. Waiting.
2026-04-17 03:33:04,905 [INFO] Pairs:XAUUSD
2026-04-17 03:33:04,907 [INFO] Sleeping for 1.0 minutes...
2026-04-17 03:33:41,050 [INFO] Waking up to check market conditions...
2026-04-17 03:33:41,102 [INFO] No valid setup. Waiting.
2026-04-17 03:33:41,102 [INFO] Pairs:BTCUSD
2026-04-17 03:33:41,104 [INFO] Sleeping for 1.0 minutes...
2026-04-17 03:34:04,907 [INFO] Waking up to check market conditions...
2026-04-17 03:34:04,943 [INFO] No valid setup. Waiting.
2026-04-17 03:34:04,944 [INFO] Pairs:XAUUSD
2026-04-17 03:34:04,945 [INFO] Sleeping for 1.0 minutes...
2026-04-17 03:34:41,105 [INFO] Waking up to check market conditions...
2026-04-17 03:34:41,157 [INFO] No valid setup. Waiting.
2026-04-17 03:34:41,157 [INFO] Pairs:BTCUSD
2026-04-17 03:34:41,158 [INFO] Sleeping for 1.0 minutes...
2026-04-17 03:35:04,946 [INFO] Waking up to check market conditions...
2026-04-17 03:35:04,982 [INFO] No valid setup. Waiting.
2026-04-17 03:35:04,982 [INFO] Pairs:XAUUSD
2026-04-17 03:35:04,984 [INFO] Sleeping for 1.0 minutes...
2026-04-17 03:35:41,160 [INFO] Waking up to check market conditions...
2026-04-17 03:35:41,210 [INFO] No valid setup. Waiting.
2026-04-17 03:35:41,211 [INFO] Pairs:BTCUSD
2026-04-17 03:35:41,212 [INFO] Sleeping for 1.0 minutes...
2026-04-17 03:36:04,985 [INFO] Waking up to check market conditions...
2026-04-17 03:36:05,021 [INFO] No valid setup. Waiting.
2026-04-17 03:36:05,021 [INFO] Pairs:XAUUSD
2026-04-17 03:36:05,023 [INFO] Sleeping for 1.0 minutes...
2026-04-17 03:36:41,213 [INFO] Waking up to check market conditions...
2026-04-17 03:36:41,264 [INFO] No valid setup. Waiting.
2026-04-17 03:36:41,265 [INFO] Pairs:BTCUSD
2026-04-17 03:36:41,266 [INFO] Sleeping for 1.0 minutes...
2026-04-17 03:37:05,023 [INFO] Waking up to check market conditions...
2026-04-17 03:37:05,058 [INFO] No valid setup. Waiting.
2026-04-17 03:37:05,059 [INFO] Pairs:XAUUSD
2026-04-17 03:37:05,060 [INFO] Sleeping for 1.0 minutes...
2026-04-17 03:37:41,267 [INFO] Waking up to check market conditions...
2026-04-17 03:37:41,319 [INFO] No valid setup. Waiting.
2026-04-17 03:37:41,320 [INFO] Pairs:BTCUSD
2026-04-17 03:37:41,321 [INFO] Sleeping for 1.0 minutes...
2026-04-17 03:38:05,061 [INFO] Waking up to check market conditions...
2026-04-17 03:38:05,097 [INFO] No valid setup. Waiting.
2026-04-17 03:38:05,097 [INFO] Pairs:XAUUSD
2026-04-17 03:38:05,099 [INFO] Sleeping for 1.0 minutes...
2026-04-17 03:38:41,322 [INFO] Waking up to check market conditions...
2026-04-17 03:38:41,373 [INFO] No valid setup. Waiting.
2026-04-17 03:38:41,374 [INFO] Pairs:BTCUSD
2026-04-17 03:38:41,375 [INFO] Sleeping for 1.0 minutes...
2026-04-17 03:39:05,100 [INFO] Waking up to check market conditions...
2026-04-17 03:39:05,135 [INFO] No valid setup. Waiting.
2026-04-17 03:39:05,136 [INFO] Pairs:XAUUSD
2026-04-17 03:39:05,137 [INFO] Sleeping for 1.0 minutes...
2026-04-17 03:39:41,376 [INFO] Waking up to check market conditions...
2026-04-17 03:39:41,428 [INFO] No valid setup. Waiting.
2026-04-17 03:39:41,428 [INFO] Pairs:BTCUSD
2026-04-17 03:39:41,430 [INFO] Sleeping for 1.0 minutes...
2026-04-17 03:40:05,138 [INFO] Waking up to check market conditions...
2026-04-17 03:40:05,181 [INFO] No valid setup. Waiting.
2026-04-17 03:40:05,182 [INFO] Pairs:XAUUSD
2026-04-17 03:40:05,183 [INFO] Sleeping for 1.0 minutes...
2026-04-17 03:40:41,431 [INFO] Waking up to check market conditions...
2026-04-17 03:40:41,484 [INFO] No valid setup. Waiting.
2026-04-17 03:40:41,484 [INFO] Pairs:BTCUSD
2026-04-17 03:40:41,486 [INFO] Sleeping for 1.0 minutes...
2026-04-17 03:41:05,184 [INFO] Waking up to check market conditions...
2026-04-17 03:41:05,220 [INFO] No valid setup. Waiting.
2026-04-17 03:41:05,220 [INFO] Pairs:XAUUSD
2026-04-17 03:41:05,222 [INFO] Sleeping for 1.0 minutes...
2026-04-17 03:41:41,487 [INFO] Waking up to check market conditions...
2026-04-17 03:41:41,540 [INFO] No valid setup. Waiting.
2026-04-17 03:41:41,540 [INFO] Pairs:BTCUSD
2026-04-17 03:41:41,542 [INFO] Sleeping for 1.0 minutes...
2026-04-17 03:42:05,223 [INFO] Waking up to check market conditions...
2026-04-17 03:42:05,268 [INFO] No valid setup. Waiting.
2026-04-17 03:42:05,268 [INFO] Pairs:XAUUSD
2026-04-17 03:42:05,270 [INFO] Sleeping for 1.0 minutes...
2026-04-17 03:42:41,543 [INFO] Waking up to check market conditions...
2026-04-17 03:42:41,595 [INFO] No valid setup. Waiting.
2026-04-17 03:42:41,596 [INFO] Pairs:BTCUSD
2026-04-17 03:42:41,597 [INFO] Sleeping for 1.0 minutes...
2026-04-17 03:43:05,272 [INFO] Waking up to check market conditions...
2026-04-17 03:43:05,333 [INFO] No valid setup. Waiting.
2026-04-17 03:43:05,333 [INFO] Pairs:XAUUSD
2026-04-17 03:43:05,335 [INFO] Sleeping for 1.0 minutes...
2026-04-17 03:43:41,598 [INFO] Waking up to check market conditions...
2026-04-17 03:43:41,651 [INFO] No valid setup. Waiting.
2026-04-17 03:43:41,651 [INFO] Pairs:BTCUSD
2026-04-17 03:43:41,653 [INFO] Sleeping for 1.0 minutes...
2026-04-17 03:44:05,336 [INFO] Waking up to check market conditions...
2026-04-17 03:44:05,372 [INFO] No valid setup. Waiting.
2026-04-17 03:44:05,373 [INFO] Pairs:XAUUSD
2026-04-17 03:44:05,374 [INFO] Sleeping for 1.0 minutes...
2026-04-17 03:44:41,653 [INFO] Waking up to check market conditions...
2026-04-17 03:44:41,706 [INFO] No valid setup. Waiting.
2026-04-17 03:44:41,706 [INFO] Pairs:BTCUSD
2026-04-17 03:44:41,707 [INFO] Sleeping for 1.0 minutes...
2026-04-17 03:45:05,376 [INFO] Waking up to check market conditions...
2026-04-17 03:45:05,412 [INFO] No valid setup. Waiting.
2026-04-17 03:45:05,412 [INFO] Pairs:XAUUSD
2026-04-17 03:45:05,414 [INFO] Sleeping for 1.0 minutes...
2026-04-17 03:45:41,708 [INFO] Waking up to check market conditions...
2026-04-17 03:45:41,760 [INFO] No valid setup. Waiting.
2026-04-17 03:45:41,761 [INFO] Pairs:BTCUSD
2026-04-17 03:45:41,762 [INFO] Sleeping for 1.0 minutes...
2026-04-17 03:46:05,415 [INFO] Waking up to check market conditions...
2026-04-17 03:46:05,451 [INFO] No valid setup. Waiting.
2026-04-17 03:46:05,451 [INFO] Pairs:XAUUSD
2026-04-17 03:46:05,453 [INFO] Sleeping for 1.0 minutes...
2026-04-17 03:46:41,763 [INFO] Waking up to check market conditions...
2026-04-17 03:46:41,814 [INFO] No valid setup. Waiting.
2026-04-17 03:46:41,815 [INFO] Pairs:BTCUSD
2026-04-17 03:46:41,816 [INFO] Sleeping for 1.0 minutes...
2026-04-17 03:47:05,454 [INFO] Waking up to check market conditions...
2026-04-17 03:47:05,490 [INFO] No valid setup. Waiting.
2026-04-17 03:47:05,490 [INFO] Pairs:XAUUSD
2026-04-17 03:47:05,492 [INFO] Sleeping for 1.0 minutes...
2026-04-17 03:47:41,817 [INFO] Waking up to check market conditions...
2026-04-17 03:47:41,870 [INFO] No valid setup. Waiting.
2026-04-17 03:47:41,870 [INFO] Pairs:BTCUSD
2026-04-17 03:47:41,871 [INFO] Sleeping for 1.0 minutes...
2026-04-17 03:48:05,493 [INFO] Waking up to check market conditions...
2026-04-17 03:48:05,529 [INFO] No valid setup. Waiting.
2026-04-17 03:48:05,530 [INFO] Pairs:XAUUSD
2026-04-17 03:48:05,531 [INFO] Sleeping for 1.0 minutes...
2026-04-17 03:48:41,872 [INFO] Waking up to check market conditions...
2026-04-17 03:48:41,925 [INFO] No valid setup. Waiting.
2026-04-17 03:48:41,926 [INFO] Pairs:BTCUSD
2026-04-17 03:48:41,927 [INFO] Sleeping for 1.0 minutes...
2026-04-17 03:49:05,532 [INFO] Waking up to check market conditions...
2026-04-17 03:49:05,568 [INFO] No valid setup. Waiting.
2026-04-17 03:49:05,568 [INFO] Pairs:XAUUSD
2026-04-17 03:49:05,570 [INFO] Sleeping for 1.0 minutes...
2026-04-17 03:49:41,928 [INFO] Waking up to check market conditions...
2026-04-17 03:49:41,980 [INFO] No valid setup. Waiting.
2026-04-17 03:49:41,980 [INFO] Pairs:BTCUSD
2026-04-17 03:49:41,982 [INFO] Sleeping for 1.0 minutes...
2026-04-17 03:50:05,571 [INFO] Waking up to check market conditions...
2026-04-17 03:50:05,607 [INFO] No valid setup. Waiting.
2026-04-17 03:50:05,607 [INFO] Pairs:XAUUSD
2026-04-17 03:50:05,609 [INFO] Sleeping for 1.0 minutes...
2026-04-17 03:50:41,983 [INFO] Waking up to check market conditions...
2026-04-17 03:50:42,035 [INFO] No valid setup. Waiting.
2026-04-17 03:50:42,035 [INFO] Pairs:BTCUSD
2026-04-17 03:50:42,037 [INFO] Sleeping for 1.0 minutes...
2026-04-17 03:51:05,610 [INFO] Waking up to check market conditions...
2026-04-17 03:51:05,645 [INFO] No valid setup. Waiting.
2026-04-17 03:51:05,645 [INFO] Pairs:XAUUSD
2026-04-17 03:51:05,647 [INFO] Sleeping for 1.0 minutes...
2026-04-17 03:51:42,038 [INFO] Waking up to check market conditions...
2026-04-17 03:51:42,091 [INFO] No valid setup. Waiting.
2026-04-17 03:51:42,092 [INFO] Pairs:BTCUSD
2026-04-17 03:51:42,093 [INFO] Sleeping for 1.0 minutes...
2026-04-17 03:52:05,648 [INFO] Waking up to check market conditions...
2026-04-17 03:52:05,684 [INFO] No valid setup. Waiting.
2026-04-17 03:52:05,684 [INFO] Pairs:XAUUSD
2026-04-17 03:52:05,686 [INFO] Sleeping for 1.0 minutes...
2026-04-17 03:52:42,094 [INFO] Waking up to check market conditions...
2026-04-17 03:52:42,146 [INFO] No valid setup. Waiting.
2026-04-17 03:52:42,146 [INFO] Pairs:BTCUSD
2026-04-17 03:52:42,148 [INFO] Sleeping for 1.0 minutes...
2026-04-17 03:53:05,687 [INFO] Waking up to check market conditions...
2026-04-17 03:53:05,720 [INFO] No valid setup. Waiting.
2026-04-17 03:53:05,721 [INFO] Pairs:XAUUSD
2026-04-17 03:53:05,722 [INFO] Sleeping for 1.0 minutes...
2026-04-17 03:53:42,149 [INFO] Waking up to check market conditions...
2026-04-17 03:53:42,201 [INFO] No valid setup. Waiting.
2026-04-17 03:53:42,202 [INFO] Pairs:BTCUSD
2026-04-17 03:53:42,203 [INFO] Sleeping for 1.0 minutes...
2026-04-17 03:54:05,723 [INFO] Waking up to check market conditions...
2026-04-17 03:54:05,759 [INFO] No valid setup. Waiting.
2026-04-17 03:54:05,760 [INFO] Pairs:XAUUSD
2026-04-17 03:54:05,761 [INFO] Sleeping for 1.0 minutes...
2026-04-17 03:54:42,204 [INFO] Waking up to check market conditions...
2026-04-17 03:54:42,256 [INFO] No valid setup. Waiting.
2026-04-17 03:54:42,257 [INFO] Pairs:BTCUSD
2026-04-17 03:54:42,258 [INFO] Sleeping for 1.0 minutes...
2026-04-17 03:55:05,762 [INFO] Waking up to check market conditions...
2026-04-17 03:55:05,798 [INFO] No valid setup. Waiting.
2026-04-17 03:55:05,799 [INFO] Pairs:XAUUSD
2026-04-17 03:55:05,800 [INFO] Sleeping for 1.0 minutes...
2026-04-17 03:55:42,259 [INFO] Waking up to check market conditions...
2026-04-17 03:55:42,310 [INFO] No valid setup. Waiting.
2026-04-17 03:55:42,311 [INFO] Pairs:BTCUSD
2026-04-17 03:55:42,312 [INFO] Sleeping for 1.0 minutes...
2026-04-17 03:56:05,801 [INFO] Waking up to check market conditions...
2026-04-17 03:56:05,837 [INFO] No valid setup. Waiting.
2026-04-17 03:56:05,837 [INFO] Pairs:XAUUSD
2026-04-17 03:56:05,840 [INFO] Sleeping for 1.0 minutes...
2026-04-17 03:56:42,313 [INFO] Waking up to check market conditions...
2026-04-17 03:56:42,365 [INFO] No valid setup. Waiting.
2026-04-17 03:56:42,366 [INFO] Pairs:BTCUSD
2026-04-17 03:56:42,367 [INFO] Sleeping for 1.0 minutes...
2026-04-17 03:57:05,841 [INFO] Waking up to check market conditions...
2026-04-17 03:57:05,877 [INFO] No valid setup. Waiting.
2026-04-17 03:57:05,878 [INFO] Pairs:XAUUSD
2026-04-17 03:57:05,879 [INFO] Sleeping for 1.0 minutes...
2026-04-17 03:57:42,368 [INFO] Waking up to check market conditions...
2026-04-17 03:57:42,420 [INFO] No valid setup. Waiting.
2026-04-17 03:57:42,421 [INFO] Pairs:BTCUSD
2026-04-17 03:57:42,422 [INFO] Sleeping for 1.0 minutes...
2026-04-17 03:58:05,880 [INFO] Waking up to check market conditions...
2026-04-17 03:58:05,916 [INFO] No valid setup. Waiting.
2026-04-17 03:58:05,917 [INFO] Pairs:XAUUSD
2026-04-17 03:58:05,918 [INFO] Sleeping for 1.0 minutes...
2026-04-17 03:58:42,423 [INFO] Waking up to check market conditions...
2026-04-17 03:58:42,474 [INFO] No valid setup. Waiting.
2026-04-17 03:58:42,475 [INFO] Pairs:BTCUSD
2026-04-17 03:58:42,476 [INFO] Sleeping for 1.0 minutes...
2026-04-17 03:59:05,919 [INFO] Waking up to check market conditions...
2026-04-17 03:59:05,955 [INFO] No valid setup. Waiting.
2026-04-17 03:59:05,956 [INFO] Pairs:XAUUSD
2026-04-17 03:59:05,957 [INFO] Sleeping for 1.0 minutes...
2026-04-17 03:59:42,477 [INFO] Waking up to check market conditions...
2026-04-17 03:59:42,530 [INFO] No valid setup. Waiting.
2026-04-17 03:59:42,530 [INFO] Pairs:BTCUSD
2026-04-17 03:59:42,531 [INFO] Sleeping for 1.0 minutes...
2026-04-17 04:00:05,958 [INFO] Waking up to check market conditions...
2026-04-17 04:00:05,994 [INFO] No valid setup. Waiting.
2026-04-17 04:00:05,995 [INFO] Pairs:XAUUSD
2026-04-17 04:00:05,996 [INFO] Sleeping for 1.0 minutes...
2026-04-17 04:00:42,533 [INFO] Waking up to check market conditions...
2026-04-17 04:00:42,584 [INFO] No valid setup. Waiting.
2026-04-17 04:00:42,585 [INFO] Pairs:BTCUSD
2026-04-17 04:00:42,586 [INFO] Sleeping for 1.0 minutes...
2026-04-17 04:01:05,997 [INFO] Waking up to check market conditions...
2026-04-17 04:01:06,030 [INFO] No valid setup. Waiting.
2026-04-17 04:01:06,031 [INFO] Pairs:XAUUSD
2026-04-17 04:01:06,032 [INFO] Sleeping for 1.0 minutes...
2026-04-17 04:01:42,587 [INFO] Waking up to check market conditions...
2026-04-17 04:01:42,639 [INFO] No valid setup. Waiting.
2026-04-17 04:01:42,640 [INFO] Pairs:BTCUSD
2026-04-17 04:01:42,641 [INFO] Sleeping for 1.0 minutes...
2026-04-17 04:02:06,033 [INFO] Waking up to check market conditions...
2026-04-17 04:02:06,069 [INFO] No valid setup. Waiting.
2026-04-17 04:02:06,070 [INFO] Pairs:XAUUSD
2026-04-17 04:02:06,071 [INFO] Sleeping for 1.0 minutes...
2026-04-17 04:02:42,642 [INFO] Waking up to check market conditions...
2026-04-17 04:02:42,693 [INFO] No valid setup. Waiting.
2026-04-17 04:02:42,694 [INFO] Pairs:BTCUSD
2026-04-17 04:02:42,695 [INFO] Sleeping for 1.0 minutes...
2026-04-17 04:03:06,072 [INFO] Waking up to check market conditions...
2026-04-17 04:03:06,108 [INFO] No valid setup. Waiting.
2026-04-17 04:03:06,108 [INFO] Pairs:XAUUSD
2026-04-17 04:03:06,110 [INFO] Sleeping for 1.0 minutes...
2026-04-17 04:03:42,696 [INFO] Waking up to check market conditions...
2026-04-17 04:03:42,747 [INFO] No valid setup. Waiting.
2026-04-17 04:03:42,748 [INFO] Pairs:BTCUSD
2026-04-17 04:03:42,749 [INFO] Sleeping for 1.0 minutes...
2026-04-17 04:04:06,111 [INFO] Waking up to check market conditions...
2026-04-17 04:04:06,146 [INFO] No valid setup. Waiting.
2026-04-17 04:04:06,147 [INFO] Pairs:XAUUSD
2026-04-17 04:04:06,148 [INFO] Sleeping for 1.0 minutes...
2026-04-17 04:04:42,750 [INFO] Waking up to check market conditions...
2026-04-17 04:04:42,801 [INFO] No valid setup. Waiting.
2026-04-17 04:04:42,802 [INFO] Pairs:BTCUSD
2026-04-17 04:04:42,803 [INFO] Sleeping for 1.0 minutes...
2026-04-17 04:05:06,149 [INFO] Waking up to check market conditions...
2026-04-17 04:05:06,185 [INFO] No valid setup. Waiting.
2026-04-17 04:05:06,186 [INFO] Pairs:XAUUSD
2026-04-17 04:05:06,187 [INFO] Sleeping for 1.0 minutes...
2026-04-17 04:05:42,804 [INFO] Waking up to check market conditions...
2026-04-17 04:05:42,855 [INFO] No valid setup. Waiting.
2026-04-17 04:05:42,856 [INFO] Pairs:BTCUSD
2026-04-17 04:05:42,857 [INFO] Sleeping for 1.0 minutes...
2026-04-17 04:06:06,188 [INFO] Waking up to check market conditions...
2026-04-17 04:06:06,224 [INFO] No valid setup. Waiting.
2026-04-17 04:06:06,224 [INFO] Pairs:XAUUSD
2026-04-17 04:06:06,226 [INFO] Sleeping for 1.0 minutes...
2026-04-17 04:06:42,858 [INFO] Waking up to check market conditions...
2026-04-17 04:06:42,908 [INFO] No valid setup. Waiting.
2026-04-17 04:06:42,908 [INFO] Pairs:BTCUSD
2026-04-17 04:06:42,910 [INFO] Sleeping for 1.0 minutes...
2026-04-17 04:07:06,227 [INFO] Waking up to check market conditions...
2026-04-17 04:07:06,263 [INFO] No valid setup. Waiting.
2026-04-17 04:07:06,264 [INFO] Pairs:XAUUSD
2026-04-17 04:07:06,265 [INFO] Sleeping for 1.0 minutes...
2026-04-17 04:07:42,911 [INFO] Waking up to check market conditions...
2026-04-17 04:07:42,961 [INFO] No valid setup. Waiting.
2026-04-17 04:07:42,961 [INFO] Pairs:BTCUSD
2026-04-17 04:07:42,963 [INFO] Sleeping for 1.0 minutes...
2026-04-17 04:08:06,266 [INFO] Waking up to check market conditions...
2026-04-17 04:08:06,301 [INFO] No valid setup. Waiting.
2026-04-17 04:08:06,301 [INFO] Pairs:XAUUSD
2026-04-17 04:08:06,303 [INFO] Sleeping for 1.0 minutes...
2026-04-17 04:08:42,964 [INFO] Waking up to check market conditions...
2026-04-17 04:08:43,015 [INFO] No valid setup. Waiting.
2026-04-17 04:08:43,015 [INFO] Pairs:BTCUSD
2026-04-17 04:08:43,016 [INFO] Sleeping for 1.0 minutes...
2026-04-17 04:09:06,304 [INFO] Waking up to check market conditions...
2026-04-17 04:09:06,339 [INFO] No valid setup. Waiting.
2026-04-17 04:09:06,340 [INFO] Pairs:XAUUSD
2026-04-17 04:09:06,341 [INFO] Sleeping for 1.0 minutes...
2026-04-17 04:09:43,018 [INFO] Waking up to check market conditions...
2026-04-17 04:09:43,069 [INFO] No valid setup. Waiting.
2026-04-17 04:09:43,070 [INFO] Pairs:BTCUSD
2026-04-17 04:09:43,071 [INFO] Sleeping for 1.0 minutes...
2026-04-17 04:10:06,342 [INFO] Waking up to check market conditions...
2026-04-17 04:10:06,378 [INFO] No valid setup. Waiting.
2026-04-17 04:10:06,378 [INFO] Pairs:XAUUSD
2026-04-17 04:10:06,380 [INFO] Sleeping for 1.0 minutes...
2026-04-17 04:10:43,072 [INFO] Waking up to check market conditions...
2026-04-17 04:10:43,123 [INFO] No valid setup. Waiting.
2026-04-17 04:10:43,123 [INFO] Pairs:BTCUSD
2026-04-17 04:10:43,125 [INFO] Sleeping for 1.0 minutes...
2026-04-17 04:11:06,381 [INFO] Waking up to check market conditions...
2026-04-17 04:11:06,417 [INFO] No valid setup. Waiting.
2026-04-17 04:11:06,417 [INFO] Pairs:XAUUSD
2026-04-17 04:11:06,419 [INFO] Sleeping for 1.0 minutes...
2026-04-17 04:11:43,126 [INFO] Waking up to check market conditions...
2026-04-17 04:11:43,177 [INFO] No valid setup. Waiting.
2026-04-17 04:11:43,177 [INFO] Pairs:BTCUSD
2026-04-17 04:11:43,179 [INFO] Sleeping for 1.0 minutes...
2026-04-17 04:12:06,419 [INFO] Waking up to check market conditions...
2026-04-17 04:12:06,455 [INFO] No valid setup. Waiting.
2026-04-17 04:12:06,456 [INFO] Pairs:XAUUSD
2026-04-17 04:12:06,457 [INFO] Sleeping for 1.0 minutes...
2026-04-17 04:12:43,180 [INFO] Waking up to check market conditions...
2026-04-17 04:12:43,232 [INFO] No valid setup. Waiting.
2026-04-17 04:12:43,233 [INFO] Pairs:BTCUSD
2026-04-17 04:12:43,234 [INFO] Sleeping for 1.0 minutes...
2026-04-17 04:13:06,458 [INFO] Waking up to check market conditions...
2026-04-17 04:13:06,494 [INFO] No valid setup. Waiting.
2026-04-17 04:13:06,494 [INFO] Pairs:XAUUSD
2026-04-17 04:13:06,496 [INFO] Sleeping for 1.0 minutes...
2026-04-17 04:13:43,235 [INFO] Waking up to check market conditions...
2026-04-17 04:13:43,287 [INFO] No valid setup. Waiting.
2026-04-17 04:13:43,287 [INFO] Pairs:BTCUSD
2026-04-17 04:13:43,289 [INFO] Sleeping for 1.0 minutes...
2026-04-17 04:14:06,497 [INFO] Waking up to check market conditions...
2026-04-17 04:14:06,533 [INFO] No valid setup. Waiting.
2026-04-17 04:14:06,533 [INFO] Pairs:XAUUSD
2026-04-17 04:14:06,535 [INFO] Sleeping for 1.0 minutes...
2026-04-17 04:14:43,290 [INFO] Waking up to check market conditions...
2026-04-17 04:14:43,342 [INFO] No valid setup. Waiting.
2026-04-17 04:14:43,343 [INFO] Pairs:BTCUSD
2026-04-17 04:14:43,344 [INFO] Sleeping for 1.0 minutes...
2026-04-17 04:15:06,536 [INFO] Waking up to check market conditions...
2026-04-17 04:15:06,571 [INFO] No valid setup. Waiting.
2026-04-17 04:15:06,572 [INFO] Pairs:XAUUSD
2026-04-17 04:15:06,573 [INFO] Sleeping for 1.0 minutes...
2026-04-17 04:15:43,345 [INFO] Waking up to check market conditions...
2026-04-17 04:15:43,398 [INFO] No valid setup. Waiting.
2026-04-17 04:15:43,398 [INFO] Pairs:BTCUSD
2026-04-17 04:15:43,400 [INFO] Sleeping for 1.0 minutes...
2026-04-17 04:16:06,574 [INFO] Waking up to check market conditions...
2026-04-17 04:16:06,609 [INFO] No valid setup. Waiting.
2026-04-17 04:16:06,610 [INFO] Pairs:XAUUSD
2026-04-17 04:16:06,611 [INFO] Sleeping for 1.0 minutes...
2026-04-17 04:16:43,401 [INFO] Waking up to check market conditions...
2026-04-17 04:16:43,453 [INFO] No valid setup. Waiting.
2026-04-17 04:16:43,453 [INFO] Pairs:BTCUSD
2026-04-17 04:16:43,455 [INFO] Sleeping for 1.0 minutes...
2026-04-17 04:17:06,612 [INFO] Waking up to check market conditions...
2026-04-17 04:17:06,648 [INFO] No valid setup. Waiting.
2026-04-17 04:17:06,648 [INFO] Pairs:XAUUSD
2026-04-17 04:17:06,649 [INFO] Sleeping for 1.0 minutes...
2026-04-17 04:17:43,456 [INFO] Waking up to check market conditions...
2026-04-17 04:17:43,508 [INFO] No valid setup. Waiting.
2026-04-17 04:17:43,508 [INFO] Pairs:BTCUSD
2026-04-17 04:17:43,510 [INFO] Sleeping for 1.0 minutes...
2026-04-17 04:18:06,650 [INFO] Waking up to check market conditions...
2026-04-17 04:18:06,686 [INFO] No valid setup. Waiting.
2026-04-17 04:18:06,687 [INFO] Pairs:XAUUSD
2026-04-17 04:18:06,688 [INFO] Sleeping for 1.0 minutes...
2026-04-17 04:18:43,511 [INFO] Waking up to check market conditions...
2026-04-17 04:18:43,562 [INFO] No valid setup. Waiting.
2026-04-17 04:18:43,563 [INFO] Pairs:BTCUSD
2026-04-17 04:18:43,564 [INFO] Sleeping for 1.0 minutes...
2026-04-17 04:19:06,689 [INFO] Waking up to check market conditions...
2026-04-17 04:19:06,725 [INFO] No valid setup. Waiting.
2026-04-17 04:19:06,725 [INFO] Pairs:XAUUSD
2026-04-17 04:19:06,727 [INFO] Sleeping for 1.0 minutes...
2026-04-17 04:19:43,565 [INFO] Waking up to check market conditions...
2026-04-17 04:19:43,617 [INFO] No valid setup. Waiting.
2026-04-17 04:19:43,618 [INFO] Pairs:BTCUSD
2026-04-17 04:19:43,619 [INFO] Sleeping for 1.0 minutes...
2026-04-17 04:20:06,728 [INFO] Waking up to check market conditions...
2026-04-17 04:20:06,763 [INFO] No valid setup. Waiting.
2026-04-17 04:20:06,764 [INFO] Pairs:XAUUSD
2026-04-17 04:20:06,765 [INFO] Sleeping for 1.0 minutes...
2026-04-17 04:20:43,620 [INFO] Waking up to check market conditions...
2026-04-17 04:20:43,670 [INFO] No valid setup. Waiting.
2026-04-17 04:20:43,671 [INFO] Pairs:BTCUSD
2026-04-17 04:20:43,672 [INFO] Sleeping for 1.0 minutes...
2026-04-17 04:21:06,766 [INFO] Waking up to check market conditions...
2026-04-17 04:21:06,817 [INFO] No valid setup. Waiting.
2026-04-17 04:21:06,818 [INFO] Pairs:XAUUSD
2026-04-17 04:21:06,820 [INFO] Sleeping for 1.0 minutes...
2026-04-17 04:21:43,673 [INFO] Waking up to check market conditions...
2026-04-17 04:21:43,724 [INFO] No valid setup. Waiting.
2026-04-17 04:21:43,724 [INFO] Pairs:BTCUSD
2026-04-17 04:21:43,726 [INFO] Sleeping for 1.0 minutes...
2026-04-17 04:22:06,821 [INFO] Waking up to check market conditions...
2026-04-17 04:22:06,856 [INFO] No valid setup. Waiting.
2026-04-17 04:22:06,857 [INFO] Pairs:XAUUSD
2026-04-17 04:22:06,858 [INFO] Sleeping for 1.0 minutes...
2026-04-17 04:22:43,727 [INFO] Waking up to check market conditions...
2026-04-17 04:22:43,778 [INFO] No valid setup. Waiting.
2026-04-17 04:22:43,778 [INFO] Pairs:BTCUSD
2026-04-17 04:22:43,779 [INFO] Sleeping for 1.0 minutes...
2026-04-17 04:23:06,859 [INFO] Waking up to check market conditions...
2026-04-17 04:23:06,894 [INFO] No valid setup. Waiting.
2026-04-17 04:23:06,895 [INFO] Pairs:XAUUSD
2026-04-17 04:23:06,896 [INFO] Sleeping for 1.0 minutes...
2026-04-17 04:23:43,780 [INFO] Waking up to check market conditions...
2026-04-17 04:23:43,833 [INFO] No valid setup. Waiting.
2026-04-17 04:23:43,833 [INFO] Pairs:BTCUSD
2026-04-17 04:23:43,835 [INFO] Sleeping for 1.0 minutes...
2026-04-17 04:24:06,897 [INFO] Waking up to check market conditions...
2026-04-17 04:24:06,933 [INFO] No valid setup. Waiting.
2026-04-17 04:24:06,934 [INFO] Pairs:XAUUSD
2026-04-17 04:24:06,935 [INFO] Sleeping for 1.0 minutes...
2026-04-17 04:24:43,836 [INFO] Waking up to check market conditions...
2026-04-17 04:24:43,887 [INFO] No valid setup. Waiting.
2026-04-17 04:24:43,887 [INFO] Pairs:BTCUSD
2026-04-17 04:24:43,889 [INFO] Sleeping for 1.0 minutes...
2026-04-17 04:25:06,936 [INFO] Waking up to check market conditions...
2026-04-17 04:25:06,972 [INFO] No valid setup. Waiting.
2026-04-17 04:25:06,972 [INFO] Pairs:XAUUSD
2026-04-17 04:25:06,974 [INFO] Sleeping for 1.0 minutes...
2026-04-17 04:25:43,890 [INFO] Waking up to check market conditions...
2026-04-17 04:25:43,943 [INFO] No valid setup. Waiting.
2026-04-17 04:25:43,943 [INFO] Pairs:BTCUSD
2026-04-17 04:25:43,944 [INFO] Sleeping for 1.0 minutes...
2026-04-17 04:26:06,975 [INFO] Waking up to check market conditions...
2026-04-17 04:26:07,012 [INFO] No valid setup. Waiting.
2026-04-17 04:26:07,012 [INFO] Pairs:XAUUSD
2026-04-17 04:26:07,014 [INFO] Sleeping for 1.0 minutes...
2026-04-17 04:26:43,946 [INFO] Waking up to check market conditions...
2026-04-17 04:26:43,997 [INFO] No valid setup. Waiting.
2026-04-17 04:26:43,998 [INFO] Pairs:BTCUSD
2026-04-17 04:26:43,999 [INFO] Sleeping for 1.0 minutes...
2026-04-17 04:27:07,015 [INFO] Waking up to check market conditions...
2026-04-17 04:27:07,051 [INFO] No valid setup. Waiting.
2026-04-17 04:27:07,052 [INFO] Pairs:XAUUSD
2026-04-17 04:27:07,053 [INFO] Sleeping for 1.0 minutes...
2026-04-17 04:27:44,000 [INFO] Waking up to check market conditions...
2026-04-17 04:27:44,052 [INFO] No valid setup. Waiting.
2026-04-17 04:27:44,053 [INFO] Pairs:BTCUSD
2026-04-17 04:27:44,054 [INFO] Sleeping for 1.0 minutes...
2026-04-17 04:28:07,054 [INFO] Waking up to check market conditions...
2026-04-17 04:28:07,090 [INFO] No valid setup. Waiting.
2026-04-17 04:28:07,091 [INFO] Pairs:XAUUSD
2026-04-17 04:28:07,092 [INFO] Sleeping for 1.0 minutes...
2026-04-17 04:28:44,055 [INFO] Waking up to check market conditions...
2026-04-17 04:28:44,106 [INFO] No valid setup. Waiting.
2026-04-17 04:28:44,107 [INFO] Pairs:BTCUSD
2026-04-17 04:28:44,108 [INFO] Sleeping for 1.0 minutes...
2026-04-17 04:29:07,093 [INFO] Waking up to check market conditions...
2026-04-17 04:29:07,129 [INFO] No valid setup. Waiting.
2026-04-17 04:29:07,130 [INFO] Pairs:XAUUSD
2026-04-17 04:29:07,131 [INFO] Sleeping for 1.0 minutes...
2026-04-17 04:29:44,109 [INFO] Waking up to check market conditions...
2026-04-17 04:29:44,162 [INFO] No valid setup. Waiting.
2026-04-17 04:29:44,162 [INFO] Pairs:BTCUSD
2026-04-17 04:29:44,164 [INFO] Sleeping for 1.0 minutes...
2026-04-17 04:30:07,132 [INFO] Waking up to check market conditions...
2026-04-17 04:30:07,168 [INFO] No valid setup. Waiting.
2026-04-17 04:30:07,168 [INFO] Pairs:XAUUSD
2026-04-17 04:30:07,169 [INFO] Sleeping for 1.0 minutes...
2026-04-17 04:30:44,165 [INFO] Waking up to check market conditions...
2026-04-17 04:30:44,216 [INFO] No valid setup. Waiting.
2026-04-17 04:30:44,216 [INFO] Pairs:BTCUSD
2026-04-17 04:30:44,217 [INFO] Sleeping for 1.0 minutes...
2026-04-17 04:31:07,171 [INFO] Waking up to check market conditions...
2026-04-17 04:31:07,207 [INFO] No valid setup. Waiting.
2026-04-17 04:31:07,208 [INFO] Pairs:XAUUSD
2026-04-17 04:31:07,209 [INFO] Sleeping for 1.0 minutes...
2026-04-17 04:31:44,219 [INFO] Waking up to check market conditions...
2026-04-17 04:31:44,270 [INFO] No valid setup. Waiting.
2026-04-17 04:31:44,271 [INFO] Pairs:BTCUSD
2026-04-17 04:31:44,272 [INFO] Sleeping for 1.0 minutes...
2026-04-17 04:32:07,210 [INFO] Waking up to check market conditions...
2026-04-17 04:32:07,246 [INFO] No valid setup. Waiting.
2026-04-17 04:32:07,246 [INFO] Pairs:XAUUSD
2026-04-17 04:32:07,247 [INFO] Sleeping for 1.0 minutes...
2026-04-17 04:32:44,273 [INFO] Waking up to check market conditions...
2026-04-17 04:32:44,326 [INFO] No valid setup. Waiting.
2026-04-17 04:32:44,326 [INFO] Pairs:BTCUSD
2026-04-17 04:32:44,327 [INFO] Sleeping for 1.0 minutes...
2026-04-17 04:33:07,249 [INFO] Waking up to check market conditions...
2026-04-17 04:33:07,285 [INFO] No valid setup. Waiting.
2026-04-17 04:33:07,285 [INFO] Pairs:XAUUSD
2026-04-17 04:33:07,287 [INFO] Sleeping for 1.0 minutes...
2026-04-17 04:33:44,328 [INFO] Waking up to check market conditions...
2026-04-17 04:33:44,380 [INFO] No valid setup. Waiting.
2026-04-17 04:33:44,381 [INFO] Pairs:BTCUSD
2026-04-17 04:33:44,382 [INFO] Sleeping for 1.0 minutes...
2026-04-17 04:34:07,288 [INFO] Waking up to check market conditions...
2026-04-17 04:34:07,323 [INFO] No valid setup. Waiting.
2026-04-17 04:34:07,324 [INFO] Pairs:XAUUSD
2026-04-17 04:34:07,325 [INFO] Sleeping for 1.0 minutes...
2026-04-17 04:34:44,383 [INFO] Waking up to check market conditions...
2026-04-17 04:34:44,435 [INFO] No valid setup. Waiting.
2026-04-17 04:34:44,435 [INFO] Pairs:BTCUSD
2026-04-17 04:34:44,437 [INFO] Sleeping for 1.0 minutes...
2026-04-17 04:35:07,326 [INFO] Waking up to check market conditions...
2026-04-17 04:35:07,362 [INFO] No valid setup. Waiting.
2026-04-17 04:35:07,362 [INFO] Pairs:XAUUSD
2026-04-17 04:35:07,364 [INFO] Sleeping for 1.0 minutes...
2026-04-17 04:35:44,438 [INFO] Waking up to check market conditions...
2026-04-17 04:35:44,490 [INFO] No valid setup. Waiting.
2026-04-17 04:35:44,490 [INFO] Pairs:BTCUSD
2026-04-17 04:35:44,492 [INFO] Sleeping for 1.0 minutes...
2026-04-17 04:36:07,365 [INFO] Waking up to check market conditions...
2026-04-17 04:36:07,401 [INFO] No valid setup. Waiting.
2026-04-17 04:36:07,401 [INFO] Pairs:XAUUSD
2026-04-17 04:36:07,403 [INFO] Sleeping for 1.0 minutes...
2026-04-17 04:36:44,493 [INFO] Waking up to check market conditions...
2026-04-17 04:36:44,544 [INFO] No valid setup. Waiting.
2026-04-17 04:36:44,545 [INFO] Pairs:BTCUSD
2026-04-17 04:36:44,546 [INFO] Sleeping for 1.0 minutes...
2026-04-17 04:37:07,403 [INFO] Waking up to check market conditions...
2026-04-17 04:37:07,445 [INFO] No valid setup. Waiting.
2026-04-17 04:37:07,445 [INFO] Pairs:XAUUSD
2026-04-17 04:37:07,447 [INFO] Sleeping for 1.0 minutes...
2026-04-17 04:37:44,547 [INFO] Waking up to check market conditions...
2026-04-17 04:37:44,599 [INFO] No valid setup. Waiting.
2026-04-17 04:37:44,599 [INFO] Pairs:BTCUSD
2026-04-17 04:37:44,601 [INFO] Sleeping for 1.0 minutes...
2026-04-17 04:38:07,448 [INFO] Waking up to check market conditions...
2026-04-17 04:38:07,483 [INFO] No valid setup. Waiting.
2026-04-17 04:38:07,484 [INFO] Pairs:XAUUSD
2026-04-17 04:38:07,485 [INFO] Sleeping for 1.0 minutes...
2026-04-17 04:38:44,601 [INFO] Waking up to check market conditions...
2026-04-17 04:38:44,654 [INFO] No valid setup. Waiting.
2026-04-17 04:38:44,655 [INFO] Pairs:BTCUSD
2026-04-17 04:38:44,656 [INFO] Sleeping for 1.0 minutes...
2026-04-17 04:39:07,486 [INFO] Waking up to check market conditions...
2026-04-17 04:39:07,522 [INFO] No valid setup. Waiting.
2026-04-17 04:39:07,522 [INFO] Pairs:XAUUSD
2026-04-17 04:39:07,524 [INFO] Sleeping for 1.0 minutes...
2026-04-17 04:39:44,657 [INFO] Waking up to check market conditions...
2026-04-17 04:39:44,709 [INFO] No valid setup. Waiting.
2026-04-17 04:39:44,710 [INFO] Pairs:BTCUSD
2026-04-17 04:39:44,711 [INFO] Sleeping for 1.0 minutes...
2026-04-17 04:40:07,525 [INFO] Waking up to check market conditions...
2026-04-17 04:40:07,561 [INFO] No valid setup. Waiting.
2026-04-17 04:40:07,561 [INFO] Pairs:XAUUSD
2026-04-17 04:40:07,563 [INFO] Sleeping for 1.0 minutes...
2026-04-17 04:40:44,712 [INFO] Waking up to check market conditions...
2026-04-17 04:40:44,763 [INFO] No valid setup. Waiting.
2026-04-17 04:40:44,763 [INFO] Pairs:BTCUSD
2026-04-17 04:40:44,765 [INFO] Sleeping for 1.0 minutes...
2026-04-17 04:41:07,564 [INFO] Waking up to check market conditions...
2026-04-17 04:41:07,600 [INFO] No valid setup. Waiting.
2026-04-17 04:41:07,600 [INFO] Pairs:XAUUSD
2026-04-17 04:41:07,601 [INFO] Sleeping for 1.0 minutes...
2026-04-17 04:41:44,765 [INFO] Waking up to check market conditions...
2026-04-17 04:41:44,817 [INFO] No valid setup. Waiting.
2026-04-17 04:41:44,818 [INFO] Pairs:BTCUSD
2026-04-17 04:41:44,819 [INFO] Sleeping for 1.0 minutes...
2026-04-17 04:42:07,603 [INFO] Waking up to check market conditions...
2026-04-17 04:42:07,639 [INFO] No valid setup. Waiting.
2026-04-17 04:42:07,639 [INFO] Pairs:XAUUSD
2026-04-17 04:42:07,641 [INFO] Sleeping for 1.0 minutes...
2026-04-17 04:42:44,820 [INFO] Waking up to check market conditions...
2026-04-17 04:42:44,872 [INFO] No valid setup. Waiting.
2026-04-17 04:42:44,873 [INFO] Pairs:BTCUSD
2026-04-17 04:42:44,874 [INFO] Sleeping for 1.0 minutes...
2026-04-17 04:43:07,642 [INFO] Waking up to check market conditions...
2026-04-17 04:43:07,678 [INFO] No valid setup. Waiting.
2026-04-17 04:43:07,678 [INFO] Pairs:XAUUSD
2026-04-17 04:43:07,680 [INFO] Sleeping for 1.0 minutes...
2026-04-17 04:43:44,875 [INFO] Waking up to check market conditions...
2026-04-17 04:43:44,927 [INFO] No valid setup. Waiting.
2026-04-17 04:43:44,927 [INFO] Pairs:BTCUSD
2026-04-17 04:43:44,928 [INFO] Sleeping for 1.0 minutes...
2026-04-17 04:44:07,681 [INFO] Waking up to check market conditions...
2026-04-17 04:44:07,717 [INFO] No valid setup. Waiting.
2026-04-17 04:44:07,718 [INFO] Pairs:XAUUSD
2026-04-17 04:44:07,719 [INFO] Sleeping for 1.0 minutes...
2026-04-17 04:44:44,929 [INFO] Waking up to check market conditions...
2026-04-17 04:44:44,982 [INFO] No valid setup. Waiting.
2026-04-17 04:44:44,983 [INFO] Pairs:BTCUSD
2026-04-17 04:44:44,984 [INFO] Sleeping for 1.0 minutes...
2026-04-17 04:45:07,720 [INFO] Waking up to check market conditions...
2026-04-17 04:45:07,756 [INFO] No valid setup. Waiting.
2026-04-17 04:45:07,757 [INFO] Pairs:XAUUSD
2026-04-17 04:45:07,758 [INFO] Sleeping for 1.0 minutes...
2026-04-17 04:45:44,985 [INFO] Waking up to check market conditions...
2026-04-17 04:45:45,037 [INFO] No valid setup. Waiting.
2026-04-17 04:45:45,037 [INFO] Pairs:BTCUSD
2026-04-17 04:45:45,039 [INFO] Sleeping for 1.0 minutes...
2026-04-17 04:46:07,759 [INFO] Waking up to check market conditions...
2026-04-17 04:46:07,795 [INFO] No valid setup. Waiting.
2026-04-17 04:46:07,796 [INFO] Pairs:XAUUSD
2026-04-17 04:46:07,797 [INFO] Sleeping for 1.0 minutes...
2026-04-17 04:46:45,040 [INFO] Waking up to check market conditions...
2026-04-17 04:46:45,092 [INFO] No valid setup. Waiting.
2026-04-17 04:46:45,093 [INFO] Pairs:BTCUSD
2026-04-17 04:46:45,094 [INFO] Sleeping for 1.0 minutes...
2026-04-17 04:47:07,798 [INFO] Waking up to check market conditions...
2026-04-17 04:47:07,835 [INFO] No valid setup. Waiting.
2026-04-17 04:47:07,835 [INFO] Pairs:XAUUSD
2026-04-17 04:47:07,837 [INFO] Sleeping for 1.0 minutes...
2026-04-17 04:47:45,095 [INFO] Waking up to check market conditions...
2026-04-17 04:47:45,148 [INFO] No valid setup. Waiting.
2026-04-17 04:47:45,149 [INFO] Pairs:BTCUSD
2026-04-17 04:47:45,150 [INFO] Sleeping for 1.0 minutes...
2026-04-17 04:48:07,837 [INFO] Waking up to check market conditions...
2026-04-17 04:48:07,873 [INFO] No valid setup. Waiting.
2026-04-17 04:48:07,874 [INFO] Pairs:XAUUSD
2026-04-17 04:48:07,875 [INFO] Sleeping for 1.0 minutes...
2026-04-17 04:48:45,151 [INFO] Waking up to check market conditions...
2026-04-17 04:48:45,203 [INFO] No valid setup. Waiting.
2026-04-17 04:48:45,204 [INFO] Pairs:BTCUSD
2026-04-17 04:48:45,205 [INFO] Sleeping for 1.0 minutes...
2026-04-17 04:49:07,876 [INFO] Waking up to check market conditions...
2026-04-17 04:49:07,913 [INFO] No valid setup. Waiting.
2026-04-17 04:49:07,913 [INFO] Pairs:XAUUSD
2026-04-17 04:49:07,914 [INFO] Sleeping for 1.0 minutes...
2026-04-17 04:49:45,206 [INFO] Waking up to check market conditions...
2026-04-17 04:49:45,255 [INFO] No valid setup. Waiting.
2026-04-17 04:49:45,255 [INFO] Pairs:BTCUSD
2026-04-17 04:49:45,257 [INFO] Sleeping for 1.0 minutes...
2026-04-17 04:50:07,915 [INFO] Waking up to check market conditions...
2026-04-17 04:50:07,952 [INFO] No valid setup. Waiting.
2026-04-17 04:50:07,952 [INFO] Pairs:XAUUSD
2026-04-17 04:50:07,954 [INFO] Sleeping for 1.0 minutes...
2026-04-17 04:50:45,258 [INFO] Waking up to check market conditions...
2026-04-17 04:50:45,311 [INFO] No valid setup. Waiting.
2026-04-17 04:50:45,311 [INFO] Pairs:BTCUSD
2026-04-17 04:50:45,313 [INFO] Sleeping for 1.0 minutes...
2026-04-17 04:51:07,955 [INFO] Waking up to check market conditions...
2026-04-17 04:51:07,991 [INFO] No valid setup. Waiting.
2026-04-17 04:51:07,991 [INFO] Pairs:XAUUSD
2026-04-17 04:51:07,992 [INFO] Sleeping for 1.0 minutes...
2026-04-17 04:51:45,313 [INFO] Waking up to check market conditions...
2026-04-17 04:51:45,366 [INFO] No valid setup. Waiting.
2026-04-17 04:51:45,367 [INFO] Pairs:BTCUSD
2026-04-17 04:51:45,368 [INFO] Sleeping for 1.0 minutes...
2026-04-17 04:52:07,993 [INFO] Waking up to check market conditions...
2026-04-17 04:52:08,029 [INFO] No valid setup. Waiting.
2026-04-17 04:52:08,030 [INFO] Pairs:XAUUSD
2026-04-17 04:52:08,031 [INFO] Sleeping for 1.0 minutes...
2026-04-17 04:52:45,369 [INFO] Waking up to check market conditions...
2026-04-17 04:52:45,419 [INFO] No valid setup. Waiting.
2026-04-17 04:52:45,420 [INFO] Pairs:BTCUSD
2026-04-17 04:52:45,421 [INFO] Sleeping for 1.0 minutes...
2026-04-17 04:53:08,032 [INFO] Waking up to check market conditions...
2026-04-17 04:53:08,066 [INFO] No valid setup. Waiting.
2026-04-17 04:53:08,067 [INFO] Pairs:XAUUSD
2026-04-17 04:53:08,068 [INFO] Sleeping for 1.0 minutes...
2026-04-17 04:53:45,422 [INFO] Waking up to check market conditions...
2026-04-17 04:53:45,474 [INFO] No valid setup. Waiting.
2026-04-17 04:53:45,475 [INFO] Pairs:BTCUSD
2026-04-17 04:53:45,476 [INFO] Sleeping for 1.0 minutes...
2026-04-17 04:54:08,069 [INFO] Waking up to check market conditions...
2026-04-17 04:54:08,105 [INFO] No valid setup. Waiting.
2026-04-17 04:54:08,105 [INFO] Pairs:XAUUSD
2026-04-17 04:54:08,107 [INFO] Sleeping for 1.0 minutes...
2026-04-17 04:54:45,477 [INFO] Waking up to check market conditions...
2026-04-17 04:54:45,533 [INFO] No valid setup. Waiting.
2026-04-17 04:54:45,533 [INFO] Pairs:BTCUSD
2026-04-17 04:54:45,535 [INFO] Sleeping for 1.0 minutes...
2026-04-17 04:55:08,108 [INFO] Waking up to check market conditions...
2026-04-17 04:55:08,144 [INFO] No valid setup. Waiting.
2026-04-17 04:55:08,145 [INFO] Pairs:XAUUSD
2026-04-17 04:55:08,146 [INFO] Sleeping for 1.0 minutes...
2026-04-17 04:55:45,536 [INFO] Waking up to check market conditions...
2026-04-17 04:55:45,588 [INFO] No valid setup. Waiting.
2026-04-17 04:55:45,588 [INFO] Pairs:BTCUSD
2026-04-17 04:55:45,590 [INFO] Sleeping for 1.0 minutes...
2026-04-17 04:56:08,147 [INFO] Waking up to check market conditions...
2026-04-17 04:56:08,183 [INFO] No valid setup. Waiting.
2026-04-17 04:56:08,183 [INFO] Pairs:XAUUSD
2026-04-17 04:56:08,185 [INFO] Sleeping for 1.0 minutes...
2026-04-17 04:56:45,591 [INFO] Waking up to check market conditions...
2026-04-17 04:56:45,640 [INFO] No valid setup. Waiting.
2026-04-17 04:56:45,640 [INFO] Pairs:BTCUSD
2026-04-17 04:56:45,642 [INFO] Sleeping for 1.0 minutes...
2026-04-17 04:57:08,185 [INFO] Waking up to check market conditions...
2026-04-17 04:57:08,221 [INFO] No valid setup. Waiting.
2026-04-17 04:57:08,221 [INFO] Pairs:XAUUSD
2026-04-17 04:57:08,223 [INFO] Sleeping for 1.0 minutes...
2026-04-17 04:57:45,643 [INFO] Waking up to check market conditions...
2026-04-17 04:57:45,695 [INFO] No valid setup. Waiting.
2026-04-17 04:57:45,695 [INFO] Pairs:BTCUSD
2026-04-17 04:57:45,697 [INFO] Sleeping for 1.0 minutes...
2026-04-17 04:58:08,224 [INFO] Waking up to check market conditions...
2026-04-17 04:58:08,260 [INFO] No valid setup. Waiting.
2026-04-17 04:58:08,261 [INFO] Pairs:XAUUSD
2026-04-17 04:58:08,262 [INFO] Sleeping for 1.0 minutes...
2026-04-17 04:58:45,698 [INFO] Waking up to check market conditions...
2026-04-17 04:58:45,749 [INFO] No valid setup. Waiting.
2026-04-17 04:58:45,749 [INFO] Pairs:BTCUSD
2026-04-17 04:58:45,751 [INFO] Sleeping for 1.0 minutes...
2026-04-17 04:59:08,263 [INFO] Waking up to check market conditions...
2026-04-17 04:59:08,299 [INFO] No valid setup. Waiting.
2026-04-17 04:59:08,300 [INFO] Pairs:XAUUSD
2026-04-17 04:59:08,301 [INFO] Sleeping for 1.0 minutes...
2026-04-17 04:59:45,752 [INFO] Waking up to check market conditions...
2026-04-17 04:59:45,804 [INFO] No valid setup. Waiting.
2026-04-17 04:59:45,805 [INFO] Pairs:BTCUSD
2026-04-17 04:59:45,806 [INFO] Sleeping for 1.0 minutes...
2026-04-17 05:00:08,302 [INFO] Waking up to check market conditions...
2026-04-17 05:00:08,337 [INFO] No valid setup. Waiting.
2026-04-17 05:00:08,338 [INFO] Pairs:XAUUSD
2026-04-17 05:00:08,339 [INFO] Sleeping for 1.0 minutes...
2026-04-17 05:00:45,807 [INFO] Waking up to check market conditions...
2026-04-17 05:00:45,859 [INFO] No valid setup. Waiting.
2026-04-17 05:00:45,860 [INFO] Pairs:BTCUSD
2026-04-17 05:00:45,861 [INFO] Sleeping for 1.0 minutes...
2026-04-17 05:01:08,340 [INFO] Waking up to check market conditions...
2026-04-17 05:01:08,376 [INFO] No valid setup. Waiting.
2026-04-17 05:01:08,377 [INFO] Pairs:XAUUSD
2026-04-17 05:01:08,378 [INFO] Sleeping for 1.0 minutes...
2026-04-17 05:01:45,862 [INFO] Waking up to check market conditions...
2026-04-17 05:01:45,914 [INFO] No valid setup. Waiting.
2026-04-17 05:01:45,915 [INFO] Pairs:BTCUSD
2026-04-17 05:01:45,916 [INFO] Sleeping for 1.0 minutes...
2026-04-17 05:02:08,379 [INFO] Waking up to check market conditions...
2026-04-17 05:02:08,414 [INFO] No valid setup. Waiting.
2026-04-17 05:02:08,415 [INFO] Pairs:XAUUSD
2026-04-17 05:02:08,416 [INFO] Sleeping for 1.0 minutes...
2026-04-17 05:02:45,917 [INFO] Waking up to check market conditions...
2026-04-17 05:02:45,970 [INFO] No valid setup. Waiting.
2026-04-17 05:02:45,971 [INFO] Pairs:BTCUSD
2026-04-17 05:02:45,972 [INFO] Sleeping for 1.0 minutes...
2026-04-17 05:03:08,417 [INFO] Waking up to check market conditions...
2026-04-17 05:03:08,453 [INFO] No valid setup. Waiting.
2026-04-17 05:03:08,453 [INFO] Pairs:XAUUSD
2026-04-17 05:03:08,455 [INFO] Sleeping for 1.0 minutes...
2026-04-17 05:03:45,973 [INFO] Waking up to check market conditions...
2026-04-17 05:03:46,026 [INFO] No valid setup. Waiting.
2026-04-17 05:03:46,026 [INFO] Pairs:BTCUSD
2026-04-17 05:03:46,028 [INFO] Sleeping for 1.0 minutes...
2026-04-17 05:04:08,456 [INFO] Waking up to check market conditions...
2026-04-17 05:04:08,491 [INFO] No valid setup. Waiting.
2026-04-17 05:04:08,492 [INFO] Pairs:XAUUSD
2026-04-17 05:04:08,493 [INFO] Sleeping for 1.0 minutes...
2026-04-17 05:04:46,029 [INFO] Waking up to check market conditions...
2026-04-17 05:04:46,081 [INFO] No valid setup. Waiting.
2026-04-17 05:04:46,081 [INFO] Pairs:BTCUSD
2026-04-17 05:04:46,083 [INFO] Sleeping for 1.0 minutes...
2026-04-17 05:05:08,494 [INFO] Waking up to check market conditions...
2026-04-17 05:05:08,530 [INFO] No valid setup. Waiting.
2026-04-17 05:05:08,530 [INFO] Pairs:XAUUSD
2026-04-17 05:05:08,532 [INFO] Sleeping for 1.0 minutes...
2026-04-17 05:05:46,084 [INFO] Waking up to check market conditions...
2026-04-17 05:05:46,136 [INFO] No valid setup. Waiting.
2026-04-17 05:05:46,137 [INFO] Pairs:BTCUSD
2026-04-17 05:05:46,138 [INFO] Sleeping for 1.0 minutes...
2026-04-17 05:06:08,533 [INFO] Waking up to check market conditions...
2026-04-17 05:06:08,568 [INFO] No valid setup. Waiting.
2026-04-17 05:06:08,569 [INFO] Pairs:XAUUSD
2026-04-17 05:06:08,570 [INFO] Sleeping for 1.0 minutes...
2026-04-17 05:06:46,139 [INFO] Waking up to check market conditions...
2026-04-17 05:06:46,191 [INFO] No valid setup. Waiting.
2026-04-17 05:06:46,192 [INFO] Pairs:BTCUSD
2026-04-17 05:06:46,193 [INFO] Sleeping for 1.0 minutes...
2026-04-17 05:07:08,571 [INFO] Waking up to check market conditions...
2026-04-17 05:07:08,607 [INFO] No valid setup. Waiting.
2026-04-17 05:07:08,608 [INFO] Pairs:XAUUSD
2026-04-17 05:07:08,609 [INFO] Sleeping for 1.0 minutes...
2026-04-17 05:07:46,194 [INFO] Waking up to check market conditions...
2026-04-17 05:07:46,244 [INFO] No valid setup. Waiting.
2026-04-17 05:07:46,244 [INFO] Pairs:BTCUSD
2026-04-17 05:07:46,246 [INFO] Sleeping for 1.0 minutes...
2026-04-17 05:08:08,610 [INFO] Waking up to check market conditions...
2026-04-17 05:08:08,645 [INFO] No valid setup. Waiting.
2026-04-17 05:08:08,645 [INFO] Pairs:XAUUSD
2026-04-17 05:08:08,646 [INFO] Sleeping for 1.0 minutes...
2026-04-17 05:08:46,247 [INFO] Waking up to check market conditions...
2026-04-17 05:08:46,300 [INFO] No valid setup. Waiting.
2026-04-17 05:08:46,300 [INFO] Pairs:BTCUSD
2026-04-17 05:08:46,302 [INFO] Sleeping for 1.0 minutes...
2026-04-17 05:09:08,647 [INFO] Waking up to check market conditions...
2026-04-17 05:09:08,683 [INFO] No valid setup. Waiting.
2026-04-17 05:09:08,684 [INFO] Pairs:XAUUSD
2026-04-17 05:09:08,685 [INFO] Sleeping for 1.0 minutes...
2026-04-17 05:09:46,303 [INFO] Waking up to check market conditions...
2026-04-17 05:09:46,355 [INFO] No valid setup. Waiting.
2026-04-17 05:09:46,356 [INFO] Pairs:BTCUSD
2026-04-17 05:09:46,357 [INFO] Sleeping for 1.0 minutes...
2026-04-17 05:10:08,686 [INFO] Waking up to check market conditions...
2026-04-17 05:10:08,722 [INFO] No valid setup. Waiting.
2026-04-17 05:10:08,723 [INFO] Pairs:XAUUSD
2026-04-17 05:10:08,724 [INFO] Sleeping for 1.0 minutes...
2026-04-17 05:10:46,358 [INFO] Waking up to check market conditions...
2026-04-17 05:10:46,410 [INFO] No valid setup. Waiting.
2026-04-17 05:10:46,411 [INFO] Pairs:BTCUSD
2026-04-17 05:10:46,412 [INFO] Sleeping for 1.0 minutes...
2026-04-17 05:11:08,725 [INFO] Waking up to check market conditions...
2026-04-17 05:11:08,761 [INFO] No valid setup. Waiting.
2026-04-17 05:11:08,762 [INFO] Pairs:XAUUSD
2026-04-17 05:11:08,763 [INFO] Sleeping for 1.0 minutes...
2026-04-17 05:11:46,413 [INFO] Waking up to check market conditions...
2026-04-17 05:11:46,466 [INFO] No valid setup. Waiting.
2026-04-17 05:11:46,467 [INFO] Pairs:BTCUSD
2026-04-17 05:11:46,468 [INFO] Sleeping for 1.0 minutes...
2026-04-17 05:12:08,764 [INFO] Waking up to check market conditions...
2026-04-17 05:12:08,800 [INFO] No valid setup. Waiting.
2026-04-17 05:12:08,801 [INFO] Pairs:XAUUSD
2026-04-17 05:12:08,802 [INFO] Sleeping for 1.0 minutes...
2026-04-17 05:12:46,469 [INFO] Waking up to check market conditions...
2026-04-17 05:12:46,521 [INFO] No valid setup. Waiting.
2026-04-17 05:12:46,522 [INFO] Pairs:BTCUSD
2026-04-17 05:12:46,523 [INFO] Sleeping for 1.0 minutes...
2026-04-17 05:13:08,803 [INFO] Waking up to check market conditions...
2026-04-17 05:13:08,839 [INFO] No valid setup. Waiting.
2026-04-17 05:13:08,840 [INFO] Pairs:XAUUSD
2026-04-17 05:13:08,841 [INFO] Sleeping for 1.0 minutes...
2026-04-17 05:13:46,524 [INFO] Waking up to check market conditions...
2026-04-17 05:13:46,575 [INFO] No valid setup. Waiting.
2026-04-17 05:13:46,576 [INFO] Pairs:BTCUSD
2026-04-17 05:13:46,577 [INFO] Sleeping for 1.0 minutes...
2026-04-17 05:14:08,842 [INFO] Waking up to check market conditions...
2026-04-17 05:14:08,878 [INFO] No valid setup. Waiting.
2026-04-17 05:14:08,878 [INFO] Pairs:XAUUSD
2026-04-17 05:14:08,880 [INFO] Sleeping for 1.0 minutes...
2026-04-17 05:14:46,578 [INFO] Waking up to check market conditions...
2026-04-17 05:14:46,628 [INFO] No valid setup. Waiting.
2026-04-17 05:14:46,628 [INFO] Pairs:BTCUSD
2026-04-17 05:14:46,630 [INFO] Sleeping for 1.0 minutes...
2026-04-17 05:15:08,881 [INFO] Waking up to check market conditions...
2026-04-17 05:15:08,917 [INFO] No valid setup. Waiting.
2026-04-17 05:15:08,917 [INFO] Pairs:XAUUSD
2026-04-17 05:15:08,918 [INFO] Sleeping for 1.0 minutes...
2026-04-17 05:15:46,630 [INFO] Waking up to check market conditions...
2026-04-17 05:15:46,680 [INFO] No valid setup. Waiting.
2026-04-17 05:15:46,680 [INFO] Pairs:BTCUSD
2026-04-17 05:15:46,682 [INFO] Sleeping for 1.0 minutes...
2026-04-17 05:16:08,919 [INFO] Waking up to check market conditions...
2026-04-17 05:16:08,955 [INFO] No valid setup. Waiting.
2026-04-17 05:16:08,955 [INFO] Pairs:XAUUSD
2026-04-17 05:16:08,956 [INFO] Sleeping for 1.0 minutes...
2026-04-17 05:16:46,682 [INFO] Waking up to check market conditions...
2026-04-17 05:16:46,734 [INFO] No valid setup. Waiting.
2026-04-17 05:16:46,734 [INFO] Pairs:BTCUSD
2026-04-17 05:16:46,736 [INFO] Sleeping for 1.0 minutes...
2026-04-17 05:17:08,958 [INFO] Waking up to check market conditions...
2026-04-17 05:17:08,994 [INFO] No valid setup. Waiting.
2026-04-17 05:17:08,994 [INFO] Pairs:XAUUSD
2026-04-17 05:17:08,996 [INFO] Sleeping for 1.0 minutes...
2026-04-17 05:17:46,737 [INFO] Waking up to check market conditions...
2026-04-17 05:17:46,786 [INFO] No valid setup. Waiting.
2026-04-17 05:17:46,787 [INFO] Pairs:BTCUSD
2026-04-17 05:17:46,788 [INFO] Sleeping for 1.0 minutes...
2026-04-17 05:18:08,996 [INFO] Waking up to check market conditions...
2026-04-17 05:18:09,032 [INFO] No valid setup. Waiting.
2026-04-17 05:18:09,033 [INFO] Pairs:XAUUSD
2026-04-17 05:18:09,034 [INFO] Sleeping for 1.0 minutes...
2026-04-17 05:18:46,789 [INFO] Waking up to check market conditions...
2026-04-17 05:18:46,840 [INFO] No valid setup. Waiting.
2026-04-17 05:18:46,841 [INFO] Pairs:BTCUSD
2026-04-17 05:18:46,842 [INFO] Sleeping for 1.0 minutes...
2026-04-17 05:19:09,035 [INFO] Waking up to check market conditions...
2026-04-17 05:19:09,071 [INFO] No valid setup. Waiting.
2026-04-17 05:19:09,071 [INFO] Pairs:XAUUSD
2026-04-17 05:19:09,072 [INFO] Sleeping for 1.0 minutes...
2026-04-17 05:19:46,843 [INFO] Waking up to check market conditions...
2026-04-17 05:19:46,895 [INFO] No valid setup. Waiting.
2026-04-17 05:19:46,896 [INFO] Pairs:BTCUSD
2026-04-17 05:19:46,897 [INFO] Sleeping for 1.0 minutes...
2026-04-17 05:20:09,074 [INFO] Waking up to check market conditions...
2026-04-17 05:20:09,110 [INFO] No valid setup. Waiting.
2026-04-17 05:20:09,110 [INFO] Pairs:XAUUSD
2026-04-17 05:20:09,111 [INFO] Sleeping for 1.0 minutes...
2026-04-17 05:20:46,898 [INFO] Waking up to check market conditions...
2026-04-17 05:20:46,951 [INFO] No valid setup. Waiting.
2026-04-17 05:20:46,952 [INFO] Pairs:BTCUSD
2026-04-17 05:20:46,953 [INFO] Sleeping for 1.0 minutes...
2026-04-17 05:21:09,112 [INFO] Waking up to check market conditions...
2026-04-17 05:21:09,148 [INFO] No valid setup. Waiting.
2026-04-17 05:21:09,148 [INFO] Pairs:XAUUSD
2026-04-17 05:21:09,150 [INFO] Sleeping for 1.0 minutes...
2026-04-17 05:21:46,954 [INFO] Waking up to check market conditions...
2026-04-17 05:21:47,007 [INFO] No valid setup. Waiting.
2026-04-17 05:21:47,008 [INFO] Pairs:BTCUSD
2026-04-17 05:21:47,009 [INFO] Sleeping for 1.0 minutes...
2026-04-17 05:22:09,151 [INFO] Waking up to check market conditions...
2026-04-17 05:22:09,187 [INFO] No valid setup. Waiting.
2026-04-17 05:22:09,187 [INFO] Pairs:XAUUSD
2026-04-17 05:22:09,189 [INFO] Sleeping for 1.0 minutes...
2026-04-17 05:22:47,010 [INFO] Waking up to check market conditions...
2026-04-17 05:22:47,061 [INFO] No valid setup. Waiting.
2026-04-17 05:22:47,062 [INFO] Pairs:BTCUSD
2026-04-17 05:22:47,063 [INFO] Sleeping for 1.0 minutes...
2026-04-17 05:23:09,190 [INFO] Waking up to check market conditions...
2026-04-17 05:23:09,226 [INFO] No valid setup. Waiting.
2026-04-17 05:23:09,226 [INFO] Pairs:XAUUSD
2026-04-17 05:23:09,227 [INFO] Sleeping for 1.0 minutes...
2026-04-17 05:23:47,064 [INFO] Waking up to check market conditions...
2026-04-17 05:23:47,111 [INFO] No valid setup. Waiting.
2026-04-17 05:23:47,112 [INFO] Pairs:BTCUSD
2026-04-17 05:23:47,114 [INFO] Sleeping for 1.0 minutes...
2026-04-17 05:24:09,229 [INFO] Waking up to check market conditions...
2026-04-17 05:24:09,264 [INFO] No valid setup. Waiting.
2026-04-17 05:24:09,265 [INFO] Pairs:XAUUSD
2026-04-17 05:24:09,266 [INFO] Sleeping for 1.0 minutes...
2026-04-17 05:24:47,115 [INFO] Waking up to check market conditions...
2026-04-17 05:24:47,168 [INFO] No valid setup. Waiting.
2026-04-17 05:24:47,169 [INFO] Pairs:BTCUSD
2026-04-17 05:24:47,170 [INFO] Sleeping for 1.0 minutes...
2026-04-17 05:25:09,267 [INFO] Waking up to check market conditions...
2026-04-17 05:25:09,303 [INFO] No valid setup. Waiting.
2026-04-17 05:25:09,304 [INFO] Pairs:XAUUSD
2026-04-17 05:25:09,305 [INFO] Sleeping for 1.0 minutes...
2026-04-17 05:25:47,171 [INFO] Waking up to check market conditions...
2026-04-17 05:25:47,222 [INFO] No valid setup. Waiting.
2026-04-17 05:25:47,223 [INFO] Pairs:BTCUSD
2026-04-17 05:25:47,224 [INFO] Sleeping for 1.0 minutes...
2026-04-17 05:26:09,306 [INFO] Waking up to check market conditions...
2026-04-17 05:26:09,342 [INFO] No valid setup. Waiting.
2026-04-17 05:26:09,343 [INFO] Pairs:XAUUSD
2026-04-17 05:26:09,344 [INFO] Sleeping for 1.0 minutes...
2026-04-17 05:26:47,225 [INFO] Waking up to check market conditions...
2026-04-17 05:26:47,277 [INFO] No valid setup. Waiting.
2026-04-17 05:26:47,278 [INFO] Pairs:BTCUSD
2026-04-17 05:26:47,279 [INFO] Sleeping for 1.0 minutes...
2026-04-17 05:27:09,345 [INFO] Waking up to check market conditions...
2026-04-17 05:27:09,381 [INFO] No valid setup. Waiting.
2026-04-17 05:27:09,381 [INFO] Pairs:XAUUSD
2026-04-17 05:27:09,383 [INFO] Sleeping for 1.0 minutes...
2026-04-17 05:27:47,280 [INFO] Waking up to check market conditions...
2026-04-17 05:27:47,332 [INFO] No valid setup. Waiting.
2026-04-17 05:27:47,333 [INFO] Pairs:BTCUSD
2026-04-17 05:27:47,334 [INFO] Sleeping for 1.0 minutes...
2026-04-17 05:28:09,384 [INFO] Waking up to check market conditions...
2026-04-17 05:28:09,420 [INFO] No valid setup. Waiting.
2026-04-17 05:28:09,421 [INFO] Pairs:XAUUSD
2026-04-17 05:28:09,422 [INFO] Sleeping for 1.0 minutes...
2026-04-17 05:28:47,335 [INFO] Waking up to check market conditions...
2026-04-17 05:28:47,387 [INFO] No valid setup. Waiting.
2026-04-17 05:28:47,388 [INFO] Pairs:BTCUSD
2026-04-17 05:28:47,389 [INFO] Sleeping for 1.0 minutes...
2026-04-17 05:29:09,423 [INFO] Waking up to check market conditions...
2026-04-17 05:29:09,459 [INFO] No valid setup. Waiting.
2026-04-17 05:29:09,460 [INFO] Pairs:XAUUSD
2026-04-17 05:29:09,461 [INFO] Sleeping for 1.0 minutes...
2026-04-17 05:29:47,390 [INFO] Waking up to check market conditions...
2026-04-17 05:29:47,444 [INFO] No valid setup. Waiting.
2026-04-17 05:29:47,444 [INFO] Pairs:BTCUSD
2026-04-17 05:29:47,446 [INFO] Sleeping for 1.0 minutes...
2026-04-17 05:30:09,462 [INFO] Waking up to check market conditions...
2026-04-17 05:30:09,498 [INFO] No valid setup. Waiting.
2026-04-17 05:30:09,499 [INFO] Pairs:XAUUSD
2026-04-17 05:30:09,500 [INFO] Sleeping for 1.0 minutes...
2026-04-17 05:30:47,447 [INFO] Waking up to check market conditions...
2026-04-17 05:30:47,499 [INFO] No valid setup. Waiting.
2026-04-17 05:30:47,499 [INFO] Pairs:BTCUSD
2026-04-17 05:30:47,501 [INFO] Sleeping for 1.0 minutes...
2026-04-17 05:31:09,501 [INFO] Waking up to check market conditions...
2026-04-17 05:31:09,537 [INFO] No valid setup. Waiting.
2026-04-17 05:31:09,538 [INFO] Pairs:XAUUSD
2026-04-17 05:31:09,539 [INFO] Sleeping for 1.0 minutes...
2026-04-17 05:31:47,501 [INFO] Waking up to check market conditions...
2026-04-17 05:31:47,554 [INFO] No valid setup. Waiting.
2026-04-17 05:31:47,554 [INFO] Pairs:BTCUSD
2026-04-17 05:31:47,556 [INFO] Sleeping for 1.0 minutes...
2026-04-17 05:32:09,540 [INFO] Waking up to check market conditions...
2026-04-17 05:32:09,576 [INFO] No valid setup. Waiting.
2026-04-17 05:32:09,577 [INFO] Pairs:XAUUSD
2026-04-17 05:32:09,578 [INFO] Sleeping for 1.0 minutes...
2026-04-17 05:32:47,556 [INFO] Waking up to check market conditions...
2026-04-17 05:32:47,608 [INFO] No valid setup. Waiting.
2026-04-17 05:32:47,609 [INFO] Pairs:BTCUSD
2026-04-17 05:32:47,610 [INFO] Sleeping for 1.0 minutes...
2026-04-17 05:33:09,580 [INFO] Waking up to check market conditions...
2026-04-17 05:33:09,615 [INFO] No valid setup. Waiting.
2026-04-17 05:33:09,616 [INFO] Pairs:XAUUSD
2026-04-17 05:33:09,617 [INFO] Sleeping for 1.0 minutes...
2026-04-17 05:33:47,611 [INFO] Waking up to check market conditions...
2026-04-17 05:33:47,664 [INFO] No valid setup. Waiting.
2026-04-17 05:33:47,665 [INFO] Pairs:BTCUSD
2026-04-17 05:33:47,666 [INFO] Sleeping for 1.0 minutes...
2026-04-17 05:34:09,619 [INFO] Waking up to check market conditions...
2026-04-17 05:34:09,655 [INFO] No valid setup. Waiting.
2026-04-17 05:34:09,655 [INFO] Pairs:XAUUSD
2026-04-17 05:34:09,657 [INFO] Sleeping for 1.0 minutes...
2026-04-17 05:34:47,667 [INFO] Waking up to check market conditions...
2026-04-17 05:34:47,719 [INFO] No valid setup. Waiting.
2026-04-17 05:34:47,720 [INFO] Pairs:BTCUSD
2026-04-17 05:34:47,721 [INFO] Sleeping for 1.0 minutes...
2026-04-17 05:35:09,658 [INFO] Waking up to check market conditions...
2026-04-17 05:35:09,694 [INFO] No valid setup. Waiting.
2026-04-17 05:35:09,695 [INFO] Pairs:XAUUSD
2026-04-17 05:35:09,696 [INFO] Sleeping for 1.0 minutes...
2026-04-17 05:35:47,722 [INFO] Waking up to check market conditions...
2026-04-17 05:35:47,774 [INFO] No valid setup. Waiting.
2026-04-17 05:35:47,774 [INFO] Pairs:BTCUSD
2026-04-17 05:35:47,776 [INFO] Sleeping for 1.0 minutes...
2026-04-17 05:36:09,697 [INFO] Waking up to check market conditions...
2026-04-17 05:36:09,733 [INFO] No valid setup. Waiting.
2026-04-17 05:36:09,733 [INFO] Pairs:XAUUSD
2026-04-17 05:36:09,735 [INFO] Sleeping for 1.0 minutes...
2026-04-17 05:36:47,777 [INFO] Waking up to check market conditions...
2026-04-17 05:36:47,829 [INFO] No valid setup. Waiting.
2026-04-17 05:36:47,830 [INFO] Pairs:BTCUSD
2026-04-17 05:36:47,831 [INFO] Sleeping for 1.0 minutes...
2026-04-17 05:37:09,735 [INFO] Waking up to check market conditions...
2026-04-17 05:37:09,772 [INFO] No valid setup. Waiting.
2026-04-17 05:37:09,773 [INFO] Pairs:XAUUSD
2026-04-17 05:37:09,774 [INFO] Sleeping for 1.0 minutes...
2026-04-17 05:37:47,833 [INFO] Waking up to check market conditions...
2026-04-17 05:37:47,884 [INFO] No valid setup. Waiting.
2026-04-17 05:37:47,885 [INFO] Pairs:BTCUSD
2026-04-17 05:37:47,886 [INFO] Sleeping for 1.0 minutes...
2026-04-17 05:38:09,775 [INFO] Waking up to check market conditions...
2026-04-17 05:38:09,811 [INFO] No valid setup. Waiting.
2026-04-17 05:38:09,811 [INFO] Pairs:XAUUSD
2026-04-17 05:38:09,813 [INFO] Sleeping for 1.0 minutes...
2026-04-17 05:38:47,888 [INFO] Waking up to check market conditions...
2026-04-17 05:38:47,940 [INFO] No valid setup. Waiting.
2026-04-17 05:38:47,941 [INFO] Pairs:BTCUSD
2026-04-17 05:38:47,942 [INFO] Sleeping for 1.0 minutes...
2026-04-17 05:39:09,814 [INFO] Waking up to check market conditions...
2026-04-17 05:39:09,849 [INFO] No valid setup. Waiting.
2026-04-17 05:39:09,849 [INFO] Pairs:XAUUSD
2026-04-17 05:39:09,851 [INFO] Sleeping for 1.0 minutes...
2026-04-17 05:39:47,943 [INFO] Waking up to check market conditions...
2026-04-17 05:39:47,995 [INFO] No valid setup. Waiting.
2026-04-17 05:39:47,996 [INFO] Pairs:BTCUSD
2026-04-17 05:39:47,997 [INFO] Sleeping for 1.0 minutes...
2026-04-17 05:40:09,852 [INFO] Waking up to check market conditions...
2026-04-17 05:40:09,894 [INFO] No valid setup. Waiting.
2026-04-17 05:40:09,894 [INFO] Pairs:XAUUSD
2026-04-17 05:40:09,896 [INFO] Sleeping for 1.0 minutes...
2026-04-17 05:40:47,999 [INFO] Waking up to check market conditions...
2026-04-17 05:40:48,050 [INFO] No valid setup. Waiting.
2026-04-17 05:40:48,050 [INFO] Pairs:BTCUSD
2026-04-17 05:40:48,052 [INFO] Sleeping for 1.0 minutes...
2026-04-17 05:41:09,897 [INFO] Waking up to check market conditions...
2026-04-17 05:41:09,933 [INFO] No valid setup. Waiting.
2026-04-17 05:41:09,934 [INFO] Pairs:XAUUSD
2026-04-17 05:41:09,935 [INFO] Sleeping for 1.0 minutes...
2026-04-17 05:41:48,053 [INFO] Waking up to check market conditions...
2026-04-17 05:41:48,103 [INFO] No valid setup. Waiting.
2026-04-17 05:41:48,104 [INFO] Pairs:BTCUSD
2026-04-17 05:41:48,105 [INFO] Sleeping for 1.0 minutes...
2026-04-17 05:42:09,936 [INFO] Waking up to check market conditions...
2026-04-17 05:42:09,969 [INFO] No valid setup. Waiting.
2026-04-17 05:42:09,970 [INFO] Pairs:XAUUSD
2026-04-17 05:42:09,971 [INFO] Sleeping for 1.0 minutes...
2026-04-17 05:42:48,107 [INFO] Waking up to check market conditions...
2026-04-17 05:42:48,159 [INFO] No valid setup. Waiting.
2026-04-17 05:42:48,159 [INFO] Pairs:BTCUSD
2026-04-17 05:42:48,161 [INFO] Sleeping for 1.0 minutes...
2026-04-17 05:43:09,972 [INFO] Waking up to check market conditions...
2026-04-17 05:43:10,008 [INFO] No valid setup. Waiting.
2026-04-17 05:43:10,008 [INFO] Pairs:XAUUSD
2026-04-17 05:43:10,010 [INFO] Sleeping for 1.0 minutes...
2026-04-17 05:43:48,162 [INFO] Waking up to check market conditions...
2026-04-17 05:43:48,214 [INFO] No valid setup. Waiting.
2026-04-17 05:43:48,214 [INFO] Pairs:BTCUSD
2026-04-17 05:43:48,216 [INFO] Sleeping for 1.0 minutes...
2026-04-17 05:44:10,011 [INFO] Waking up to check market conditions...
2026-04-17 05:44:10,046 [INFO] No valid setup. Waiting.
2026-04-17 05:44:10,046 [INFO] Pairs:XAUUSD
2026-04-17 05:44:10,048 [INFO] Sleeping for 1.0 minutes...
2026-04-17 05:44:48,217 [INFO] Waking up to check market conditions...
2026-04-17 05:44:48,269 [INFO] No valid setup. Waiting.
2026-04-17 05:44:48,269 [INFO] Pairs:BTCUSD
2026-04-17 05:44:48,271 [INFO] Sleeping for 1.0 minutes...
2026-04-17 05:45:10,049 [INFO] Waking up to check market conditions...
2026-04-17 05:45:10,084 [INFO] No valid setup. Waiting.
2026-04-17 05:45:10,085 [INFO] Pairs:XAUUSD
2026-04-17 05:45:10,086 [INFO] Sleeping for 1.0 minutes...
2026-04-17 05:45:48,272 [INFO] Waking up to check market conditions...
2026-04-17 05:45:48,322 [INFO] No valid setup. Waiting.
2026-04-17 05:45:48,323 [INFO] Pairs:BTCUSD
2026-04-17 05:45:48,324 [INFO] Sleeping for 1.0 minutes...
2026-04-17 05:46:10,087 [INFO] Waking up to check market conditions...
2026-04-17 05:46:10,122 [INFO] No valid setup. Waiting.
2026-04-17 05:46:10,123 [INFO] Pairs:XAUUSD
2026-04-17 05:46:10,124 [INFO] Sleeping for 1.0 minutes...
2026-04-17 05:46:48,326 [INFO] Waking up to check market conditions...
2026-04-17 05:46:48,377 [INFO] No valid setup. Waiting.
2026-04-17 05:46:48,377 [INFO] Pairs:BTCUSD
2026-04-17 05:46:48,378 [INFO] Sleeping for 1.0 minutes...
2026-04-17 05:47:10,125 [INFO] Waking up to check market conditions...
2026-04-17 05:47:10,161 [INFO] No valid setup. Waiting.
2026-04-17 05:47:10,161 [INFO] Pairs:XAUUSD
2026-04-17 05:47:10,163 [INFO] Sleeping for 1.0 minutes...
2026-04-17 05:47:48,380 [INFO] Waking up to check market conditions...
2026-04-17 05:47:48,428 [INFO] No valid setup. Waiting.
2026-04-17 05:47:48,429 [INFO] Pairs:BTCUSD
2026-04-17 05:47:48,431 [INFO] Sleeping for 1.0 minutes...
2026-04-17 05:48:10,164 [INFO] Waking up to check market conditions...
2026-04-17 05:48:10,200 [INFO] No valid setup. Waiting.
2026-04-17 05:48:10,200 [INFO] Pairs:XAUUSD
2026-04-17 05:48:10,202 [INFO] Sleeping for 1.0 minutes...
2026-04-17 05:48:48,432 [INFO] Waking up to check market conditions...
2026-04-17 05:48:48,483 [INFO] No valid setup. Waiting.
2026-04-17 05:48:48,484 [INFO] Pairs:BTCUSD
2026-04-17 05:48:48,485 [INFO] Sleeping for 1.0 minutes...
2026-04-17 05:49:10,203 [INFO] Waking up to check market conditions...
2026-04-17 05:49:10,239 [INFO] No valid setup. Waiting.
2026-04-17 05:49:10,239 [INFO] Pairs:XAUUSD
2026-04-17 05:49:10,241 [INFO] Sleeping for 1.0 minutes...
2026-04-17 05:49:48,487 [INFO] Waking up to check market conditions...
2026-04-17 05:49:48,537 [INFO] No valid setup. Waiting.
2026-04-17 05:49:48,538 [INFO] Pairs:BTCUSD
2026-04-17 05:49:48,539 [INFO] Sleeping for 1.0 minutes...
2026-04-17 05:50:10,242 [INFO] Waking up to check market conditions...
2026-04-17 05:50:10,278 [INFO] No valid setup. Waiting.
2026-04-17 05:50:10,278 [INFO] Pairs:XAUUSD
2026-04-17 05:50:10,279 [INFO] Sleeping for 1.0 minutes...
2026-04-17 05:50:48,540 [INFO] Waking up to check market conditions...
2026-04-17 05:50:48,592 [INFO] No valid setup. Waiting.
2026-04-17 05:50:48,593 [INFO] Pairs:BTCUSD
2026-04-17 05:50:48,594 [INFO] Sleeping for 1.0 minutes...
2026-04-17 05:51:10,281 [INFO] Waking up to check market conditions...
2026-04-17 05:51:10,317 [INFO] No valid setup. Waiting.
2026-04-17 05:51:10,317 [INFO] Pairs:XAUUSD
2026-04-17 05:51:10,319 [INFO] Sleeping for 1.0 minutes...
2026-04-17 05:51:48,595 [INFO] Waking up to check market conditions...
2026-04-17 05:51:48,647 [INFO] No valid setup. Waiting.
2026-04-17 05:51:48,647 [INFO] Pairs:BTCUSD
2026-04-17 05:51:48,648 [INFO] Sleeping for 1.0 minutes...
2026-04-17 05:52:10,320 [INFO] Waking up to check market conditions...
2026-04-17 05:52:10,355 [INFO] No valid setup. Waiting.
2026-04-17 05:52:10,355 [INFO] Pairs:XAUUSD
2026-04-17 05:52:10,357 [INFO] Sleeping for 1.0 minutes...
2026-04-17 05:52:48,651 [INFO] Waking up to check market conditions...
2026-04-17 05:52:48,701 [INFO] No valid setup. Waiting.
2026-04-17 05:52:48,702 [INFO] Pairs:BTCUSD
2026-04-17 05:52:48,703 [INFO] Sleeping for 1.0 minutes...
2026-04-17 05:53:10,358 [INFO] Waking up to check market conditions...
2026-04-17 05:53:10,392 [INFO] No valid setup. Waiting.
2026-04-17 05:53:10,392 [INFO] Pairs:XAUUSD
2026-04-17 05:53:10,393 [INFO] Sleeping for 1.0 minutes...
2026-04-17 05:53:48,704 [INFO] Waking up to check market conditions...
2026-04-17 05:53:48,755 [INFO] No valid setup. Waiting.
2026-04-17 05:53:48,756 [INFO] Pairs:BTCUSD
2026-04-17 05:53:48,757 [INFO] Sleeping for 1.0 minutes...
2026-04-17 05:54:10,395 [INFO] Waking up to check market conditions...
2026-04-17 05:54:10,430 [INFO] No valid setup. Waiting.
2026-04-17 05:54:10,431 [INFO] Pairs:XAUUSD
2026-04-17 05:54:10,432 [INFO] Sleeping for 1.0 minutes...
2026-04-17 05:54:48,758 [INFO] Waking up to check market conditions...
2026-04-17 05:54:48,810 [INFO] No valid setup. Waiting.
2026-04-17 05:54:48,810 [INFO] Pairs:BTCUSD
2026-04-17 05:54:48,812 [INFO] Sleeping for 1.0 minutes...
2026-04-17 05:55:10,433 [INFO] Waking up to check market conditions...
2026-04-17 05:55:10,469 [INFO] No valid setup. Waiting.
2026-04-17 05:55:10,469 [INFO] Pairs:XAUUSD
2026-04-17 05:55:10,471 [INFO] Sleeping for 1.0 minutes...
2026-04-17 05:55:48,813 [INFO] Waking up to check market conditions...
2026-04-17 05:55:48,863 [INFO] No valid setup. Waiting.
2026-04-17 05:55:48,863 [INFO] Pairs:BTCUSD
2026-04-17 05:55:48,865 [INFO] Sleeping for 1.0 minutes...
2026-04-17 05:56:10,472 [INFO] Waking up to check market conditions...
2026-04-17 05:56:10,507 [INFO] No valid setup. Waiting.
2026-04-17 05:56:10,508 [INFO] Pairs:XAUUSD
2026-04-17 05:56:10,509 [INFO] Sleeping for 1.0 minutes...
2026-04-17 05:56:48,866 [INFO] Waking up to check market conditions...
2026-04-17 05:56:48,918 [INFO] No valid setup. Waiting.
2026-04-17 05:56:48,919 [INFO] Pairs:BTCUSD
2026-04-17 05:56:48,920 [INFO] Sleeping for 1.0 minutes...
2026-04-17 05:57:10,510 [INFO] Waking up to check market conditions...
2026-04-17 05:57:10,546 [INFO] No valid setup. Waiting.
2026-04-17 05:57:10,546 [INFO] Pairs:XAUUSD
2026-04-17 05:57:10,548 [INFO] Sleeping for 1.0 minutes...
2026-04-17 05:57:48,921 [INFO] Waking up to check market conditions...
2026-04-17 05:57:48,973 [INFO] No valid setup. Waiting.
2026-04-17 05:57:48,974 [INFO] Pairs:BTCUSD
2026-04-17 05:57:48,975 [INFO] Sleeping for 1.0 minutes...
2026-04-17 05:58:10,549 [INFO] Waking up to check market conditions...
2026-04-17 05:58:10,597 [INFO] No valid setup. Waiting.
2026-04-17 05:58:10,598 [INFO] Pairs:XAUUSD
2026-04-17 05:58:10,600 [INFO] Sleeping for 1.0 minutes...
2026-04-17 05:58:48,976 [INFO] Waking up to check market conditions...
2026-04-17 05:58:49,028 [INFO] No valid setup. Waiting.
2026-04-17 05:58:49,029 [INFO] Pairs:BTCUSD
2026-04-17 05:58:49,030 [INFO] Sleeping for 1.0 minutes...
2026-04-17 05:59:10,601 [INFO] Waking up to check market conditions...
2026-04-17 05:59:10,637 [INFO] No valid setup. Waiting.
2026-04-17 05:59:10,638 [INFO] Pairs:XAUUSD
2026-04-17 05:59:10,639 [INFO] Sleeping for 1.0 minutes...
2026-04-17 05:59:49,031 [INFO] Waking up to check market conditions...
2026-04-17 05:59:49,082 [INFO] No valid setup. Waiting.
2026-04-17 05:59:49,082 [INFO] Pairs:BTCUSD
2026-04-17 05:59:49,084 [INFO] Sleeping for 1.0 minutes...
2026-04-17 06:00:10,640 [INFO] Waking up to check market conditions...
2026-04-17 06:00:10,676 [INFO] No valid setup. Waiting.
2026-04-17 06:00:10,676 [INFO] Pairs:XAUUSD
2026-04-17 06:00:10,678 [INFO] Sleeping for 1.0 minutes...
2026-04-17 06:00:49,085 [INFO] Waking up to check market conditions...
2026-04-17 06:00:49,136 [INFO] No valid setup. Waiting.
2026-04-17 06:00:49,137 [INFO] Pairs:BTCUSD
2026-04-17 06:00:49,138 [INFO] Sleeping for 1.0 minutes...
2026-04-17 06:01:10,679 [INFO] Waking up to check market conditions...
2026-04-17 06:01:10,714 [INFO] No valid setup. Waiting.
2026-04-17 06:01:10,715 [INFO] Pairs:XAUUSD
2026-04-17 06:01:10,716 [INFO] Sleeping for 1.0 minutes...
2026-04-17 06:01:49,139 [INFO] Waking up to check market conditions...
2026-04-17 06:01:49,190 [INFO] No valid setup. Waiting.
2026-04-17 06:01:49,191 [INFO] Pairs:BTCUSD
2026-04-17 06:01:49,192 [INFO] Sleeping for 1.0 minutes...
2026-04-17 06:02:10,717 [INFO] Waking up to check market conditions...
2026-04-17 06:02:10,753 [INFO] No valid setup. Waiting.
2026-04-17 06:02:10,753 [INFO] Pairs:XAUUSD
2026-04-17 06:02:10,755 [INFO] Sleeping for 1.0 minutes...
2026-04-17 06:02:49,193 [INFO] Waking up to check market conditions...
2026-04-17 06:02:49,246 [INFO] No valid setup. Waiting.
2026-04-17 06:02:49,246 [INFO] Pairs:BTCUSD
2026-04-17 06:02:49,248 [INFO] Sleeping for 1.0 minutes...
2026-04-17 06:03:10,755 [INFO] Waking up to check market conditions...
2026-04-17 06:03:10,793 [INFO] No valid setup. Waiting.
2026-04-17 06:03:10,793 [INFO] Pairs:XAUUSD
2026-04-17 06:03:10,794 [INFO] Sleeping for 1.0 minutes...
2026-04-17 06:03:49,248 [INFO] Waking up to check market conditions...
2026-04-17 06:03:49,299 [INFO] No valid setup. Waiting.
2026-04-17 06:03:49,299 [INFO] Pairs:BTCUSD
2026-04-17 06:03:49,301 [INFO] Sleeping for 1.0 minutes...
2026-04-17 06:04:10,796 [INFO] Waking up to check market conditions...
2026-04-17 06:04:10,831 [INFO] No valid setup. Waiting.
2026-04-17 06:04:10,832 [INFO] Pairs:XAUUSD
2026-04-17 06:04:10,833 [INFO] Sleeping for 1.0 minutes...
2026-04-17 06:04:49,302 [INFO] Waking up to check market conditions...
2026-04-17 06:04:49,354 [INFO] No valid setup. Waiting.
2026-04-17 06:04:49,355 [INFO] Pairs:BTCUSD
2026-04-17 06:04:49,356 [INFO] Sleeping for 1.0 minutes...
2026-04-17 06:05:10,834 [INFO] Waking up to check market conditions...
2026-04-17 06:05:10,870 [INFO] No valid setup. Waiting.
2026-04-17 06:05:10,870 [INFO] Pairs:XAUUSD
2026-04-17 06:05:10,872 [INFO] Sleeping for 1.0 minutes...
2026-04-17 06:05:49,357 [INFO] Waking up to check market conditions...
2026-04-17 06:05:49,407 [INFO] No valid setup. Waiting.
2026-04-17 06:05:49,407 [INFO] Pairs:BTCUSD
2026-04-17 06:05:49,409 [INFO] Sleeping for 1.0 minutes...
2026-04-17 06:06:10,873 [INFO] Waking up to check market conditions...
2026-04-17 06:06:10,909 [INFO] No valid setup. Waiting.
2026-04-17 06:06:10,909 [INFO] Pairs:XAUUSD
2026-04-17 06:06:10,911 [INFO] Sleeping for 1.0 minutes...
2026-04-17 06:06:49,410 [INFO] Waking up to check market conditions...
2026-04-17 06:06:49,462 [INFO] No valid setup. Waiting.
2026-04-17 06:06:49,462 [INFO] Pairs:BTCUSD
2026-04-17 06:06:49,464 [INFO] Sleeping for 1.0 minutes...
2026-04-17 06:07:10,911 [INFO] Waking up to check market conditions...
2026-04-17 06:07:10,947 [INFO] No valid setup. Waiting.
2026-04-17 06:07:10,947 [INFO] Pairs:XAUUSD
2026-04-17 06:07:10,949 [INFO] Sleeping for 1.0 minutes...
2026-04-17 06:07:49,465 [INFO] Waking up to check market conditions...
2026-04-17 06:07:49,516 [INFO] No valid setup. Waiting.
2026-04-17 06:07:49,516 [INFO] Pairs:BTCUSD
2026-04-17 06:07:49,518 [INFO] Sleeping for 1.0 minutes...
2026-04-17 06:08:10,950 [INFO] Waking up to check market conditions...
2026-04-17 06:08:10,983 [INFO] No valid setup. Waiting.
2026-04-17 06:08:10,984 [INFO] Pairs:XAUUSD
2026-04-17 06:08:10,985 [INFO] Sleeping for 1.0 minutes...
2026-04-17 06:08:49,519 [INFO] Waking up to check market conditions...
2026-04-17 06:08:49,571 [INFO] No valid setup. Waiting.
2026-04-17 06:08:49,571 [INFO] Pairs:BTCUSD
2026-04-17 06:08:49,573 [INFO] Sleeping for 1.0 minutes...
2026-04-17 06:09:10,986 [INFO] Waking up to check market conditions...
2026-04-17 06:09:11,022 [INFO] No valid setup. Waiting.
2026-04-17 06:09:11,023 [INFO] Pairs:XAUUSD
2026-04-17 06:09:11,024 [INFO] Sleeping for 1.0 minutes...
2026-04-17 06:09:49,574 [INFO] Waking up to check market conditions...
2026-04-17 06:09:49,625 [INFO] No valid setup. Waiting.
2026-04-17 06:09:49,625 [INFO] Pairs:BTCUSD
2026-04-17 06:09:49,627 [INFO] Sleeping for 1.0 minutes...
2026-04-17 06:10:11,026 [INFO] Waking up to check market conditions...
2026-04-17 06:10:11,061 [INFO] No valid setup. Waiting.
2026-04-17 06:10:11,062 [INFO] Pairs:XAUUSD
2026-04-17 06:10:11,063 [INFO] Sleeping for 1.0 minutes...
2026-04-17 06:10:49,628 [INFO] Waking up to check market conditions...
2026-04-17 06:10:49,678 [INFO] No valid setup. Waiting.
2026-04-17 06:10:49,679 [INFO] Pairs:BTCUSD
2026-04-17 06:10:49,680 [INFO] Sleeping for 1.0 minutes...
2026-04-17 06:11:11,064 [INFO] Waking up to check market conditions...
2026-04-17 06:11:11,100 [INFO] No valid setup. Waiting.
2026-04-17 06:11:11,101 [INFO] Pairs:XAUUSD
2026-04-17 06:11:11,102 [INFO] Sleeping for 1.0 minutes...
2026-04-17 06:11:49,681 [INFO] Waking up to check market conditions...
2026-04-17 06:11:49,733 [INFO] No valid setup. Waiting.
2026-04-17 06:11:49,734 [INFO] Pairs:BTCUSD
2026-04-17 06:11:49,735 [INFO] Sleeping for 1.0 minutes...
2026-04-17 06:12:11,103 [INFO] Waking up to check market conditions...
2026-04-17 06:12:11,139 [INFO] No valid setup. Waiting.
2026-04-17 06:12:11,139 [INFO] Pairs:XAUUSD
2026-04-17 06:12:11,140 [INFO] Sleeping for 1.0 minutes...
2026-04-17 06:12:49,736 [INFO] Waking up to check market conditions...
2026-04-17 06:12:49,787 [INFO] No valid setup. Waiting.
2026-04-17 06:12:49,787 [INFO] Pairs:BTCUSD
2026-04-17 06:12:49,789 [INFO] Sleeping for 1.0 minutes...
2026-04-17 06:13:11,142 [INFO] Waking up to check market conditions...
2026-04-17 06:13:11,177 [INFO] No valid setup. Waiting.
2026-04-17 06:13:11,178 [INFO] Pairs:XAUUSD
2026-04-17 06:13:11,179 [INFO] Sleeping for 1.0 minutes...
2026-04-17 06:13:49,790 [INFO] Waking up to check market conditions...
2026-04-17 06:13:49,841 [INFO] No valid setup. Waiting.
2026-04-17 06:13:49,841 [INFO] Pairs:BTCUSD
2026-04-17 06:13:49,843 [INFO] Sleeping for 1.0 minutes...
2026-04-17 06:14:11,180 [INFO] Waking up to check market conditions...
2026-04-17 06:14:11,216 [INFO] No valid setup. Waiting.
2026-04-17 06:14:11,216 [INFO] Pairs:XAUUSD
2026-04-17 06:14:11,217 [INFO] Sleeping for 1.0 minutes...
2026-04-17 06:14:49,844 [INFO] Waking up to check market conditions...
2026-04-17 06:14:49,896 [INFO] No valid setup. Waiting.
2026-04-17 06:14:49,897 [INFO] Pairs:BTCUSD
2026-04-17 06:14:49,898 [INFO] Sleeping for 1.0 minutes...
2026-04-17 06:15:11,219 [INFO] Waking up to check market conditions...
2026-04-17 06:15:11,254 [INFO] No valid setup. Waiting.
2026-04-17 06:15:11,255 [INFO] Pairs:XAUUSD
2026-04-17 06:15:11,256 [INFO] Sleeping for 1.0 minutes...
2026-04-17 06:15:49,899 [INFO] Waking up to check market conditions...
2026-04-17 06:15:49,951 [INFO] No valid setup. Waiting.
2026-04-17 06:15:49,952 [INFO] Pairs:BTCUSD
2026-04-17 06:15:49,953 [INFO] Sleeping for 1.0 minutes...
2026-04-17 06:16:11,258 [INFO] Waking up to check market conditions...
2026-04-17 06:16:11,294 [INFO] No valid setup. Waiting.
2026-04-17 06:16:11,294 [INFO] Pairs:XAUUSD
2026-04-17 06:16:11,295 [INFO] Sleeping for 1.0 minutes...
2026-04-17 06:16:49,954 [INFO] Waking up to check market conditions...
2026-04-17 06:16:50,006 [INFO] No valid setup. Waiting.
2026-04-17 06:16:50,006 [INFO] Pairs:BTCUSD
2026-04-17 06:16:50,007 [INFO] Sleeping for 1.0 minutes...
2026-04-17 06:17:11,296 [INFO] Waking up to check market conditions...
2026-04-17 06:17:11,333 [INFO] No valid setup. Waiting.
2026-04-17 06:17:11,333 [INFO] Pairs:XAUUSD
2026-04-17 06:17:11,335 [INFO] Sleeping for 1.0 minutes...
2026-04-17 06:17:50,009 [INFO] Waking up to check market conditions...
2026-04-17 06:17:50,061 [INFO] No valid setup. Waiting.
2026-04-17 06:17:50,061 [INFO] Pairs:BTCUSD
2026-04-17 06:17:50,063 [INFO] Sleeping for 1.0 minutes...
2026-04-17 06:18:11,335 [INFO] Waking up to check market conditions...
2026-04-17 06:18:11,371 [INFO] No valid setup. Waiting.
2026-04-17 06:18:11,371 [INFO] Pairs:XAUUSD
2026-04-17 06:18:11,373 [INFO] Sleeping for 1.0 minutes...
2026-04-17 06:18:50,063 [INFO] Waking up to check market conditions...
2026-04-17 06:18:50,116 [INFO] No valid setup. Waiting.
2026-04-17 06:18:50,116 [INFO] Pairs:BTCUSD
2026-04-17 06:18:50,118 [INFO] Sleeping for 1.0 minutes...
2026-04-17 06:19:11,374 [INFO] Waking up to check market conditions...
2026-04-17 06:19:11,410 [INFO] No valid setup. Waiting.
2026-04-17 06:19:11,410 [INFO] Pairs:XAUUSD
2026-04-17 06:19:11,412 [INFO] Sleeping for 1.0 minutes...
2026-04-17 06:19:50,118 [INFO] Waking up to check market conditions...
2026-04-17 06:19:50,170 [INFO] No valid setup. Waiting.
2026-04-17 06:19:50,170 [INFO] Pairs:BTCUSD
2026-04-17 06:19:50,172 [INFO] Sleeping for 1.0 minutes...
2026-04-17 06:20:11,413 [INFO] Waking up to check market conditions...
2026-04-17 06:20:11,448 [INFO] No valid setup. Waiting.
2026-04-17 06:20:11,449 [INFO] Pairs:XAUUSD
2026-04-17 06:20:11,450 [INFO] Sleeping for 1.0 minutes...
2026-04-17 06:20:50,173 [INFO] Waking up to check market conditions...
2026-04-17 06:20:50,224 [INFO] No valid setup. Waiting.
2026-04-17 06:20:50,224 [INFO] Pairs:BTCUSD
2026-04-17 06:20:50,226 [INFO] Sleeping for 1.0 minutes...
2026-04-17 06:21:11,452 [INFO] Waking up to check market conditions...
2026-04-17 06:21:11,486 [INFO] No valid setup. Waiting.
2026-04-17 06:21:11,488 [INFO] Pairs:XAUUSD
2026-04-17 06:21:11,488 [INFO] Sleeping for 1.0 minutes...
2026-04-17 06:21:50,227 [INFO] Waking up to check market conditions...
2026-04-17 06:21:50,292 [INFO] No valid setup. Waiting.
2026-04-17 06:21:50,294 [INFO] Pairs:BTCUSD
2026-04-17 06:21:50,296 [INFO] Sleeping for 1.0 minutes...
2026-04-17 06:22:11,490 [INFO] Waking up to check market conditions...
2026-04-17 06:22:11,526 [INFO] No valid setup. Waiting.
2026-04-17 06:22:11,526 [INFO] Pairs:XAUUSD
2026-04-17 06:22:11,528 [INFO] Sleeping for 1.0 minutes...
2026-04-17 06:22:50,298 [INFO] Waking up to check market conditions...
2026-04-17 06:22:50,350 [INFO] No valid setup. Waiting.
2026-04-17 06:22:50,351 [INFO] Pairs:BTCUSD
2026-04-17 06:22:50,352 [INFO] Sleeping for 1.0 minutes...
2026-04-17 06:23:11,528 [INFO] Waking up to check market conditions...
2026-04-17 06:23:11,563 [INFO] No valid setup. Waiting.
2026-04-17 06:23:11,563 [INFO] Pairs:XAUUSD
2026-04-17 06:23:11,564 [INFO] Sleeping for 1.0 minutes...
2026-04-17 06:23:50,353 [INFO] Waking up to check market conditions...
2026-04-17 06:23:50,405 [INFO] No valid setup. Waiting.
2026-04-17 06:23:50,406 [INFO] Pairs:BTCUSD
2026-04-17 06:23:50,407 [INFO] Sleeping for 1.0 minutes...
2026-04-17 06:24:11,566 [INFO] Waking up to check market conditions...
2026-04-17 06:24:11,602 [INFO] No valid setup. Waiting.
2026-04-17 06:24:11,602 [INFO] Pairs:XAUUSD
2026-04-17 06:24:11,604 [INFO] Sleeping for 1.0 minutes...
2026-04-17 06:24:50,408 [INFO] Waking up to check market conditions...
2026-04-17 06:24:50,459 [INFO] No valid setup. Waiting.
2026-04-17 06:24:50,460 [INFO] Pairs:BTCUSD
2026-04-17 06:24:50,461 [INFO] Sleeping for 1.0 minutes...
2026-04-17 06:25:11,605 [INFO] Waking up to check market conditions...
2026-04-17 06:25:11,641 [INFO] No valid setup. Waiting.
2026-04-17 06:25:11,641 [INFO] Pairs:XAUUSD
2026-04-17 06:25:11,643 [INFO] Sleeping for 1.0 minutes...
2026-04-17 06:25:50,462 [INFO] Waking up to check market conditions...
2026-04-17 06:25:50,514 [INFO] No valid setup. Waiting.
2026-04-17 06:25:50,515 [INFO] Pairs:BTCUSD
2026-04-17 06:25:50,516 [INFO] Sleeping for 1.0 minutes...
2026-04-17 06:26:11,644 [INFO] Waking up to check market conditions...
2026-04-17 06:26:11,679 [INFO] No valid setup. Waiting.
2026-04-17 06:26:11,680 [INFO] Pairs:XAUUSD
2026-04-17 06:26:11,681 [INFO] Sleeping for 1.0 minutes...
2026-04-17 06:26:50,517 [INFO] Waking up to check market conditions...
2026-04-17 06:26:50,569 [INFO] No valid setup. Waiting.
2026-04-17 06:26:50,570 [INFO] Pairs:BTCUSD
2026-04-17 06:26:50,571 [INFO] Sleeping for 1.0 minutes...
2026-04-17 06:27:11,682 [INFO] Waking up to check market conditions...
2026-04-17 06:27:11,719 [INFO] No valid setup. Waiting.
2026-04-17 06:27:11,719 [INFO] Pairs:XAUUSD
2026-04-17 06:27:11,721 [INFO] Sleeping for 1.0 minutes...
2026-04-17 06:27:50,572 [INFO] Waking up to check market conditions...
2026-04-17 06:27:50,622 [INFO] No valid setup. Waiting.
2026-04-17 06:27:50,622 [INFO] Pairs:BTCUSD
2026-04-17 06:27:50,624 [INFO] Sleeping for 1.0 minutes...
2026-04-17 06:28:11,722 [INFO] Waking up to check market conditions...
2026-04-17 06:28:11,758 [INFO] No valid setup. Waiting.
2026-04-17 06:28:11,758 [INFO] Pairs:XAUUSD
2026-04-17 06:28:11,760 [INFO] Sleeping for 1.0 minutes...
2026-04-17 06:28:50,625 [INFO] Waking up to check market conditions...
2026-04-17 06:28:50,678 [INFO] No valid setup. Waiting.
2026-04-17 06:28:50,678 [INFO] Pairs:BTCUSD
2026-04-17 06:28:50,680 [INFO] Sleeping for 1.0 minutes...
2026-04-17 06:29:11,761 [INFO] Waking up to check market conditions...
2026-04-17 06:29:11,796 [INFO] No valid setup. Waiting.
2026-04-17 06:29:11,797 [INFO] Pairs:XAUUSD
2026-04-17 06:29:11,798 [INFO] Sleeping for 1.0 minutes...
2026-04-17 06:29:50,681 [INFO] Waking up to check market conditions...
2026-04-17 06:29:50,731 [INFO] No valid setup. Waiting.
2026-04-17 06:29:50,732 [INFO] Pairs:BTCUSD
2026-04-17 06:29:50,733 [INFO] Sleeping for 1.0 minutes...
2026-04-17 06:30:11,799 [INFO] Waking up to check market conditions...
2026-04-17 06:30:11,835 [INFO] No valid setup. Waiting.
2026-04-17 06:30:11,835 [INFO] Pairs:XAUUSD
2026-04-17 06:30:11,837 [INFO] Sleeping for 1.0 minutes...
2026-04-17 06:30:50,734 [INFO] Waking up to check market conditions...
2026-04-17 06:30:50,785 [INFO] No valid setup. Waiting.
2026-04-17 06:30:50,785 [INFO] Pairs:BTCUSD
2026-04-17 06:30:50,787 [INFO] Sleeping for 1.0 minutes...
2026-04-17 06:31:11,838 [INFO] Waking up to check market conditions...
2026-04-17 06:31:11,873 [INFO] No valid setup. Waiting.
2026-04-17 06:31:11,874 [INFO] Pairs:XAUUSD
2026-04-17 06:31:11,875 [INFO] Sleeping for 1.0 minutes...
2026-04-17 06:31:50,788 [INFO] Waking up to check market conditions...
2026-04-17 06:31:50,838 [INFO] No valid setup. Waiting.
2026-04-17 06:31:50,838 [INFO] Pairs:BTCUSD
2026-04-17 06:31:50,840 [INFO] Sleeping for 1.0 minutes...
2026-04-17 06:32:11,876 [INFO] Waking up to check market conditions...
2026-04-17 06:32:11,909 [INFO] No valid setup. Waiting.
2026-04-17 06:32:11,910 [INFO] Pairs:XAUUSD
2026-04-17 06:32:11,911 [INFO] Sleeping for 1.0 minutes...
2026-04-17 06:32:50,841 [INFO] Waking up to check market conditions...
2026-04-17 06:32:50,892 [INFO] No valid setup. Waiting.
2026-04-17 06:32:50,892 [INFO] Pairs:BTCUSD
2026-04-17 06:32:50,894 [INFO] Sleeping for 1.0 minutes...
2026-04-17 06:33:11,912 [INFO] Waking up to check market conditions...
2026-04-17 06:33:11,948 [INFO] No valid setup. Waiting.
2026-04-17 06:33:11,949 [INFO] Pairs:XAUUSD
2026-04-17 06:33:11,950 [INFO] Sleeping for 1.0 minutes...
2026-04-17 06:33:50,895 [INFO] Waking up to check market conditions...
2026-04-17 06:33:50,947 [INFO] No valid setup. Waiting.
2026-04-17 06:33:50,947 [INFO] Pairs:BTCUSD
2026-04-17 06:33:50,949 [INFO] Sleeping for 1.0 minutes...
2026-04-17 06:34:11,951 [INFO] Waking up to check market conditions...
2026-04-17 06:34:11,988 [INFO] No valid setup. Waiting.
2026-04-17 06:34:11,988 [INFO] Pairs:XAUUSD
2026-04-17 06:34:11,990 [INFO] Sleeping for 1.0 minutes...
2026-04-17 06:34:50,950 [INFO] Waking up to check market conditions...
2026-04-17 06:34:51,002 [INFO] No valid setup. Waiting.
2026-04-17 06:34:51,002 [INFO] Pairs:BTCUSD
2026-04-17 06:34:51,004 [INFO] Sleeping for 1.0 minutes...
2026-04-17 06:35:11,991 [INFO] Waking up to check market conditions...
2026-04-17 06:35:12,026 [INFO] No valid setup. Waiting.
2026-04-17 06:35:12,027 [INFO] Pairs:XAUUSD
2026-04-17 06:35:12,028 [INFO] Sleeping for 1.0 minutes...
2026-04-17 06:35:51,005 [INFO] Waking up to check market conditions...
2026-04-17 06:35:51,057 [INFO] No valid setup. Waiting.
2026-04-17 06:35:51,058 [INFO] Pairs:BTCUSD
2026-04-17 06:35:51,059 [INFO] Sleeping for 1.0 minutes...
2026-04-17 06:36:12,029 [INFO] Waking up to check market conditions...
2026-04-17 06:36:12,065 [INFO] No valid setup. Waiting.
2026-04-17 06:36:12,065 [INFO] Pairs:XAUUSD
2026-04-17 06:36:12,067 [INFO] Sleeping for 1.0 minutes...
2026-04-17 06:36:51,060 [INFO] Waking up to check market conditions...
2026-04-17 06:36:51,111 [INFO] No valid setup. Waiting.
2026-04-17 06:36:51,112 [INFO] Pairs:BTCUSD
2026-04-17 06:36:51,113 [INFO] Sleeping for 1.0 minutes...
2026-04-17 06:37:12,068 [INFO] Waking up to check market conditions...
2026-04-17 06:37:12,103 [INFO] No valid setup. Waiting.
2026-04-17 06:37:12,104 [INFO] Pairs:XAUUSD
2026-04-17 06:37:12,105 [INFO] Sleeping for 1.0 minutes...
2026-04-17 06:37:51,114 [INFO] Waking up to check market conditions...
2026-04-17 06:37:51,164 [INFO] No valid setup. Waiting.
2026-04-17 06:37:51,165 [INFO] Pairs:BTCUSD
2026-04-17 06:37:51,166 [INFO] Sleeping for 1.0 minutes...
2026-04-17 06:38:12,106 [INFO] Waking up to check market conditions...
2026-04-17 06:38:12,141 [INFO] No valid setup. Waiting.
2026-04-17 06:38:12,141 [INFO] Pairs:XAUUSD
2026-04-17 06:38:12,142 [INFO] Sleeping for 1.0 minutes...
2026-04-17 06:38:51,167 [INFO] Waking up to check market conditions...
2026-04-17 06:38:51,219 [INFO] No valid setup. Waiting.
2026-04-17 06:38:51,220 [INFO] Pairs:BTCUSD
2026-04-17 06:38:51,221 [INFO] Sleeping for 1.0 minutes...
2026-04-17 06:39:12,144 [INFO] Waking up to check market conditions...
2026-04-17 06:39:12,179 [INFO] No valid setup. Waiting.
2026-04-17 06:39:12,180 [INFO] Pairs:XAUUSD
2026-04-17 06:39:12,182 [INFO] Sleeping for 1.0 minutes...
2026-04-17 06:39:51,222 [INFO] Waking up to check market conditions...
2026-04-17 06:39:51,274 [INFO] No valid setup. Waiting.
2026-04-17 06:39:51,275 [INFO] Pairs:BTCUSD
2026-04-17 06:39:51,276 [INFO] Sleeping for 1.0 minutes...
2026-04-17 06:40:12,183 [INFO] Waking up to check market conditions...
2026-04-17 06:40:12,219 [INFO] No valid setup. Waiting.
2026-04-17 06:40:12,219 [INFO] Pairs:XAUUSD
2026-04-17 06:40:12,221 [INFO] Sleeping for 1.0 minutes...
2026-04-17 06:40:51,277 [INFO] Waking up to check market conditions...
2026-04-17 06:40:51,329 [INFO] No valid setup. Waiting.
2026-04-17 06:40:51,330 [INFO] Pairs:BTCUSD
2026-04-17 06:40:51,331 [INFO] Sleeping for 1.0 minutes...
2026-04-17 06:41:12,222 [INFO] Waking up to check market conditions...
2026-04-17 06:41:12,257 [INFO] No valid setup. Waiting.
2026-04-17 06:41:12,258 [INFO] Pairs:XAUUSD
2026-04-17 06:41:12,259 [INFO] Sleeping for 1.0 minutes...
2026-04-17 06:41:51,332 [INFO] Waking up to check market conditions...
2026-04-17 06:41:51,384 [INFO] No valid setup. Waiting.
2026-04-17 06:41:51,384 [INFO] Pairs:BTCUSD
2026-04-17 06:41:51,386 [INFO] Sleeping for 1.0 minutes...
2026-04-17 06:42:12,260 [INFO] Waking up to check market conditions...
2026-04-17 06:42:12,296 [INFO] No valid setup. Waiting.
2026-04-17 06:42:12,297 [INFO] Pairs:XAUUSD
2026-04-17 06:42:12,298 [INFO] Sleeping for 1.0 minutes...
2026-04-17 06:42:51,387 [INFO] Waking up to check market conditions...
2026-04-17 06:42:51,438 [INFO] No valid setup. Waiting.
2026-04-17 06:42:51,439 [INFO] Pairs:BTCUSD
2026-04-17 06:42:51,440 [INFO] Sleeping for 1.0 minutes...
2026-04-17 06:43:12,299 [INFO] Waking up to check market conditions...
2026-04-17 06:43:12,335 [INFO] No valid setup. Waiting.
2026-04-17 06:43:12,335 [INFO] Pairs:XAUUSD
2026-04-17 06:43:12,336 [INFO] Sleeping for 1.0 minutes...
2026-04-17 06:43:51,441 [INFO] Waking up to check market conditions...
2026-04-17 06:43:51,492 [INFO] No valid setup. Waiting.
2026-04-17 06:43:51,493 [INFO] Pairs:BTCUSD
2026-04-17 06:43:51,494 [INFO] Sleeping for 1.0 minutes...
2026-04-17 06:44:12,337 [INFO] Waking up to check market conditions...
2026-04-17 06:44:12,373 [INFO] No valid setup. Waiting.
2026-04-17 06:44:12,373 [INFO] Pairs:XAUUSD
2026-04-17 06:44:12,374 [INFO] Sleeping for 1.0 minutes...
2026-04-17 06:44:51,495 [INFO] Waking up to check market conditions...
2026-04-17 06:44:51,546 [INFO] No valid setup. Waiting.
2026-04-17 06:44:51,547 [INFO] Pairs:BTCUSD
2026-04-17 06:44:51,548 [INFO] Sleeping for 1.0 minutes...
2026-04-17 06:45:12,376 [INFO] Waking up to check market conditions...
2026-04-17 06:45:12,412 [INFO] No valid setup. Waiting.
2026-04-17 06:45:12,412 [INFO] Pairs:XAUUSD
2026-04-17 06:45:12,413 [INFO] Sleeping for 1.0 minutes...
2026-04-17 06:45:51,549 [INFO] Waking up to check market conditions...
2026-04-17 06:45:51,602 [INFO] No valid setup. Waiting.
2026-04-17 06:45:51,602 [INFO] Pairs:BTCUSD
2026-04-17 06:45:51,604 [INFO] Sleeping for 1.0 minutes...
2026-04-17 06:46:12,414 [INFO] Waking up to check market conditions...
2026-04-17 06:46:12,451 [INFO] No valid setup. Waiting.
2026-04-17 06:46:12,451 [INFO] Pairs:XAUUSD
2026-04-17 06:46:12,452 [INFO] Sleeping for 1.0 minutes...
2026-04-17 06:46:51,605 [INFO] Waking up to check market conditions...
2026-04-17 06:46:51,657 [INFO] No valid setup. Waiting.
2026-04-17 06:46:51,657 [INFO] Pairs:BTCUSD
2026-04-17 06:46:51,659 [INFO] Sleeping for 1.0 minutes...
2026-04-17 06:47:12,453 [INFO] Waking up to check market conditions...
2026-04-17 06:47:12,490 [INFO] No valid setup. Waiting.
2026-04-17 06:47:12,490 [INFO] Pairs:XAUUSD
2026-04-17 06:47:12,492 [INFO] Sleeping for 1.0 minutes...
2026-04-17 06:47:51,659 [INFO] Waking up to check market conditions...
2026-04-17 06:47:51,710 [INFO] No valid setup. Waiting.
2026-04-17 06:47:51,711 [INFO] Pairs:BTCUSD
2026-04-17 06:47:51,712 [INFO] Sleeping for 1.0 minutes...
2026-04-17 06:48:12,493 [INFO] Waking up to check market conditions...
2026-04-17 06:48:12,529 [INFO] No valid setup. Waiting.
2026-04-17 06:48:12,529 [INFO] Pairs:XAUUSD
2026-04-17 06:48:12,531 [INFO] Sleeping for 1.0 minutes...
2026-04-17 06:48:51,713 [INFO] Waking up to check market conditions...
2026-04-17 06:48:51,764 [INFO] No valid setup. Waiting.
2026-04-17 06:48:51,765 [INFO] Pairs:BTCUSD
2026-04-17 06:48:51,766 [INFO] Sleeping for 1.0 minutes...
2026-04-17 06:49:12,532 [INFO] Waking up to check market conditions...
2026-04-17 06:49:12,568 [INFO] No valid setup. Waiting.
2026-04-17 06:49:12,568 [INFO] Pairs:XAUUSD
2026-04-17 06:49:12,569 [INFO] Sleeping for 1.0 minutes...
2026-04-17 06:49:51,767 [INFO] Waking up to check market conditions...
2026-04-17 06:49:51,819 [INFO] No valid setup. Waiting.
2026-04-17 06:49:51,819 [INFO] Pairs:BTCUSD
2026-04-17 06:49:51,820 [INFO] Sleeping for 1.0 minutes...
2026-04-17 06:50:12,571 [INFO] Waking up to check market conditions...
2026-04-17 06:50:12,606 [INFO] No valid setup. Waiting.
2026-04-17 06:50:12,607 [INFO] Pairs:XAUUSD
2026-04-17 06:50:12,609 [INFO] Sleeping for 1.0 minutes...
2026-04-17 06:50:51,821 [INFO] Waking up to check market conditions...
2026-04-17 06:50:51,873 [INFO] No valid setup. Waiting.
2026-04-17 06:50:51,874 [INFO] Pairs:BTCUSD
2026-04-17 06:50:51,875 [INFO] Sleeping for 1.0 minutes...
2026-04-17 06:51:12,610 [INFO] Waking up to check market conditions...
2026-04-17 06:51:12,646 [INFO] No valid setup. Waiting.
2026-04-17 06:51:12,646 [INFO] Pairs:XAUUSD
2026-04-17 06:51:12,648 [INFO] Sleeping for 1.0 minutes...
2026-04-17 06:51:51,876 [INFO] Waking up to check market conditions...
2026-04-17 06:51:51,929 [INFO] No valid setup. Waiting.
2026-04-17 06:51:51,929 [INFO] Pairs:BTCUSD
2026-04-17 06:51:51,930 [INFO] Sleeping for 1.0 minutes...
2026-04-17 06:52:12,649 [INFO] Waking up to check market conditions...
2026-04-17 06:52:12,690 [INFO] No valid setup. Waiting.
2026-04-17 06:52:12,690 [INFO] Pairs:XAUUSD
2026-04-17 06:52:12,692 [INFO] Sleeping for 1.0 minutes...
2026-04-17 06:52:51,932 [INFO] Waking up to check market conditions...
2026-04-17 06:52:51,983 [INFO] No valid setup. Waiting.
2026-04-17 06:52:51,984 [INFO] Pairs:BTCUSD
2026-04-17 06:52:51,985 [INFO] Sleeping for 1.0 minutes...
2026-04-17 06:53:12,692 [INFO] Waking up to check market conditions...
2026-04-17 06:53:12,727 [INFO] No valid setup. Waiting.
2026-04-17 06:53:12,727 [INFO] Pairs:XAUUSD
2026-04-17 06:53:12,729 [INFO] Sleeping for 1.0 minutes...
2026-04-17 06:53:51,987 [INFO] Waking up to check market conditions...
2026-04-17 06:53:52,038 [INFO] No valid setup. Waiting.
2026-04-17 06:53:52,038 [INFO] Pairs:BTCUSD
2026-04-17 06:53:52,041 [INFO] Sleeping for 1.0 minutes...
2026-04-17 06:54:12,730 [INFO] Waking up to check market conditions...
2026-04-17 06:54:12,766 [INFO] No valid setup. Waiting.
2026-04-17 06:54:12,766 [INFO] Pairs:XAUUSD
2026-04-17 06:54:12,768 [INFO] Sleeping for 1.0 minutes...
2026-04-17 06:54:52,042 [INFO] Waking up to check market conditions...
2026-04-17 06:54:52,093 [INFO] No valid setup. Waiting.
2026-04-17 06:54:52,093 [INFO] Pairs:BTCUSD
2026-04-17 06:54:52,095 [INFO] Sleeping for 1.0 minutes...
2026-04-17 06:55:12,769 [INFO] Waking up to check market conditions...
2026-04-17 06:55:12,805 [INFO] No valid setup. Waiting.
2026-04-17 06:55:12,805 [INFO] Pairs:XAUUSD
2026-04-17 06:55:12,807 [INFO] Sleeping for 1.0 minutes...
2026-04-17 06:55:52,096 [INFO] Waking up to check market conditions...
2026-04-17 06:55:52,146 [INFO] No valid setup. Waiting.
2026-04-17 06:55:52,147 [INFO] Pairs:BTCUSD
2026-04-17 06:55:52,148 [INFO] Sleeping for 1.0 minutes...
2026-04-17 06:56:12,808 [INFO] Waking up to check market conditions...
2026-04-17 06:56:12,843 [INFO] No valid setup. Waiting.
2026-04-17 06:56:12,844 [INFO] Pairs:XAUUSD
2026-04-17 06:56:12,845 [INFO] Sleeping for 1.0 minutes...
2026-04-17 06:56:52,149 [INFO] Waking up to check market conditions...
2026-04-17 06:56:52,201 [INFO] No valid setup. Waiting.
2026-04-17 06:56:52,201 [INFO] Pairs:BTCUSD
2026-04-17 06:56:52,202 [INFO] Sleeping for 1.0 minutes...
2026-04-17 06:57:12,846 [INFO] Waking up to check market conditions...
2026-04-17 06:57:12,882 [INFO] No valid setup. Waiting.
2026-04-17 06:57:12,882 [INFO] Pairs:XAUUSD
2026-04-17 06:57:12,884 [INFO] Sleeping for 1.0 minutes...
2026-04-17 06:57:52,203 [INFO] Waking up to check market conditions...
2026-04-17 06:57:52,255 [INFO] No valid setup. Waiting.
2026-04-17 06:57:52,256 [INFO] Pairs:BTCUSD
2026-04-17 06:57:52,257 [INFO] Sleeping for 1.0 minutes...
2026-04-17 06:58:12,885 [INFO] Waking up to check market conditions...
2026-04-17 06:58:12,921 [INFO] No valid setup. Waiting.
2026-04-17 06:58:12,922 [INFO] Pairs:XAUUSD
2026-04-17 06:58:12,923 [INFO] Sleeping for 1.0 minutes...
2026-04-17 06:58:52,258 [INFO] Waking up to check market conditions...
2026-04-17 06:58:52,305 [INFO] No valid setup. Waiting.
2026-04-17 06:58:52,306 [INFO] Pairs:BTCUSD
2026-04-17 06:58:52,307 [INFO] Sleeping for 1.0 minutes...
2026-04-17 06:59:12,924 [INFO] Waking up to check market conditions...
2026-04-17 06:59:12,961 [INFO] No valid setup. Waiting.
2026-04-17 06:59:12,961 [INFO] Pairs:XAUUSD
2026-04-17 06:59:12,963 [INFO] Sleeping for 1.0 minutes...
2026-04-17 06:59:52,308 [INFO] Waking up to check market conditions...
2026-04-17 06:59:52,358 [INFO] No valid setup. Waiting.
2026-04-17 06:59:52,359 [INFO] Pairs:BTCUSD
2026-04-17 06:59:52,360 [INFO] Sleeping for 1.0 minutes...
2026-04-17 07:00:12,964 [INFO] Waking up to check market conditions...
2026-04-17 07:00:13,000 [INFO] No valid setup. Waiting.
2026-04-17 07:00:13,001 [INFO] Pairs:XAUUSD
2026-04-17 07:00:13,002 [INFO] Sleeping for 1.0 minutes...
2026-04-17 07:00:52,361 [INFO] Waking up to check market conditions...
2026-04-17 07:00:52,413 [INFO] No valid setup. Waiting.
2026-04-17 07:00:52,414 [INFO] Pairs:BTCUSD
2026-04-17 07:00:52,415 [INFO] Sleeping for 1.0 minutes...
2026-04-17 07:01:13,003 [INFO] Waking up to check market conditions...
2026-04-17 07:01:13,039 [INFO] No valid setup. Waiting.
2026-04-17 07:01:13,039 [INFO] Pairs:XAUUSD
2026-04-17 07:01:13,041 [INFO] Sleeping for 1.0 minutes...
2026-04-17 07:01:52,416 [INFO] Waking up to check market conditions...
2026-04-17 07:01:52,468 [INFO] No valid setup. Waiting.
2026-04-17 07:01:52,468 [INFO] Pairs:BTCUSD
2026-04-17 07:01:52,470 [INFO] Sleeping for 1.0 minutes...
2026-04-17 07:02:13,042 [INFO] Waking up to check market conditions...
2026-04-17 07:02:13,077 [INFO] No valid setup. Waiting.
2026-04-17 07:02:13,078 [INFO] Pairs:XAUUSD
2026-04-17 07:02:13,079 [INFO] Sleeping for 1.0 minutes...
2026-04-17 07:02:52,471 [INFO] Waking up to check market conditions...
2026-04-17 07:02:52,523 [INFO] No valid setup. Waiting.
2026-04-17 07:02:52,523 [INFO] Pairs:BTCUSD
2026-04-17 07:02:52,524 [INFO] Sleeping for 1.0 minutes...
2026-04-17 07:03:13,081 [INFO] Waking up to check market conditions...
2026-04-17 07:03:13,116 [INFO] No valid setup. Waiting.
2026-04-17 07:03:13,117 [INFO] Pairs:XAUUSD
2026-04-17 07:03:13,118 [INFO] Sleeping for 1.0 minutes...
2026-04-17 07:03:52,525 [INFO] Waking up to check market conditions...
2026-04-17 07:03:52,577 [INFO] No valid setup. Waiting.
2026-04-17 07:03:52,577 [INFO] Pairs:BTCUSD
2026-04-17 07:03:52,579 [INFO] Sleeping for 1.0 minutes...
2026-04-17 07:04:13,119 [INFO] Waking up to check market conditions...
2026-04-17 07:04:13,154 [INFO] No valid setup. Waiting.
2026-04-17 07:04:13,155 [INFO] Pairs:XAUUSD
2026-04-17 07:04:13,156 [INFO] Sleeping for 1.0 minutes...
2026-04-17 07:04:52,580 [INFO] Waking up to check market conditions...
2026-04-17 07:04:52,631 [INFO] No valid setup. Waiting.
2026-04-17 07:04:52,631 [INFO] Pairs:BTCUSD
2026-04-17 07:04:52,633 [INFO] Sleeping for 1.0 minutes...
2026-04-17 07:05:13,157 [INFO] Waking up to check market conditions...
2026-04-17 07:05:13,193 [INFO] No valid setup. Waiting.
2026-04-17 07:05:13,194 [INFO] Pairs:XAUUSD
2026-04-17 07:05:13,195 [INFO] Sleeping for 1.0 minutes...
2026-04-17 07:05:52,633 [INFO] Waking up to check market conditions...
2026-04-17 07:05:52,685 [INFO] No valid setup. Waiting.
2026-04-17 07:05:52,686 [INFO] Pairs:BTCUSD
2026-04-17 07:05:52,687 [INFO] Sleeping for 1.0 minutes...
2026-04-17 07:06:13,196 [INFO] Waking up to check market conditions...
2026-04-17 07:06:13,232 [INFO] No valid setup. Waiting.
2026-04-17 07:06:13,233 [INFO] Pairs:XAUUSD
2026-04-17 07:06:13,234 [INFO] Sleeping for 1.0 minutes...
2026-04-17 07:06:52,688 [INFO] Waking up to check market conditions...
2026-04-17 07:06:52,739 [INFO] No valid setup. Waiting.
2026-04-17 07:06:52,740 [INFO] Pairs:BTCUSD
2026-04-17 07:06:52,741 [INFO] Sleeping for 1.0 minutes...
2026-04-17 07:07:13,236 [INFO] Waking up to check market conditions...
2026-04-17 07:07:13,271 [INFO] No valid setup. Waiting.
2026-04-17 07:07:13,271 [INFO] Pairs:XAUUSD
2026-04-17 07:07:13,273 [INFO] Sleeping for 1.0 minutes...
2026-04-17 07:07:52,742 [INFO] Waking up to check market conditions...
2026-04-17 07:07:52,795 [INFO] No valid setup. Waiting.
2026-04-17 07:07:52,795 [INFO] Pairs:BTCUSD
2026-04-17 07:07:52,797 [INFO] Sleeping for 1.0 minutes...
2026-04-17 07:08:13,273 [INFO] Waking up to check market conditions...
2026-04-17 07:08:13,309 [INFO] No valid setup. Waiting.
2026-04-17 07:08:13,310 [INFO] Pairs:XAUUSD
2026-04-17 07:08:13,311 [INFO] Sleeping for 1.0 minutes...
2026-04-17 07:08:52,797 [INFO] Waking up to check market conditions...
2026-04-17 07:08:52,849 [INFO] No valid setup. Waiting.
2026-04-17 07:08:52,850 [INFO] Pairs:BTCUSD
2026-04-17 07:08:52,851 [INFO] Sleeping for 1.0 minutes...
2026-04-17 07:09:13,312 [INFO] Waking up to check market conditions...
2026-04-17 07:09:13,347 [INFO] No valid setup. Waiting.
2026-04-17 07:09:13,348 [INFO] Pairs:XAUUSD
2026-04-17 07:09:13,349 [INFO] Sleeping for 1.0 minutes...
2026-04-17 07:09:52,852 [INFO] Waking up to check market conditions...
2026-04-17 07:09:52,902 [INFO] No valid setup. Waiting.
2026-04-17 07:09:52,903 [INFO] Pairs:BTCUSD
2026-04-17 07:09:52,904 [INFO] Sleeping for 1.0 minutes...
2026-04-17 07:10:13,350 [INFO] Waking up to check market conditions...
2026-04-17 07:10:13,386 [INFO] No valid setup. Waiting.
2026-04-17 07:10:13,387 [INFO] Pairs:XAUUSD
2026-04-17 07:10:13,388 [INFO] Sleeping for 1.0 minutes...
2026-04-17 07:10:52,905 [INFO] Waking up to check market conditions...
2026-04-17 07:10:52,957 [INFO] No valid setup. Waiting.
2026-04-17 07:10:52,957 [INFO] Pairs:BTCUSD
2026-04-17 07:10:52,958 [INFO] Sleeping for 1.0 minutes...
2026-04-17 07:11:13,389 [INFO] Waking up to check market conditions...
2026-04-17 07:11:13,425 [INFO] No valid setup. Waiting.
2026-04-17 07:11:13,425 [INFO] Pairs:XAUUSD
2026-04-17 07:11:13,427 [INFO] Sleeping for 1.0 minutes...
2026-04-17 07:11:52,959 [INFO] Waking up to check market conditions...
2026-04-17 07:11:53,012 [INFO] No valid setup. Waiting.
2026-04-17 07:11:53,012 [INFO] Pairs:BTCUSD
2026-04-17 07:11:53,014 [INFO] Sleeping for 1.0 minutes...
2026-04-17 07:12:13,428 [INFO] Waking up to check market conditions...
2026-04-17 07:12:13,464 [INFO] No valid setup. Waiting.
2026-04-17 07:12:13,464 [INFO] Pairs:XAUUSD
2026-04-17 07:12:13,466 [INFO] Sleeping for 1.0 minutes...
2026-04-17 07:12:53,014 [INFO] Waking up to check market conditions...
2026-04-17 07:12:53,066 [INFO] No valid setup. Waiting.
2026-04-17 07:12:53,066 [INFO] Pairs:BTCUSD
2026-04-17 07:12:53,068 [INFO] Sleeping for 1.0 minutes...
2026-04-17 07:13:13,467 [INFO] Waking up to check market conditions...
2026-04-17 07:13:13,502 [INFO] No valid setup. Waiting.
2026-04-17 07:13:13,503 [INFO] Pairs:XAUUSD
2026-04-17 07:13:13,504 [INFO] Sleeping for 1.0 minutes...
2026-04-17 07:13:53,069 [INFO] Waking up to check market conditions...
2026-04-17 07:13:53,121 [INFO] No valid setup. Waiting.
2026-04-17 07:13:53,121 [INFO] Pairs:BTCUSD
2026-04-17 07:13:53,123 [INFO] Sleeping for 1.0 minutes...
2026-04-17 07:14:13,505 [INFO] Waking up to check market conditions...
2026-04-17 07:14:13,541 [INFO] No valid setup. Waiting.
2026-04-17 07:14:13,541 [INFO] Pairs:XAUUSD
2026-04-17 07:14:13,543 [INFO] Sleeping for 1.0 minutes...
2026-04-17 07:14:53,124 [INFO] Waking up to check market conditions...
2026-04-17 07:14:53,176 [INFO] No valid setup. Waiting.
2026-04-17 07:14:53,176 [INFO] Pairs:BTCUSD
2026-04-17 07:14:53,178 [INFO] Sleeping for 1.0 minutes...
2026-04-17 07:15:13,544 [INFO] Waking up to check market conditions...
2026-04-17 07:15:13,579 [INFO] No valid setup. Waiting.
2026-04-17 07:15:13,580 [INFO] Pairs:XAUUSD
2026-04-17 07:15:13,581 [INFO] Sleeping for 1.0 minutes...
2026-04-17 07:15:53,179 [INFO] Waking up to check market conditions...
2026-04-17 07:15:53,231 [INFO] No valid setup. Waiting.
2026-04-17 07:15:53,231 [INFO] Pairs:BTCUSD
2026-04-17 07:15:53,233 [INFO] Sleeping for 1.0 minutes...
2026-04-17 07:16:13,582 [INFO] Waking up to check market conditions...
2026-04-17 07:16:13,618 [INFO] No valid setup. Waiting.
2026-04-17 07:16:13,619 [INFO] Pairs:XAUUSD
2026-04-17 07:16:13,620 [INFO] Sleeping for 1.0 minutes...
2026-04-17 07:16:53,233 [INFO] Waking up to check market conditions...
2026-04-17 07:16:53,286 [INFO] No valid setup. Waiting.
2026-04-17 07:16:53,287 [INFO] Pairs:BTCUSD
2026-04-17 07:16:53,288 [INFO] Sleeping for 1.0 minutes...
2026-04-17 07:17:13,621 [INFO] Waking up to check market conditions...
2026-04-17 07:17:13,657 [INFO] No valid setup. Waiting.
2026-04-17 07:17:13,658 [INFO] Pairs:XAUUSD
2026-04-17 07:17:13,659 [INFO] Sleeping for 1.0 minutes...
2026-04-17 07:17:53,289 [INFO] Waking up to check market conditions...
2026-04-17 07:17:53,340 [INFO] No valid setup. Waiting.
2026-04-17 07:17:53,341 [INFO] Pairs:BTCUSD
2026-04-17 07:17:53,342 [INFO] Sleeping for 1.0 minutes...
2026-04-17 07:18:13,661 [INFO] Waking up to check market conditions...
2026-04-17 07:18:13,697 [INFO] No valid setup. Waiting.
2026-04-17 07:18:13,698 [INFO] Pairs:XAUUSD
2026-04-17 07:18:13,699 [INFO] Sleeping for 1.0 minutes...
2026-04-17 07:18:53,343 [INFO] Waking up to check market conditions...
2026-04-17 07:18:53,396 [INFO] No valid setup. Waiting.
2026-04-17 07:18:53,396 [INFO] Pairs:BTCUSD
2026-04-17 07:18:53,397 [INFO] Sleeping for 1.0 minutes...
2026-04-17 07:19:13,700 [INFO] Waking up to check market conditions...
2026-04-17 07:19:13,736 [INFO] No valid setup. Waiting.
2026-04-17 07:19:13,737 [INFO] Pairs:XAUUSD
2026-04-17 07:19:13,738 [INFO] Sleeping for 1.0 minutes...
2026-04-17 07:19:53,399 [INFO] Waking up to check market conditions...
2026-04-17 07:19:53,450 [INFO] No valid setup. Waiting.
2026-04-17 07:19:53,451 [INFO] Pairs:BTCUSD
2026-04-17 07:19:53,452 [INFO] Sleeping for 1.0 minutes...
2026-04-17 07:20:13,739 [INFO] Waking up to check market conditions...
2026-04-17 07:20:13,776 [INFO] No valid setup. Waiting.
2026-04-17 07:20:13,776 [INFO] Pairs:XAUUSD
2026-04-17 07:20:13,778 [INFO] Sleeping for 1.0 minutes...
2026-04-17 07:20:53,453 [INFO] Waking up to check market conditions...
2026-04-17 07:20:53,505 [INFO] No valid setup. Waiting.
2026-04-17 07:20:53,505 [INFO] Pairs:BTCUSD
2026-04-17 07:20:53,507 [INFO] Sleeping for 1.0 minutes...
2026-04-17 07:21:13,779 [INFO] Waking up to check market conditions...
2026-04-17 07:21:13,815 [INFO] No valid setup. Waiting.
2026-04-17 07:21:13,815 [INFO] Pairs:XAUUSD
2026-04-17 07:21:13,816 [INFO] Sleeping for 1.0 minutes...
2026-04-17 07:21:53,508 [INFO] Waking up to check market conditions...
2026-04-17 07:21:53,559 [INFO] No valid setup. Waiting.
2026-04-17 07:21:53,559 [INFO] Pairs:BTCUSD
2026-04-17 07:21:53,561 [INFO] Sleeping for 1.0 minutes...
2026-04-17 07:22:13,817 [INFO] Waking up to check market conditions...
2026-04-17 07:22:13,853 [INFO] No valid setup. Waiting.
2026-04-17 07:22:13,853 [INFO] Pairs:XAUUSD
2026-04-17 07:22:13,855 [INFO] Sleeping for 1.0 minutes...
2026-04-17 07:22:53,562 [INFO] Waking up to check market conditions...
2026-04-17 07:22:53,612 [INFO] No valid setup. Waiting.
2026-04-17 07:22:53,613 [INFO] Pairs:BTCUSD
2026-04-17 07:22:53,614 [INFO] Sleeping for 1.0 minutes...
2026-04-17 07:23:13,856 [INFO] Waking up to check market conditions...
2026-04-17 07:23:13,892 [INFO] No valid setup. Waiting.
2026-04-17 07:23:13,893 [INFO] Pairs:XAUUSD
2026-04-17 07:23:13,894 [INFO] Sleeping for 1.0 minutes...
2026-04-17 07:23:53,616 [INFO] Waking up to check market conditions...
2026-04-17 07:23:53,667 [INFO] No valid setup. Waiting.
2026-04-17 07:23:53,668 [INFO] Pairs:BTCUSD
2026-04-17 07:23:53,669 [INFO] Sleeping for 1.0 minutes...
2026-04-17 07:24:13,895 [INFO] Waking up to check market conditions...
2026-04-17 07:24:13,931 [INFO] No valid setup. Waiting.
2026-04-17 07:24:13,932 [INFO] Pairs:XAUUSD
2026-04-17 07:24:13,933 [INFO] Sleeping for 1.0 minutes...
2026-04-17 07:24:53,670 [INFO] Waking up to check market conditions...
2026-04-17 07:24:53,721 [INFO] No valid setup. Waiting.
2026-04-17 07:24:53,721 [INFO] Pairs:BTCUSD
2026-04-17 07:24:53,723 [INFO] Sleeping for 1.0 minutes...
2026-04-17 07:25:13,934 [INFO] Waking up to check market conditions...
2026-04-17 07:25:13,970 [INFO] No valid setup. Waiting.
2026-04-17 07:25:13,971 [INFO] Pairs:XAUUSD
2026-04-17 07:25:13,972 [INFO] Sleeping for 1.0 minutes...
2026-04-17 07:25:53,724 [INFO] Waking up to check market conditions...
2026-04-17 07:25:53,775 [INFO] No valid setup. Waiting.
2026-04-17 07:25:53,776 [INFO] Pairs:BTCUSD
2026-04-17 07:25:53,777 [INFO] Sleeping for 1.0 minutes...
2026-04-17 07:26:13,973 [INFO] Waking up to check market conditions...
2026-04-17 07:26:14,010 [INFO] No valid setup. Waiting.
2026-04-17 07:26:14,010 [INFO] Pairs:XAUUSD
2026-04-17 07:26:14,011 [INFO] Sleeping for 1.0 minutes...
2026-04-17 07:26:53,778 [INFO] Waking up to check market conditions...
2026-04-17 07:26:53,829 [INFO] No valid setup. Waiting.
2026-04-17 07:26:53,830 [INFO] Pairs:BTCUSD
2026-04-17 07:26:53,831 [INFO] Sleeping for 1.0 minutes...
2026-04-17 07:27:14,012 [INFO] Waking up to check market conditions...
2026-04-17 07:27:14,048 [INFO] No valid setup. Waiting.
2026-04-17 07:27:14,049 [INFO] Pairs:XAUUSD
2026-04-17 07:27:14,050 [INFO] Sleeping for 1.0 minutes...
2026-04-17 07:27:53,832 [INFO] Waking up to check market conditions...
2026-04-17 07:27:53,884 [INFO] No valid setup. Waiting.
2026-04-17 07:27:53,885 [INFO] Pairs:BTCUSD
2026-04-17 07:27:53,886 [INFO] Sleeping for 1.0 minutes...
2026-04-17 07:28:14,051 [INFO] Waking up to check market conditions...
2026-04-17 07:28:14,087 [INFO] No valid setup. Waiting.
2026-04-17 07:28:14,088 [INFO] Pairs:XAUUSD
2026-04-17 07:28:14,089 [INFO] Sleeping for 1.0 minutes...
2026-04-17 07:28:53,887 [INFO] Waking up to check market conditions...
2026-04-17 07:28:53,938 [INFO] No valid setup. Waiting.
2026-04-17 07:28:53,939 [INFO] Pairs:BTCUSD
2026-04-17 07:28:53,940 [INFO] Sleeping for 1.0 minutes...
2026-04-17 07:29:14,090 [INFO] Waking up to check market conditions...
2026-04-17 07:29:14,126 [INFO] No valid setup. Waiting.
2026-04-17 07:29:14,126 [INFO] Pairs:XAUUSD
2026-04-17 07:29:14,128 [INFO] Sleeping for 1.0 minutes...
2026-04-17 07:29:53,941 [INFO] Waking up to check market conditions...
2026-04-17 07:29:53,992 [INFO] No valid setup. Waiting.
2026-04-17 07:29:53,993 [INFO] Pairs:BTCUSD
2026-04-17 07:29:53,994 [INFO] Sleeping for 1.0 minutes...
2026-04-17 07:30:14,129 [INFO] Waking up to check market conditions...
2026-04-17 07:30:14,164 [INFO] No valid setup. Waiting.
2026-04-17 07:30:14,165 [INFO] Pairs:XAUUSD
2026-04-17 07:30:14,166 [INFO] Sleeping for 1.0 minutes...
2026-04-17 07:30:53,995 [INFO] Waking up to check market conditions...
2026-04-17 07:30:54,046 [INFO] No valid setup. Waiting.
2026-04-17 07:30:54,047 [INFO] Pairs:BTCUSD
2026-04-17 07:30:54,048 [INFO] Sleeping for 1.0 minutes...
2026-04-17 07:31:14,167 [INFO] Waking up to check market conditions...
2026-04-17 07:31:14,204 [INFO] No valid setup. Waiting.
2026-04-17 07:31:14,204 [INFO] Pairs:XAUUSD
2026-04-17 07:31:14,206 [INFO] Sleeping for 1.0 minutes...
2026-04-17 07:31:54,049 [INFO] Waking up to check market conditions...
2026-04-17 07:31:54,101 [INFO] No valid setup. Waiting.
2026-04-17 07:31:54,101 [INFO] Pairs:BTCUSD
2026-04-17 07:31:54,103 [INFO] Sleeping for 1.0 minutes...
2026-04-17 07:32:14,207 [INFO] Waking up to check market conditions...
2026-04-17 07:32:14,243 [INFO] No valid setup. Waiting.
2026-04-17 07:32:14,244 [INFO] Pairs:XAUUSD
2026-04-17 07:32:14,245 [INFO] Sleeping for 1.0 minutes...
2026-04-17 07:32:54,103 [INFO] Waking up to check market conditions...
2026-04-17 07:32:54,154 [INFO] No valid setup. Waiting.
2026-04-17 07:32:54,155 [INFO] Pairs:BTCUSD
2026-04-17 07:32:54,156 [INFO] Sleeping for 1.0 minutes...
2026-04-17 07:33:14,246 [INFO] Waking up to check market conditions...
2026-04-17 07:33:14,282 [INFO] No valid setup. Waiting.
2026-04-17 07:33:14,282 [INFO] Pairs:XAUUSD
2026-04-17 07:33:14,284 [INFO] Sleeping for 1.0 minutes...
2026-04-17 07:33:54,157 [INFO] Waking up to check market conditions...
2026-04-17 07:33:54,209 [INFO] No valid setup. Waiting.
2026-04-17 07:33:54,209 [INFO] Pairs:BTCUSD
2026-04-17 07:33:54,211 [INFO] Sleeping for 1.0 minutes...
2026-04-17 07:34:14,285 [INFO] Waking up to check market conditions...
2026-04-17 07:34:14,321 [INFO] No valid setup. Waiting.
2026-04-17 07:34:14,321 [INFO] Pairs:XAUUSD
2026-04-17 07:34:14,323 [INFO] Sleeping for 1.0 minutes...
2026-04-17 07:34:54,212 [INFO] Waking up to check market conditions...
2026-04-17 07:34:54,264 [INFO] No valid setup. Waiting.
2026-04-17 07:34:54,264 [INFO] Pairs:BTCUSD
2026-04-17 07:34:54,266 [INFO] Sleeping for 1.0 minutes...
2026-04-17 07:35:14,324 [INFO] Waking up to check market conditions...
2026-04-17 07:35:14,360 [INFO] No valid setup. Waiting.
2026-04-17 07:35:14,360 [INFO] Pairs:XAUUSD
2026-04-17 07:35:14,362 [INFO] Sleeping for 1.0 minutes...
2026-04-17 07:35:54,267 [INFO] Waking up to check market conditions...
2026-04-17 07:35:54,319 [INFO] No valid setup. Waiting.
2026-04-17 07:35:54,319 [INFO] Pairs:BTCUSD
2026-04-17 07:35:54,321 [INFO] Sleeping for 1.0 minutes...
2026-04-17 07:36:14,363 [INFO] Waking up to check market conditions...
2026-04-17 07:36:14,399 [INFO] No valid setup. Waiting.
2026-04-17 07:36:14,399 [INFO] Pairs:XAUUSD
2026-04-17 07:36:14,401 [INFO] Sleeping for 1.0 minutes...
2026-04-17 07:36:54,321 [INFO] Waking up to check market conditions...
2026-04-17 07:36:54,373 [INFO] No valid setup. Waiting.
2026-04-17 07:36:54,374 [INFO] Pairs:BTCUSD
2026-04-17 07:36:54,375 [INFO] Sleeping for 1.0 minutes...
2026-04-17 07:37:14,402 [INFO] Waking up to check market conditions...
2026-04-17 07:37:14,438 [INFO] No valid setup. Waiting.
2026-04-17 07:37:14,438 [INFO] Pairs:XAUUSD
2026-04-17 07:37:14,440 [INFO] Sleeping for 1.0 minutes...
2026-04-17 07:37:54,376 [INFO] Waking up to check market conditions...
2026-04-17 07:37:54,427 [INFO] No valid setup. Waiting.
2026-04-17 07:37:54,428 [INFO] Pairs:BTCUSD
2026-04-17 07:37:54,429 [INFO] Sleeping for 1.0 minutes...
2026-04-17 07:38:14,441 [INFO] Waking up to check market conditions...
2026-04-17 07:38:14,477 [INFO] No valid setup. Waiting.
2026-04-17 07:38:14,477 [INFO] Pairs:XAUUSD
2026-04-17 07:38:14,478 [INFO] Sleeping for 1.0 minutes...
2026-04-17 07:38:54,430 [INFO] Waking up to check market conditions...
2026-04-17 07:38:54,481 [INFO] No valid setup. Waiting.
2026-04-17 07:38:54,481 [INFO] Pairs:BTCUSD
2026-04-17 07:38:54,483 [INFO] Sleeping for 1.0 minutes...
2026-04-17 07:39:14,479 [INFO] Waking up to check market conditions...
2026-04-17 07:39:14,515 [INFO] No valid setup. Waiting.
2026-04-17 07:39:14,516 [INFO] Pairs:XAUUSD
2026-04-17 07:39:14,517 [INFO] Sleeping for 1.0 minutes...
2026-04-17 07:39:54,484 [INFO] Waking up to check market conditions...
2026-04-17 07:39:54,529 [INFO] No valid setup. Waiting.
2026-04-17 07:39:54,529 [INFO] Pairs:BTCUSD
2026-04-17 07:39:54,531 [INFO] Sleeping for 1.0 minutes...
2026-04-17 07:40:14,518 [INFO] Waking up to check market conditions...
2026-04-17 07:40:14,554 [INFO] No valid setup. Waiting.
2026-04-17 07:40:14,555 [INFO] Pairs:XAUUSD
2026-04-17 07:40:14,556 [INFO] Sleeping for 1.0 minutes...
2026-04-17 07:40:54,534 [INFO] Waking up to check market conditions...
2026-04-17 07:40:54,586 [INFO] No valid setup. Waiting.
2026-04-17 07:40:54,587 [INFO] Pairs:BTCUSD
2026-04-17 07:40:54,588 [INFO] Sleeping for 1.0 minutes...
2026-04-17 07:41:14,557 [INFO] Waking up to check market conditions...
2026-04-17 07:41:14,593 [INFO] No valid setup. Waiting.
2026-04-17 07:41:14,594 [INFO] Pairs:XAUUSD
2026-04-17 07:41:14,595 [INFO] Sleeping for 1.0 minutes...
2026-04-17 07:41:54,589 [INFO] Waking up to check market conditions...
2026-04-17 07:41:54,639 [INFO] No valid setup. Waiting.
2026-04-17 07:41:54,639 [INFO] Pairs:BTCUSD
2026-04-17 07:41:54,641 [INFO] Sleeping for 1.0 minutes...
2026-04-17 07:42:14,596 [INFO] Waking up to check market conditions...
2026-04-17 07:42:14,632 [INFO] No valid setup. Waiting.
2026-04-17 07:42:14,633 [INFO] Pairs:XAUUSD
2026-04-17 07:42:14,634 [INFO] Sleeping for 1.0 minutes...
2026-04-17 07:42:54,642 [INFO] Waking up to check market conditions...
2026-04-17 07:42:54,693 [INFO] No valid setup. Waiting.
2026-04-17 07:42:54,694 [INFO] Pairs:BTCUSD
2026-04-17 07:42:54,695 [INFO] Sleeping for 1.0 minutes...
2026-04-17 07:43:14,635 [INFO] Waking up to check market conditions...
2026-04-17 07:43:14,671 [INFO] No valid setup. Waiting.
2026-04-17 07:43:14,672 [INFO] Pairs:XAUUSD
2026-04-17 07:43:14,673 [INFO] Sleeping for 1.0 minutes...
2026-04-17 07:43:54,696 [INFO] Waking up to check market conditions...
2026-04-17 07:43:54,746 [INFO] No valid setup. Waiting.
2026-04-17 07:43:54,746 [INFO] Pairs:BTCUSD
2026-04-17 07:43:54,747 [INFO] Sleeping for 1.0 minutes...
2026-04-17 07:44:14,675 [INFO] Waking up to check market conditions...
2026-04-17 07:44:14,710 [INFO] No valid setup. Waiting.
2026-04-17 07:44:14,711 [INFO] Pairs:XAUUSD
2026-04-17 07:44:14,712 [INFO] Sleeping for 1.0 minutes...
2026-04-17 07:44:54,748 [INFO] Waking up to check market conditions...
2026-04-17 07:44:54,800 [INFO] No valid setup. Waiting.
2026-04-17 07:44:54,801 [INFO] Pairs:BTCUSD
2026-04-17 07:44:54,802 [INFO] Sleeping for 1.0 minutes...
2026-04-17 07:45:14,713 [INFO] Waking up to check market conditions...
2026-04-17 07:45:14,750 [INFO] No valid setup. Waiting.
2026-04-17 07:45:14,750 [INFO] Pairs:XAUUSD
2026-04-17 07:45:14,752 [INFO] Sleeping for 1.0 minutes...
2026-04-17 07:45:54,803 [INFO] Waking up to check market conditions...
2026-04-17 07:45:54,855 [INFO] No valid setup. Waiting.
2026-04-17 07:45:54,856 [INFO] Pairs:BTCUSD
2026-04-17 07:45:54,857 [INFO] Sleeping for 1.0 minutes...
2026-04-17 07:46:14,753 [INFO] Waking up to check market conditions...
2026-04-17 07:46:14,789 [INFO] No valid setup. Waiting.
2026-04-17 07:46:14,789 [INFO] Pairs:XAUUSD
2026-04-17 07:46:14,791 [INFO] Sleeping for 1.0 minutes...
2026-04-17 07:46:54,858 [INFO] Waking up to check market conditions...
2026-04-17 07:46:54,910 [INFO] No valid setup. Waiting.
2026-04-17 07:46:54,911 [INFO] Pairs:BTCUSD
2026-04-17 07:46:54,912 [INFO] Sleeping for 1.0 minutes...
2026-04-17 07:47:14,792 [INFO] Waking up to check market conditions...
2026-04-17 07:47:14,827 [INFO] No valid setup. Waiting.
2026-04-17 07:47:14,827 [INFO] Pairs:XAUUSD
2026-04-17 07:47:14,829 [INFO] Sleeping for 1.0 minutes...
2026-04-17 07:47:54,913 [INFO] Waking up to check market conditions...
2026-04-17 07:47:54,964 [INFO] No valid setup. Waiting.
2026-04-17 07:47:54,965 [INFO] Pairs:BTCUSD
2026-04-17 07:47:54,966 [INFO] Sleeping for 1.0 minutes...
2026-04-17 07:48:14,830 [INFO] Waking up to check market conditions...
2026-04-17 07:48:14,866 [INFO] No valid setup. Waiting.
2026-04-17 07:48:14,866 [INFO] Pairs:XAUUSD
2026-04-17 07:48:14,868 [INFO] Sleeping for 1.0 minutes...
2026-04-17 07:48:54,967 [INFO] Waking up to check market conditions...
2026-04-17 07:48:55,019 [INFO] No valid setup. Waiting.
2026-04-17 07:48:55,019 [INFO] Pairs:BTCUSD
2026-04-17 07:48:55,021 [INFO] Sleeping for 1.0 minutes...
2026-04-17 07:49:14,869 [INFO] Waking up to check market conditions...
2026-04-17 07:49:14,905 [INFO] No valid setup. Waiting.
2026-04-17 07:49:14,906 [INFO] Pairs:XAUUSD
2026-04-17 07:49:14,907 [INFO] Sleeping for 1.0 minutes...
2026-04-17 07:49:55,022 [INFO] Waking up to check market conditions...
2026-04-17 07:49:55,074 [INFO] No valid setup. Waiting.
2026-04-17 07:49:55,074 [INFO] Pairs:BTCUSD
2026-04-17 07:49:55,076 [INFO] Sleeping for 1.0 minutes...
2026-04-17 07:50:14,908 [INFO] Waking up to check market conditions...
2026-04-17 07:50:14,944 [INFO] No valid setup. Waiting.
2026-04-17 07:50:14,944 [INFO] Pairs:XAUUSD
2026-04-17 07:50:14,946 [INFO] Sleeping for 1.0 minutes...
2026-04-17 07:50:55,077 [INFO] Waking up to check market conditions...
2026-04-17 07:50:55,128 [INFO] No valid setup. Waiting.
2026-04-17 07:50:55,129 [INFO] Pairs:BTCUSD
2026-04-17 07:50:55,130 [INFO] Sleeping for 1.0 minutes...
2026-04-17 07:51:14,947 [INFO] Waking up to check market conditions...
2026-04-17 07:51:14,983 [INFO] No valid setup. Waiting.
2026-04-17 07:51:14,983 [INFO] Pairs:XAUUSD
2026-04-17 07:51:14,985 [INFO] Sleeping for 1.0 minutes...
2026-04-17 07:51:55,132 [INFO] Waking up to check market conditions...
2026-04-17 07:51:55,184 [INFO] No valid setup. Waiting.
2026-04-17 07:51:55,185 [INFO] Pairs:BTCUSD
2026-04-17 07:51:55,186 [INFO] Sleeping for 1.0 minutes...
2026-04-17 07:52:14,986 [INFO] Waking up to check market conditions...
2026-04-17 07:52:15,022 [INFO] No valid setup. Waiting.
2026-04-17 07:52:15,022 [INFO] Pairs:XAUUSD
2026-04-17 07:52:15,024 [INFO] Sleeping for 1.0 minutes...
2026-04-17 07:52:55,187 [INFO] Waking up to check market conditions...
2026-04-17 07:52:55,238 [INFO] No valid setup. Waiting.
2026-04-17 07:52:55,239 [INFO] Pairs:BTCUSD
2026-04-17 07:52:55,240 [INFO] Sleeping for 1.0 minutes...
2026-04-17 07:53:15,025 [INFO] Waking up to check market conditions...
2026-04-17 07:53:15,060 [INFO] No valid setup. Waiting.
2026-04-17 07:53:15,060 [INFO] Pairs:XAUUSD
2026-04-17 07:53:15,062 [INFO] Sleeping for 1.0 minutes...
2026-04-17 07:53:55,241 [INFO] Waking up to check market conditions...
2026-04-17 07:53:55,293 [INFO] No valid setup. Waiting.
2026-04-17 07:53:55,294 [INFO] Pairs:BTCUSD
2026-04-17 07:53:55,295 [INFO] Sleeping for 1.0 minutes...
2026-04-17 07:54:15,063 [INFO] Waking up to check market conditions...
2026-04-17 07:54:15,098 [INFO] No valid setup. Waiting.
2026-04-17 07:54:15,099 [INFO] Pairs:XAUUSD
2026-04-17 07:54:15,100 [INFO] Sleeping for 1.0 minutes...
2026-04-17 07:54:55,296 [INFO] Waking up to check market conditions...
2026-04-17 07:54:55,348 [INFO] No valid setup. Waiting.
2026-04-17 07:54:55,348 [INFO] Pairs:BTCUSD
2026-04-17 07:54:55,350 [INFO] Sleeping for 1.0 minutes...
2026-04-17 07:55:15,101 [INFO] Waking up to check market conditions...
2026-04-17 07:55:15,137 [INFO] No valid setup. Waiting.
2026-04-17 07:55:15,138 [INFO] Pairs:XAUUSD
2026-04-17 07:55:15,139 [INFO] Sleeping for 1.0 minutes...
2026-04-17 07:55:55,351 [INFO] Waking up to check market conditions...
2026-04-17 07:55:55,402 [INFO] No valid setup. Waiting.
2026-04-17 07:55:55,402 [INFO] Pairs:BTCUSD
2026-04-17 07:55:55,404 [INFO] Sleeping for 1.0 minutes...
2026-04-17 07:56:15,140 [INFO] Waking up to check market conditions...
2026-04-17 07:56:15,177 [INFO] No valid setup. Waiting.
2026-04-17 07:56:15,177 [INFO] Pairs:XAUUSD
2026-04-17 07:56:15,179 [INFO] Sleeping for 1.0 minutes...
2026-04-17 07:56:55,405 [INFO] Waking up to check market conditions...
2026-04-17 07:56:55,458 [INFO] No valid setup. Waiting.
2026-04-17 07:56:55,458 [INFO] Pairs:BTCUSD
2026-04-17 07:56:55,460 [INFO] Sleeping for 1.0 minutes...
2026-04-17 07:57:15,180 [INFO] Waking up to check market conditions...
2026-04-17 07:57:15,215 [INFO] No valid setup. Waiting.
2026-04-17 07:57:15,216 [INFO] Pairs:XAUUSD
2026-04-17 07:57:15,217 [INFO] Sleeping for 1.0 minutes...
2026-04-17 07:57:55,461 [INFO] Waking up to check market conditions...
2026-04-17 07:57:55,514 [INFO] No valid setup. Waiting.
2026-04-17 07:57:55,514 [INFO] Pairs:BTCUSD
2026-04-17 07:57:55,515 [INFO] Sleeping for 1.0 minutes...
2026-04-17 07:58:15,219 [INFO] Waking up to check market conditions...
2026-04-17 07:58:15,255 [INFO] No valid setup. Waiting.
2026-04-17 07:58:15,255 [INFO] Pairs:XAUUSD
2026-04-17 07:58:15,257 [INFO] Sleeping for 1.0 minutes...
2026-04-17 07:58:55,516 [INFO] Waking up to check market conditions...
2026-04-17 07:58:55,569 [INFO] No valid setup. Waiting.
2026-04-17 07:58:55,570 [INFO] Pairs:BTCUSD
2026-04-17 07:58:55,571 [INFO] Sleeping for 1.0 minutes...
2026-04-17 07:59:15,258 [INFO] Waking up to check market conditions...
2026-04-17 07:59:15,294 [INFO] No valid setup. Waiting.
2026-04-17 07:59:15,294 [INFO] Pairs:XAUUSD
2026-04-17 07:59:15,296 [INFO] Sleeping for 1.0 minutes...
2026-04-17 07:59:55,572 [INFO] Waking up to check market conditions...
2026-04-17 07:59:55,623 [INFO] No valid setup. Waiting.
2026-04-17 07:59:55,624 [INFO] Pairs:BTCUSD
2026-04-17 07:59:55,625 [INFO] Sleeping for 1.0 minutes...
2026-04-17 08:00:15,297 [INFO] Waking up to check market conditions...
2026-04-17 08:00:15,332 [INFO] No valid setup. Waiting.
2026-04-17 08:00:15,333 [INFO] Pairs:XAUUSD
2026-04-17 08:00:15,334 [INFO] Sleeping for 1.0 minutes...
2026-04-17 08:00:55,626 [INFO] Waking up to check market conditions...
2026-04-17 08:00:55,677 [INFO] No valid setup. Waiting.
2026-04-17 08:00:55,678 [INFO] Pairs:BTCUSD
2026-04-17 08:00:55,679 [INFO] Sleeping for 1.0 minutes...
2026-04-17 08:01:15,335 [INFO] Waking up to check market conditions...
2026-04-17 08:01:15,371 [INFO] No valid setup. Waiting.
2026-04-17 08:01:15,371 [INFO] Pairs:XAUUSD
2026-04-17 08:01:15,373 [INFO] Sleeping for 1.0 minutes...
2026-04-17 08:01:55,680 [INFO] Waking up to check market conditions...
2026-04-17 08:01:55,729 [INFO] No valid setup. Waiting.
2026-04-17 08:01:55,730 [INFO] Pairs:BTCUSD
2026-04-17 08:01:55,731 [INFO] Sleeping for 1.0 minutes...
2026-04-17 08:02:15,374 [INFO] Waking up to check market conditions...
2026-04-17 08:02:15,409 [INFO] No valid setup. Waiting.
2026-04-17 08:02:15,410 [INFO] Pairs:XAUUSD
2026-04-17 08:02:15,411 [INFO] Sleeping for 1.0 minutes...
2026-04-17 08:02:55,732 [INFO] Waking up to check market conditions...
2026-04-17 08:02:55,784 [INFO] No valid setup. Waiting.
2026-04-17 08:02:55,784 [INFO] Pairs:BTCUSD
2026-04-17 08:02:55,786 [INFO] Sleeping for 1.0 minutes...
2026-04-17 08:03:15,413 [INFO] Waking up to check market conditions...
2026-04-17 08:03:15,448 [INFO] No valid setup. Waiting.
2026-04-17 08:03:15,448 [INFO] Pairs:XAUUSD
2026-04-17 08:03:15,449 [INFO] Sleeping for 1.0 minutes...
2026-04-17 08:03:55,786 [INFO] Waking up to check market conditions...
2026-04-17 08:03:55,838 [INFO] No valid setup. Waiting.
2026-04-17 08:03:55,839 [INFO] Pairs:BTCUSD
2026-04-17 08:03:55,840 [INFO] Sleeping for 1.0 minutes...
2026-04-17 08:04:15,450 [INFO] Waking up to check market conditions...
2026-04-17 08:04:15,487 [INFO] No valid setup. Waiting.
2026-04-17 08:04:15,488 [INFO] Pairs:XAUUSD
2026-04-17 08:04:15,489 [INFO] Sleeping for 1.0 minutes...
2026-04-17 08:04:55,841 [INFO] Waking up to check market conditions...
2026-04-17 08:04:55,892 [INFO] No valid setup. Waiting.
2026-04-17 08:04:55,893 [INFO] Pairs:BTCUSD
2026-04-17 08:04:55,894 [INFO] Sleeping for 1.0 minutes...
2026-04-17 08:05:15,490 [INFO] Waking up to check market conditions...
2026-04-17 08:05:15,527 [INFO] No valid setup. Waiting.
2026-04-17 08:05:15,527 [INFO] Pairs:XAUUSD
2026-04-17 08:05:15,529 [INFO] Sleeping for 1.0 minutes...
2026-04-17 08:05:55,895 [INFO] Waking up to check market conditions...
2026-04-17 08:05:55,948 [INFO] No valid setup. Waiting.
2026-04-17 08:05:55,948 [INFO] Pairs:BTCUSD
2026-04-17 08:05:55,950 [INFO] Sleeping for 1.0 minutes...
2026-04-17 08:06:15,530 [INFO] Waking up to check market conditions...
2026-04-17 08:06:15,566 [INFO] No valid setup. Waiting.
2026-04-17 08:06:15,566 [INFO] Pairs:XAUUSD
2026-04-17 08:06:15,568 [INFO] Sleeping for 1.0 minutes...
2026-04-17 08:06:55,951 [INFO] Waking up to check market conditions...
2026-04-17 08:06:56,003 [INFO] No valid setup. Waiting.
2026-04-17 08:06:56,004 [INFO] Pairs:BTCUSD
2026-04-17 08:06:56,005 [INFO] Sleeping for 1.0 minutes...
2026-04-17 08:07:15,569 [INFO] Waking up to check market conditions...
2026-04-17 08:07:15,604 [INFO] No valid setup. Waiting.
2026-04-17 08:07:15,605 [INFO] Pairs:XAUUSD
2026-04-17 08:07:15,606 [INFO] Sleeping for 1.0 minutes...
2026-04-17 08:07:56,006 [INFO] Waking up to check market conditions...
2026-04-17 08:07:56,059 [INFO] No valid setup. Waiting.
2026-04-17 08:07:56,059 [INFO] Pairs:BTCUSD
2026-04-17 08:07:56,061 [INFO] Sleeping for 1.0 minutes...
2026-04-17 08:08:15,608 [INFO] Waking up to check market conditions...
2026-04-17 08:08:15,643 [INFO] No valid setup. Waiting.
2026-04-17 08:08:15,643 [INFO] Pairs:XAUUSD
2026-04-17 08:08:15,645 [INFO] Sleeping for 1.0 minutes...
2026-04-17 08:08:56,061 [INFO] Waking up to check market conditions...
2026-04-17 08:08:56,112 [INFO] No valid setup. Waiting.
2026-04-17 08:08:56,113 [INFO] Pairs:BTCUSD
2026-04-17 08:08:56,114 [INFO] Sleeping for 1.0 minutes...
2026-04-17 08:09:15,646 [INFO] Waking up to check market conditions...
2026-04-17 08:09:15,681 [INFO] No valid setup. Waiting.
2026-04-17 08:09:15,681 [INFO] Pairs:XAUUSD
2026-04-17 08:09:15,682 [INFO] Sleeping for 1.0 minutes...
2026-04-17 08:09:56,115 [INFO] Waking up to check market conditions...
2026-04-17 08:09:56,167 [INFO] No valid setup. Waiting.
2026-04-17 08:09:56,167 [INFO] Pairs:BTCUSD
2026-04-17 08:09:56,169 [INFO] Sleeping for 1.0 minutes...
2026-04-17 08:10:15,683 [INFO] Waking up to check market conditions...
2026-04-17 08:10:15,719 [INFO] No valid setup. Waiting.
2026-04-17 08:10:15,720 [INFO] Pairs:XAUUSD
2026-04-17 08:10:15,721 [INFO] Sleeping for 1.0 minutes...
2026-04-17 08:10:56,170 [INFO] Waking up to check market conditions...
2026-04-17 08:10:56,221 [INFO] No valid setup. Waiting.
2026-04-17 08:10:56,222 [INFO] Pairs:BTCUSD
2026-04-17 08:10:56,223 [INFO] Sleeping for 1.0 minutes...
2026-04-17 08:11:15,722 [INFO] Waking up to check market conditions...
2026-04-17 08:11:15,759 [INFO] No valid setup. Waiting.
2026-04-17 08:11:15,759 [INFO] Pairs:XAUUSD
2026-04-17 08:11:15,760 [INFO] Sleeping for 1.0 minutes...
2026-04-17 08:11:56,224 [INFO] Waking up to check market conditions...
2026-04-17 08:11:56,276 [INFO] No valid setup. Waiting.
2026-04-17 08:11:56,277 [INFO] Pairs:BTCUSD
2026-04-17 08:11:56,278 [INFO] Sleeping for 1.0 minutes...
2026-04-17 08:12:15,762 [INFO] Waking up to check market conditions...
2026-04-17 08:12:15,797 [INFO] No valid setup. Waiting.
2026-04-17 08:12:15,798 [INFO] Pairs:XAUUSD
2026-04-17 08:12:15,799 [INFO] Sleeping for 1.0 minutes...
2026-04-17 08:12:56,279 [INFO] Waking up to check market conditions...
2026-04-17 08:12:56,332 [INFO] No valid setup. Waiting.
2026-04-17 08:12:56,332 [INFO] Pairs:BTCUSD
2026-04-17 08:12:56,334 [INFO] Sleeping for 1.0 minutes...
2026-04-17 08:13:15,800 [INFO] Waking up to check market conditions...
2026-04-17 08:13:15,836 [INFO] No valid setup. Waiting.
2026-04-17 08:13:15,837 [INFO] Pairs:XAUUSD
2026-04-17 08:13:15,838 [INFO] Sleeping for 1.0 minutes...
2026-04-17 08:13:56,335 [INFO] Waking up to check market conditions...
2026-04-17 08:13:56,385 [INFO] No valid setup. Waiting.
2026-04-17 08:13:56,386 [INFO] Pairs:BTCUSD
2026-04-17 08:13:56,387 [INFO] Sleeping for 1.0 minutes...
2026-04-17 08:14:15,839 [INFO] Waking up to check market conditions...
2026-04-17 08:14:15,875 [INFO] No valid setup. Waiting.
2026-04-17 08:14:15,876 [INFO] Pairs:XAUUSD
2026-04-17 08:14:15,877 [INFO] Sleeping for 1.0 minutes...
2026-04-17 08:14:56,388 [INFO] Waking up to check market conditions...
2026-04-17 08:14:56,440 [INFO] No valid setup. Waiting.
2026-04-17 08:14:56,440 [INFO] Pairs:BTCUSD
2026-04-17 08:14:56,441 [INFO] Sleeping for 1.0 minutes...
2026-04-17 08:15:15,878 [INFO] Waking up to check market conditions...
2026-04-17 08:15:15,915 [INFO] No valid setup. Waiting.
2026-04-17 08:15:15,916 [INFO] Pairs:XAUUSD
2026-04-17 08:15:15,917 [INFO] Sleeping for 1.0 minutes...
2026-04-17 08:15:56,442 [INFO] Waking up to check market conditions...
2026-04-17 08:15:56,494 [INFO] No valid setup. Waiting.
2026-04-17 08:15:56,495 [INFO] Pairs:BTCUSD
2026-04-17 08:15:56,496 [INFO] Sleeping for 1.0 minutes...
2026-04-17 08:16:15,918 [INFO] Waking up to check market conditions...
2026-04-17 08:16:15,954 [INFO] No valid setup. Waiting.
2026-04-17 08:16:15,954 [INFO] Pairs:XAUUSD
2026-04-17 08:16:15,956 [INFO] Sleeping for 1.0 minutes...
2026-04-17 08:16:56,497 [INFO] Waking up to check market conditions...
2026-04-17 08:16:56,550 [INFO] No valid setup. Waiting.
2026-04-17 08:16:56,551 [INFO] Pairs:BTCUSD
2026-04-17 08:16:56,552 [INFO] Sleeping for 1.0 minutes...
2026-04-17 08:17:15,957 [INFO] Waking up to check market conditions...
2026-04-17 08:17:15,993 [INFO] No valid setup. Waiting.
2026-04-17 08:17:15,993 [INFO] Pairs:XAUUSD
2026-04-17 08:17:15,995 [INFO] Sleeping for 1.0 minutes...
2026-04-17 08:17:56,554 [INFO] Waking up to check market conditions...
2026-04-17 08:17:56,605 [INFO] No valid setup. Waiting.
2026-04-17 08:17:56,606 [INFO] Pairs:BTCUSD
2026-04-17 08:17:56,607 [INFO] Sleeping for 1.0 minutes...
2026-04-17 08:18:15,996 [INFO] Waking up to check market conditions...
2026-04-17 08:18:16,031 [INFO] No valid setup. Waiting.
2026-04-17 08:18:16,032 [INFO] Pairs:XAUUSD
2026-04-17 08:18:16,033 [INFO] Sleeping for 1.0 minutes...
2026-04-17 08:18:56,608 [INFO] Waking up to check market conditions...
2026-04-17 08:18:56,660 [INFO] No valid setup. Waiting.
2026-04-17 08:18:56,660 [INFO] Pairs:BTCUSD
2026-04-17 08:18:56,662 [INFO] Sleeping for 1.0 minutes...
2026-04-17 08:19:16,034 [INFO] Waking up to check market conditions...
2026-04-17 08:19:16,070 [INFO] No valid setup. Waiting.
2026-04-17 08:19:16,071 [INFO] Pairs:XAUUSD
2026-04-17 08:19:16,072 [INFO] Sleeping for 1.0 minutes...
2026-04-17 08:19:56,663 [INFO] Waking up to check market conditions...
2026-04-17 08:19:56,714 [INFO] No valid setup. Waiting.
2026-04-17 08:19:56,715 [INFO] Pairs:BTCUSD
2026-04-17 08:19:56,716 [INFO] Sleeping for 1.0 minutes...
2026-04-17 08:20:16,073 [INFO] Waking up to check market conditions...
2026-04-17 08:20:16,109 [INFO] No valid setup. Waiting.
2026-04-17 08:20:16,110 [INFO] Pairs:XAUUSD
2026-04-17 08:20:16,111 [INFO] Sleeping for 1.0 minutes...
2026-04-17 08:20:56,717 [INFO] Waking up to check market conditions...
2026-04-17 08:20:56,769 [INFO] No valid setup. Waiting.
2026-04-17 08:20:56,770 [INFO] Pairs:BTCUSD
2026-04-17 08:20:56,771 [INFO] Sleeping for 1.0 minutes...
2026-04-17 08:21:16,119 [INFO] Waking up to check market conditions...
2026-04-17 08:21:16,157 [INFO] No valid setup. Waiting.
2026-04-17 08:21:16,157 [INFO] Pairs:XAUUSD
2026-04-17 08:21:16,159 [INFO] Sleeping for 1.0 minutes...
2026-04-17 08:21:56,775 [INFO] Waking up to check market conditions...
2026-04-17 08:21:56,828 [INFO] No valid setup. Waiting.
2026-04-17 08:21:56,828 [INFO] Pairs:BTCUSD
2026-04-17 08:21:56,830 [INFO] Sleeping for 1.0 minutes...
2026-04-17 08:22:16,160 [INFO] Waking up to check market conditions...
2026-04-17 08:22:16,199 [INFO] No valid setup. Waiting.
2026-04-17 08:22:16,200 [INFO] Pairs:XAUUSD
2026-04-17 08:22:16,201 [INFO] Sleeping for 1.0 minutes...
2026-04-17 08:22:56,831 [INFO] Waking up to check market conditions...
2026-04-17 08:22:56,917 [INFO] No valid setup. Waiting.
2026-04-17 08:22:56,918 [INFO] Pairs:BTCUSD
2026-04-17 08:22:56,918 [INFO] Sleeping for 1.0 minutes...
2026-04-17 08:23:16,202 [INFO] Waking up to check market conditions...
2026-04-17 08:23:16,239 [INFO] No valid setup. Waiting.
2026-04-17 08:23:16,239 [INFO] Pairs:XAUUSD
2026-04-17 08:23:16,241 [INFO] Sleeping for 1.0 minutes...
2026-04-17 08:23:56,919 [INFO] Waking up to check market conditions...
2026-04-17 08:23:56,969 [INFO] No valid setup. Waiting.
2026-04-17 08:23:56,969 [INFO] Pairs:BTCUSD
2026-04-17 08:23:56,969 [INFO] Sleeping for 1.0 minutes...
2026-04-17 08:24:16,242 [INFO] Waking up to check market conditions...
2026-04-17 08:24:16,277 [INFO] No valid setup. Waiting.
2026-04-17 08:24:16,278 [INFO] Pairs:XAUUSD
2026-04-17 08:24:16,279 [INFO] Sleeping for 1.0 minutes...
2026-04-17 08:24:56,970 [INFO] Waking up to check market conditions...
2026-04-17 08:24:57,024 [INFO] No valid setup. Waiting.
2026-04-17 08:24:57,024 [INFO] Pairs:BTCUSD
2026-04-17 08:24:57,026 [INFO] Sleeping for 1.0 minutes...
2026-04-17 08:25:16,280 [INFO] Waking up to check market conditions...
2026-04-17 08:25:16,317 [INFO] No valid setup. Waiting.
2026-04-17 08:25:16,318 [INFO] Pairs:XAUUSD
2026-04-17 08:25:16,318 [INFO] Sleeping for 1.0 minutes...
2026-04-17 08:25:57,027 [INFO] Waking up to check market conditions...
2026-04-17 08:25:57,080 [INFO] No valid setup. Waiting.
2026-04-17 08:25:57,082 [INFO] Pairs:BTCUSD
2026-04-17 08:25:57,084 [INFO] Sleeping for 1.0 minutes...
2026-04-17 08:26:16,319 [INFO] Waking up to check market conditions...
2026-04-17 08:26:16,357 [INFO] No valid setup. Waiting.
2026-04-17 08:26:16,357 [INFO] Pairs:XAUUSD
2026-04-17 08:26:16,358 [INFO] Sleeping for 1.0 minutes...
2026-04-17 08:26:57,085 [INFO] Waking up to check market conditions...
2026-04-17 08:26:57,213 [INFO] No valid setup. Waiting.
2026-04-17 08:26:57,213 [INFO] Pairs:BTCUSD
2026-04-17 08:26:57,215 [INFO] Sleeping for 1.0 minutes...
2026-04-17 08:27:16,359 [INFO] Waking up to check market conditions...
2026-04-17 08:27:16,397 [INFO] No valid setup. Waiting.
2026-04-17 08:27:16,397 [INFO] Pairs:XAUUSD
2026-04-17 08:27:16,399 [INFO] Sleeping for 1.0 minutes...
2026-04-17 08:27:57,224 [INFO] Waking up to check market conditions...
2026-04-17 08:27:57,273 [INFO] No valid setup. Waiting.
2026-04-17 08:27:57,273 [INFO] Pairs:BTCUSD
2026-04-17 08:27:57,275 [INFO] Sleeping for 1.0 minutes...
2026-04-17 08:28:16,400 [INFO] Waking up to check market conditions...
2026-04-17 08:28:16,455 [INFO] No valid setup. Waiting.
2026-04-17 08:28:16,456 [INFO] Pairs:XAUUSD
2026-04-17 08:28:16,458 [INFO] Sleeping for 1.0 minutes...
2026-04-17 08:28:57,276 [INFO] Waking up to check market conditions...
2026-04-17 08:28:57,331 [INFO] No valid setup. Waiting.
2026-04-17 08:28:57,331 [INFO] Pairs:BTCUSD
2026-04-17 08:28:57,333 [INFO] Sleeping for 1.0 minutes...
2026-04-17 08:29:16,459 [INFO] Waking up to check market conditions...
2026-04-17 08:29:16,497 [INFO] No valid setup. Waiting.
2026-04-17 08:29:16,498 [INFO] Pairs:XAUUSD
2026-04-17 08:29:16,499 [INFO] Sleeping for 1.0 minutes...
2026-04-17 08:29:57,334 [INFO] Waking up to check market conditions...
2026-04-17 08:29:57,389 [INFO] No valid setup. Waiting.
2026-04-17 08:29:57,390 [INFO] Pairs:BTCUSD
2026-04-17 08:29:57,392 [INFO] Sleeping for 1.0 minutes...
2026-04-17 08:30:16,500 [INFO] Waking up to check market conditions...
2026-04-17 08:30:16,537 [INFO] No valid setup. Waiting.
2026-04-17 08:30:16,537 [INFO] Pairs:XAUUSD
2026-04-17 08:30:16,538 [INFO] Sleeping for 1.0 minutes...
2026-04-17 08:30:57,393 [INFO] Waking up to check market conditions...
2026-04-17 08:30:57,445 [INFO] No valid setup. Waiting.
2026-04-17 08:30:57,446 [INFO] Pairs:BTCUSD
2026-04-17 08:30:57,447 [INFO] Sleeping for 1.0 minutes...
2026-04-17 08:31:16,539 [INFO] Waking up to check market conditions...
2026-04-17 08:31:16,574 [INFO] No valid setup. Waiting.
2026-04-17 08:31:16,575 [INFO] Pairs:XAUUSD
2026-04-17 08:31:16,575 [INFO] Sleeping for 1.0 minutes...
2026-04-17 08:31:57,449 [INFO] Waking up to check market conditions...
2026-04-17 08:31:57,498 [INFO] No valid setup. Waiting.
2026-04-17 08:31:57,499 [INFO] Pairs:BTCUSD
2026-04-17 08:31:57,500 [INFO] Sleeping for 1.0 minutes...
2026-04-17 08:32:16,576 [INFO] Waking up to check market conditions...
2026-04-17 08:32:16,610 [INFO] No valid setup. Waiting.
2026-04-17 08:32:16,611 [INFO] Pairs:XAUUSD
2026-04-17 08:32:16,611 [INFO] Sleeping for 1.0 minutes...
2026-04-17 08:32:57,501 [INFO] Waking up to check market conditions...
2026-04-17 08:32:57,550 [INFO] No valid setup. Waiting.
2026-04-17 08:32:57,550 [INFO] Pairs:BTCUSD
2026-04-17 08:32:57,551 [INFO] Sleeping for 1.0 minutes...
2026-04-17 08:33:16,612 [INFO] Waking up to check market conditions...
2026-04-17 08:33:16,647 [INFO] No valid setup. Waiting.
2026-04-17 08:33:16,647 [INFO] Pairs:XAUUSD
2026-04-17 08:33:16,648 [INFO] Sleeping for 1.0 minutes...
2026-04-17 08:33:57,552 [INFO] Waking up to check market conditions...
2026-04-17 08:33:57,601 [INFO] No valid setup. Waiting.
2026-04-17 08:33:57,602 [INFO] Pairs:BTCUSD
2026-04-17 08:33:57,602 [INFO] Sleeping for 1.0 minutes...
2026-04-17 08:34:16,648 [INFO] Waking up to check market conditions...
2026-04-17 08:34:16,683 [INFO] No valid setup. Waiting.
2026-04-17 08:34:16,683 [INFO] Pairs:XAUUSD
2026-04-17 08:34:16,684 [INFO] Sleeping for 1.0 minutes...
2026-04-17 08:34:57,603 [INFO] Waking up to check market conditions...
2026-04-17 08:34:57,653 [INFO] No valid setup. Waiting.
2026-04-17 08:34:57,653 [INFO] Pairs:BTCUSD
2026-04-17 08:34:57,653 [INFO] Sleeping for 1.0 minutes...
2026-04-17 08:35:16,685 [INFO] Waking up to check market conditions...
2026-04-17 08:35:16,724 [INFO] No valid setup. Waiting.
2026-04-17 08:35:16,725 [INFO] Pairs:XAUUSD
2026-04-17 08:35:16,725 [INFO] Sleeping for 1.0 minutes...
2026-04-17 08:35:57,654 [INFO] Waking up to check market conditions...
2026-04-17 08:35:57,705 [INFO] No valid setup. Waiting.
2026-04-17 08:35:57,706 [INFO] Pairs:BTCUSD
2026-04-17 08:35:57,706 [INFO] Sleeping for 1.0 minutes...
2026-04-17 08:36:16,726 [INFO] Waking up to check market conditions...
2026-04-17 08:36:16,762 [INFO] No valid setup. Waiting.
2026-04-17 08:36:16,763 [INFO] Pairs:XAUUSD
2026-04-17 08:36:16,766 [INFO] Sleeping for 1.0 minutes...
2026-04-17 08:36:57,707 [INFO] Waking up to check market conditions...
2026-04-17 08:36:57,757 [INFO] No valid setup. Waiting.
2026-04-17 08:36:57,758 [INFO] Pairs:BTCUSD
2026-04-17 08:36:57,758 [INFO] Sleeping for 1.0 minutes...
2026-04-17 08:37:16,768 [INFO] Waking up to check market conditions...
2026-04-17 08:37:16,807 [INFO] No valid setup. Waiting.
2026-04-17 08:37:16,808 [INFO] Pairs:XAUUSD
2026-04-17 08:37:16,811 [INFO] Sleeping for 1.0 minutes...
2026-04-17 08:37:57,759 [INFO] Waking up to check market conditions...
2026-04-17 08:37:57,809 [INFO] No valid setup. Waiting.
2026-04-17 08:37:57,809 [INFO] Pairs:BTCUSD
2026-04-17 08:37:57,809 [INFO] Sleeping for 1.0 minutes...
2026-04-17 08:38:16,812 [INFO] Waking up to check market conditions...
2026-04-17 08:38:16,847 [INFO] No valid setup. Waiting.
2026-04-17 08:38:16,847 [INFO] Pairs:XAUUSD
2026-04-17 08:38:16,848 [INFO] Sleeping for 1.0 minutes...
2026-04-17 08:38:57,810 [INFO] Waking up to check market conditions...
2026-04-17 08:38:57,860 [INFO] No valid setup. Waiting.
2026-04-17 08:38:57,861 [INFO] Pairs:BTCUSD
2026-04-17 08:38:57,861 [INFO] Sleeping for 1.0 minutes...
2026-04-17 08:39:16,853 [INFO] Waking up to check market conditions...
2026-04-17 08:39:16,891 [INFO] No valid setup. Waiting.
2026-04-17 08:39:16,892 [INFO] Pairs:XAUUSD
2026-04-17 08:39:16,893 [INFO] Sleeping for 1.0 minutes...
2026-04-17 08:39:57,862 [INFO] Waking up to check market conditions...
2026-04-17 08:39:57,911 [INFO] No valid setup. Waiting.
2026-04-17 08:39:57,912 [INFO] Pairs:BTCUSD
2026-04-17 08:39:57,912 [INFO] Sleeping for 1.0 minutes...
2026-04-17 08:40:16,894 [INFO] Waking up to check market conditions...
2026-04-17 08:40:16,939 [INFO] No valid setup. Waiting.
2026-04-17 08:40:16,939 [INFO] Pairs:XAUUSD
2026-04-17 08:40:16,941 [INFO] Sleeping for 1.0 minutes...
2026-04-17 08:40:57,913 [INFO] Waking up to check market conditions...
2026-04-17 08:40:57,961 [INFO] No valid setup. Waiting.
2026-04-17 08:40:57,961 [INFO] Pairs:BTCUSD
2026-04-17 08:40:57,962 [INFO] Sleeping for 1.0 minutes...
2026-04-17 08:41:16,942 [INFO] Waking up to check market conditions...
2026-04-17 08:41:16,985 [INFO] No valid setup. Waiting.
2026-04-17 08:41:16,986 [INFO] Pairs:XAUUSD
2026-04-17 08:41:16,987 [INFO] Sleeping for 1.0 minutes...
2026-04-17 08:41:57,963 [INFO] Waking up to check market conditions...
2026-04-17 08:41:58,012 [INFO] No valid setup. Waiting.
2026-04-17 08:41:58,013 [INFO] Pairs:BTCUSD
2026-04-17 08:41:58,013 [INFO] Sleeping for 1.0 minutes...
2026-04-17 08:42:16,992 [INFO] Waking up to check market conditions...
2026-04-17 08:42:17,029 [INFO] No valid setup. Waiting.
2026-04-17 08:42:17,030 [INFO] Pairs:XAUUSD
2026-04-17 08:42:17,031 [INFO] Sleeping for 1.0 minutes...
2026-04-17 08:42:58,014 [INFO] Waking up to check market conditions...
2026-04-17 08:42:58,063 [INFO] No valid setup. Waiting.
2026-04-17 08:42:58,064 [INFO] Pairs:BTCUSD
2026-04-17 08:42:58,064 [INFO] Sleeping for 1.0 minutes...
2026-04-17 08:43:17,032 [INFO] Waking up to check market conditions...
2026-04-17 08:43:17,070 [INFO] No valid setup. Waiting.
2026-04-17 08:43:17,070 [INFO] Pairs:XAUUSD
2026-04-17 08:43:17,071 [INFO] Sleeping for 1.0 minutes...
2026-04-17 08:43:58,072 [INFO] Waking up to check market conditions...
2026-04-17 08:43:58,122 [INFO] No valid setup. Waiting.
2026-04-17 08:43:58,122 [INFO] Pairs:BTCUSD
2026-04-17 08:43:58,123 [INFO] Sleeping for 1.0 minutes...
2026-04-17 08:44:17,072 [INFO] Waking up to check market conditions...
2026-04-17 08:44:17,109 [INFO] No valid setup. Waiting.
2026-04-17 08:44:17,110 [INFO] Pairs:XAUUSD
2026-04-17 08:44:17,114 [INFO] Sleeping for 1.0 minutes...
2026-04-17 08:44:58,123 [INFO] Waking up to check market conditions...
2026-04-17 08:44:58,172 [INFO] No valid setup. Waiting.
2026-04-17 08:44:58,173 [INFO] Pairs:BTCUSD
2026-04-17 08:44:58,173 [INFO] Sleeping for 1.0 minutes...
2026-04-17 08:45:17,115 [INFO] Waking up to check market conditions...
2026-04-17 08:45:17,154 [INFO] No valid setup. Waiting.
2026-04-17 08:45:17,154 [INFO] Pairs:XAUUSD
2026-04-17 08:45:17,155 [INFO] Sleeping for 1.0 minutes...
2026-04-17 08:45:58,173 [INFO] Waking up to check market conditions...
2026-04-17 08:45:58,224 [INFO] No valid setup. Waiting.
2026-04-17 08:45:58,224 [INFO] Pairs:BTCUSD
2026-04-17 08:45:58,225 [INFO] Sleeping for 1.0 minutes...
2026-04-17 08:46:17,156 [INFO] Waking up to check market conditions...
2026-04-17 08:46:17,194 [INFO] No valid setup. Waiting.
2026-04-17 08:46:17,194 [INFO] Pairs:XAUUSD
2026-04-17 08:46:17,195 [INFO] Sleeping for 1.0 minutes...
2026-04-17 08:46:58,227 [INFO] Waking up to check market conditions...
2026-04-17 08:46:58,276 [INFO] No valid setup. Waiting.
2026-04-17 08:46:58,277 [INFO] Pairs:BTCUSD
2026-04-17 08:46:58,277 [INFO] Sleeping for 1.0 minutes...
2026-04-17 08:47:17,196 [INFO] Waking up to check market conditions...
2026-04-17 08:47:17,229 [INFO] No valid setup. Waiting.
2026-04-17 08:47:17,230 [INFO] Pairs:XAUUSD
2026-04-17 08:47:17,231 [INFO] Sleeping for 1.0 minutes...
2026-04-17 08:47:58,278 [INFO] Waking up to check market conditions...
2026-04-17 08:47:58,327 [INFO] No valid setup. Waiting.
2026-04-17 08:47:58,328 [INFO] Pairs:BTCUSD
2026-04-17 08:47:58,328 [INFO] Sleeping for 1.0 minutes...
2026-04-17 08:48:17,232 [INFO] Waking up to check market conditions...
2026-04-17 08:48:17,270 [INFO] No valid setup. Waiting.
2026-04-17 08:48:17,271 [INFO] Pairs:XAUUSD
2026-04-17 08:48:17,274 [INFO] Sleeping for 1.0 minutes...
2026-04-17 08:48:58,329 [INFO] Waking up to check market conditions...
2026-04-17 08:48:58,376 [INFO] No valid setup. Waiting.
2026-04-17 08:48:58,376 [INFO] Pairs:BTCUSD
2026-04-17 08:48:58,378 [INFO] Sleeping for 1.0 minutes...
2026-04-17 08:49:17,275 [INFO] Waking up to check market conditions...
2026-04-17 08:49:17,314 [INFO] No valid setup. Waiting.
2026-04-17 08:49:17,314 [INFO] Pairs:XAUUSD
2026-04-17 08:49:17,315 [INFO] Sleeping for 1.0 minutes...
2026-04-17 08:49:58,379 [INFO] Waking up to check market conditions...
2026-04-17 08:49:58,441 [INFO] No valid setup. Waiting.
2026-04-17 08:49:58,441 [INFO] Pairs:BTCUSD
2026-04-17 08:49:58,442 [INFO] Sleeping for 1.0 minutes...
2026-04-17 08:50:17,316 [INFO] Waking up to check market conditions...
2026-04-17 08:50:17,353 [INFO] No valid setup. Waiting.
2026-04-17 08:50:17,353 [INFO] Pairs:XAUUSD
2026-04-17 08:50:17,354 [INFO] Sleeping for 1.0 minutes...
2026-04-17 08:50:58,442 [INFO] Waking up to check market conditions...
2026-04-17 08:50:58,492 [INFO] No valid setup. Waiting.
2026-04-17 08:50:58,493 [INFO] Pairs:BTCUSD
2026-04-17 08:50:58,493 [INFO] Sleeping for 1.0 minutes...
2026-04-17 08:51:17,355 [INFO] Waking up to check market conditions...
2026-04-17 08:51:17,390 [INFO] No valid setup. Waiting.
2026-04-17 08:51:17,391 [INFO] Pairs:XAUUSD
2026-04-17 08:51:17,392 [INFO] Sleeping for 1.0 minutes...
2026-04-17 08:51:58,495 [INFO] Waking up to check market conditions...
2026-04-17 08:51:58,543 [INFO] No valid setup. Waiting.
2026-04-17 08:51:58,544 [INFO] Pairs:BTCUSD
2026-04-17 08:51:58,544 [INFO] Sleeping for 1.0 minutes...
2026-04-17 08:52:17,393 [INFO] Waking up to check market conditions...
2026-04-17 08:52:17,432 [INFO] No valid setup. Waiting.
2026-04-17 08:52:17,433 [INFO] Pairs:XAUUSD
2026-04-17 08:52:17,434 [INFO] Sleeping for 1.0 minutes...
2026-04-17 08:52:58,545 [INFO] Waking up to check market conditions...
2026-04-17 08:52:58,596 [INFO] No valid setup. Waiting.
2026-04-17 08:52:58,597 [INFO] Pairs:BTCUSD
2026-04-17 08:52:58,597 [INFO] Sleeping for 1.0 minutes...
2026-04-17 08:53:17,435 [INFO] Waking up to check market conditions...
2026-04-17 08:53:17,476 [INFO] No valid setup. Waiting.
2026-04-17 08:53:17,476 [INFO] Pairs:XAUUSD
2026-04-17 08:53:17,479 [INFO] Sleeping for 1.0 minutes...
2026-04-17 08:53:58,598 [INFO] Waking up to check market conditions...
2026-04-17 08:53:58,648 [INFO] No valid setup. Waiting.
2026-04-17 08:53:58,648 [INFO] Pairs:BTCUSD
2026-04-17 08:53:58,649 [INFO] Sleeping for 1.0 minutes...
2026-04-17 08:54:17,479 [INFO] Waking up to check market conditions...
2026-04-17 08:54:17,521 [INFO] No valid setup. Waiting.
2026-04-17 08:54:17,522 [INFO] Pairs:XAUUSD
2026-04-17 08:54:17,524 [INFO] Sleeping for 1.0 minutes...
2026-04-17 08:54:58,649 [INFO] Waking up to check market conditions...
2026-04-17 08:54:58,707 [INFO] No valid setup. Waiting.
2026-04-17 08:54:58,708 [INFO] Pairs:BTCUSD
2026-04-17 08:54:58,708 [INFO] Sleeping for 1.0 minutes...
2026-04-17 08:55:17,525 [INFO] Waking up to check market conditions...
2026-04-17 08:55:17,568 [INFO] No valid setup. Waiting.
2026-04-17 08:55:17,568 [INFO] Pairs:XAUUSD
2026-04-17 08:55:17,570 [INFO] Sleeping for 1.0 minutes...
2026-04-17 08:55:58,709 [INFO] Waking up to check market conditions...
2026-04-17 08:55:58,758 [INFO] No valid setup. Waiting.
2026-04-17 08:55:58,759 [INFO] Pairs:BTCUSD
2026-04-17 08:55:58,759 [INFO] Sleeping for 1.0 minutes...
2026-04-17 08:56:17,571 [INFO] Waking up to check market conditions...
2026-04-17 08:56:17,607 [INFO] No valid setup. Waiting.
2026-04-17 08:56:17,608 [INFO] Pairs:XAUUSD
2026-04-17 08:56:17,609 [INFO] Sleeping for 1.0 minutes...
2026-04-17 08:56:58,760 [INFO] Waking up to check market conditions...
2026-04-17 08:56:58,809 [INFO] No valid setup. Waiting.
2026-04-17 08:56:58,810 [INFO] Pairs:BTCUSD
2026-04-17 08:56:58,810 [INFO] Sleeping for 1.0 minutes...
2026-04-17 08:57:17,610 [INFO] Waking up to check market conditions...
2026-04-17 08:57:17,647 [INFO] No valid setup. Waiting.
2026-04-17 08:57:17,647 [INFO] Pairs:XAUUSD
2026-04-17 08:57:17,649 [INFO] Sleeping for 1.0 minutes...
2026-04-17 08:57:58,811 [INFO] Waking up to check market conditions...
2026-04-17 08:57:58,860 [INFO] No valid setup. Waiting.
2026-04-17 08:57:58,861 [INFO] Pairs:BTCUSD
2026-04-17 08:57:58,862 [INFO] Sleeping for 1.0 minutes...
2026-04-17 08:58:17,650 [INFO] Waking up to check market conditions...
2026-04-17 08:58:17,687 [INFO] No valid setup. Waiting.
2026-04-17 08:58:17,687 [INFO] Pairs:XAUUSD
2026-04-17 08:58:17,689 [INFO] Sleeping for 1.0 minutes...
2026-04-17 08:58:58,862 [INFO] Waking up to check market conditions...
2026-04-17 08:58:58,911 [INFO] No valid setup. Waiting.
2026-04-17 08:58:58,912 [INFO] Pairs:BTCUSD
2026-04-17 08:58:58,912 [INFO] Sleeping for 1.0 minutes...
2026-04-17 08:59:17,690 [INFO] Waking up to check market conditions...
2026-04-17 08:59:17,726 [INFO] No valid setup. Waiting.
2026-04-17 08:59:17,726 [INFO] Pairs:XAUUSD
2026-04-17 08:59:17,728 [INFO] Sleeping for 1.0 minutes...
2026-04-17 08:59:58,913 [INFO] Waking up to check market conditions...
2026-04-17 08:59:58,963 [INFO] No valid setup. Waiting.
2026-04-17 08:59:58,963 [INFO] Pairs:BTCUSD
2026-04-17 08:59:58,964 [INFO] Sleeping for 1.0 minutes...
2026-04-17 09:00:17,729 [INFO] Waking up to check market conditions...
2026-04-17 09:00:17,764 [INFO] No valid setup. Waiting.
2026-04-17 09:00:17,764 [INFO] Pairs:XAUUSD
2026-04-17 09:00:17,766 [INFO] Sleeping for 1.0 minutes...
2026-04-17 09:00:58,964 [INFO] Waking up to check market conditions...
2026-04-17 09:00:59,014 [INFO] No valid setup. Waiting.
2026-04-17 09:00:59,014 [INFO] Pairs:BTCUSD
2026-04-17 09:00:59,015 [INFO] Sleeping for 1.0 minutes...
2026-04-17 09:01:17,767 [INFO] Waking up to check market conditions...
2026-04-17 09:01:17,806 [INFO] No valid setup. Waiting.
2026-04-17 09:01:17,807 [INFO] Pairs:XAUUSD
2026-04-17 09:01:17,809 [INFO] Sleeping for 1.0 minutes...
2026-04-17 09:01:59,015 [INFO] Waking up to check market conditions...
2026-04-17 09:01:59,065 [INFO] No valid setup. Waiting.
2026-04-17 09:01:59,065 [INFO] Pairs:BTCUSD
2026-04-17 09:01:59,066 [INFO] Sleeping for 1.0 minutes...
2026-04-17 09:02:17,810 [INFO] Waking up to check market conditions...
2026-04-17 09:02:17,846 [INFO] No valid setup. Waiting.
2026-04-17 09:02:17,847 [INFO] Pairs:XAUUSD
2026-04-17 09:02:17,848 [INFO] Sleeping for 1.0 minutes...
2026-04-17 09:02:59,067 [INFO] Waking up to check market conditions...
2026-04-17 09:02:59,116 [INFO] No valid setup. Waiting.
2026-04-17 09:02:59,116 [INFO] Pairs:BTCUSD
2026-04-17 09:02:59,117 [INFO] Sleeping for 1.0 minutes...
2026-04-17 09:03:17,849 [INFO] Waking up to check market conditions...
2026-04-17 09:03:17,886 [INFO] No valid setup. Waiting.
2026-04-17 09:03:17,887 [INFO] Pairs:XAUUSD
2026-04-17 09:03:17,888 [INFO] Sleeping for 1.0 minutes...
2026-04-17 09:03:59,117 [INFO] Waking up to check market conditions...
2026-04-17 09:03:59,167 [INFO] No valid setup. Waiting.
2026-04-17 09:03:59,167 [INFO] Pairs:BTCUSD
2026-04-17 09:03:59,168 [INFO] Sleeping for 1.0 minutes...
2026-04-17 09:04:17,889 [INFO] Waking up to check market conditions...
2026-04-17 09:04:17,926 [INFO] No valid setup. Waiting.
2026-04-17 09:04:17,926 [INFO] Pairs:XAUUSD
2026-04-17 09:04:17,928 [INFO] Sleeping for 1.0 minutes...
2026-04-17 09:04:59,168 [INFO] Waking up to check market conditions...
2026-04-17 09:04:59,218 [INFO] No valid setup. Waiting.
2026-04-17 09:04:59,218 [INFO] Pairs:BTCUSD
2026-04-17 09:04:59,218 [INFO] Sleeping for 1.0 minutes...
2026-04-17 09:05:17,929 [INFO] Waking up to check market conditions...
2026-04-17 09:05:17,964 [INFO] No valid setup. Waiting.
2026-04-17 09:05:17,965 [INFO] Pairs:XAUUSD
2026-04-17 09:05:17,966 [INFO] Sleeping for 1.0 minutes...
2026-04-17 09:05:59,219 [INFO] Waking up to check market conditions...
2026-04-17 09:05:59,268 [INFO] No valid setup. Waiting.
2026-04-17 09:05:59,269 [INFO] Pairs:BTCUSD
2026-04-17 09:05:59,269 [INFO] Sleeping for 1.0 minutes...
2026-04-17 09:06:17,967 [INFO] Waking up to check market conditions...
2026-04-17 09:06:18,003 [INFO] No valid setup. Waiting.
2026-04-17 09:06:18,003 [INFO] Pairs:XAUUSD
2026-04-17 09:06:18,005 [INFO] Sleeping for 1.0 minutes...
2026-04-17 09:06:59,270 [INFO] Waking up to check market conditions...
2026-04-17 09:06:59,318 [INFO] No valid setup. Waiting.
2026-04-17 09:06:59,319 [INFO] Pairs:BTCUSD
2026-04-17 09:06:59,319 [INFO] Sleeping for 1.0 minutes...
2026-04-17 09:07:18,006 [INFO] Waking up to check market conditions...
2026-04-17 09:07:18,043 [INFO] No valid setup. Waiting.
2026-04-17 09:07:18,043 [INFO] Pairs:XAUUSD
2026-04-17 09:07:18,045 [INFO] Sleeping for 1.0 minutes...
2026-04-17 09:07:59,320 [INFO] Waking up to check market conditions...
2026-04-17 09:07:59,367 [INFO] No valid setup. Waiting.
2026-04-17 09:07:59,367 [INFO] Pairs:BTCUSD
2026-04-17 09:07:59,368 [INFO] Sleeping for 1.0 minutes...
2026-04-17 09:08:18,046 [INFO] Waking up to check market conditions...
2026-04-17 09:08:18,081 [INFO] No valid setup. Waiting.
2026-04-17 09:08:18,082 [INFO] Pairs:XAUUSD
2026-04-17 09:08:18,084 [INFO] Sleeping for 1.0 minutes...
2026-04-17 09:08:59,369 [INFO] Waking up to check market conditions...
2026-04-17 09:08:59,418 [INFO] No valid setup. Waiting.
2026-04-17 09:08:59,418 [INFO] Pairs:BTCUSD
2026-04-17 09:08:59,419 [INFO] Sleeping for 1.0 minutes...
2026-04-17 09:09:18,084 [INFO] Waking up to check market conditions...
2026-04-17 09:09:18,121 [INFO] No valid setup. Waiting.
2026-04-17 09:09:18,122 [INFO] Pairs:XAUUSD
2026-04-17 09:09:18,123 [INFO] Sleeping for 1.0 minutes...
2026-04-17 09:09:59,419 [INFO] Waking up to check market conditions...
2026-04-17 09:09:59,468 [INFO] No valid setup. Waiting.
2026-04-17 09:09:59,468 [INFO] Pairs:BTCUSD
2026-04-17 09:09:59,469 [INFO] Sleeping for 1.0 minutes...
2026-04-17 09:10:18,124 [INFO] Waking up to check market conditions...
2026-04-17 09:10:18,161 [INFO] No valid setup. Waiting.
2026-04-17 09:10:18,162 [INFO] Pairs:XAUUSD
2026-04-17 09:10:18,163 [INFO] Sleeping for 1.0 minutes...
2026-04-17 09:10:59,469 [INFO] Waking up to check market conditions...
2026-04-17 09:10:59,518 [INFO] No valid setup. Waiting.
2026-04-17 09:10:59,519 [INFO] Pairs:BTCUSD
2026-04-17 09:10:59,519 [INFO] Sleeping for 1.0 minutes...
2026-04-17 09:11:18,164 [INFO] Waking up to check market conditions...
2026-04-17 09:11:18,200 [INFO] No valid setup. Waiting.
2026-04-17 09:11:18,200 [INFO] Pairs:XAUUSD
2026-04-17 09:11:18,202 [INFO] Sleeping for 1.0 minutes...
2026-04-17 09:11:59,520 [INFO] Waking up to check market conditions...
2026-04-17 09:11:59,569 [INFO] No valid setup. Waiting.
2026-04-17 09:11:59,569 [INFO] Pairs:BTCUSD
2026-04-17 09:11:59,570 [INFO] Sleeping for 1.0 minutes...
2026-04-17 09:12:18,203 [INFO] Waking up to check market conditions...
2026-04-17 09:12:18,239 [INFO] No valid setup. Waiting.
2026-04-17 09:12:18,240 [INFO] Pairs:XAUUSD
2026-04-17 09:12:18,241 [INFO] Sleeping for 1.0 minutes...
2026-04-17 09:12:59,571 [INFO] Waking up to check market conditions...
2026-04-17 09:12:59,620 [INFO] No valid setup. Waiting.
2026-04-17 09:12:59,621 [INFO] Pairs:BTCUSD
2026-04-17 09:12:59,621 [INFO] Sleeping for 1.0 minutes...
2026-04-17 09:13:18,242 [INFO] Waking up to check market conditions...
2026-04-17 09:13:18,278 [INFO] No valid setup. Waiting.
2026-04-17 09:13:18,279 [INFO] Pairs:XAUUSD
2026-04-17 09:13:18,280 [INFO] Sleeping for 1.0 minutes...
2026-04-17 09:13:59,622 [INFO] Waking up to check market conditions...
2026-04-17 09:13:59,672 [INFO] No valid setup. Waiting.
2026-04-17 09:13:59,672 [INFO] Pairs:BTCUSD
2026-04-17 09:13:59,672 [INFO] Sleeping for 1.0 minutes...
2026-04-17 09:14:18,281 [INFO] Waking up to check market conditions...
2026-04-17 09:14:18,317 [INFO] No valid setup. Waiting.
2026-04-17 09:14:18,317 [INFO] Pairs:XAUUSD
2026-04-17 09:14:18,319 [INFO] Sleeping for 1.0 minutes...
2026-04-17 09:14:59,673 [INFO] Waking up to check market conditions...
2026-04-17 09:14:59,721 [INFO] No valid setup. Waiting.
2026-04-17 09:14:59,721 [INFO] Pairs:BTCUSD
2026-04-17 09:14:59,721 [INFO] Sleeping for 1.0 minutes...
2026-04-17 09:15:18,320 [INFO] Waking up to check market conditions...
2026-04-17 09:15:18,355 [INFO] No valid setup. Waiting.
2026-04-17 09:15:18,355 [INFO] Pairs:XAUUSD
2026-04-17 09:15:18,357 [INFO] Sleeping for 1.0 minutes...
2026-04-17 09:15:59,722 [INFO] Waking up to check market conditions...
2026-04-17 09:15:59,772 [INFO] No valid setup. Waiting.
2026-04-17 09:15:59,773 [INFO] Pairs:BTCUSD
2026-04-17 09:15:59,773 [INFO] Sleeping for 1.0 minutes...
2026-04-17 09:16:18,357 [INFO] Waking up to check market conditions...
2026-04-17 09:16:18,394 [INFO] No valid setup. Waiting.
2026-04-17 09:16:18,394 [INFO] Pairs:XAUUSD
2026-04-17 09:16:18,396 [INFO] Sleeping for 1.0 minutes...
2026-04-17 09:16:59,774 [INFO] Waking up to check market conditions...
2026-04-17 09:16:59,821 [INFO] No valid setup. Waiting.
2026-04-17 09:16:59,822 [INFO] Pairs:BTCUSD
2026-04-17 09:16:59,822 [INFO] Sleeping for 1.0 minutes...
2026-04-17 09:17:18,397 [INFO] Waking up to check market conditions...
2026-04-17 09:17:18,433 [INFO] No valid setup. Waiting.
2026-04-17 09:17:18,433 [INFO] Pairs:XAUUSD
2026-04-17 09:17:18,435 [INFO] Sleeping for 1.0 minutes...
2026-04-17 09:17:59,823 [INFO] Waking up to check market conditions...
2026-04-17 09:17:59,872 [INFO] No valid setup. Waiting.
2026-04-17 09:17:59,872 [INFO] Pairs:BTCUSD
2026-04-17 09:17:59,873 [INFO] Sleeping for 1.0 minutes...
2026-04-17 09:18:18,436 [INFO] Waking up to check market conditions...
2026-04-17 09:18:18,473 [INFO] No valid setup. Waiting.
2026-04-17 09:18:18,473 [INFO] Pairs:XAUUSD
2026-04-17 09:18:18,474 [INFO] Sleeping for 1.0 minutes...
2026-04-17 09:18:59,873 [INFO] Waking up to check market conditions...
2026-04-17 09:18:59,922 [INFO] No valid setup. Waiting.
2026-04-17 09:18:59,922 [INFO] Pairs:BTCUSD
2026-04-17 09:18:59,923 [INFO] Sleeping for 1.0 minutes...
2026-04-17 09:19:18,476 [INFO] Waking up to check market conditions...
2026-04-17 09:19:18,512 [INFO] No valid setup. Waiting.
2026-04-17 09:19:18,513 [INFO] Pairs:XAUUSD
2026-04-17 09:19:18,514 [INFO] Sleeping for 1.0 minutes...
2026-04-17 09:19:59,923 [INFO] Waking up to check market conditions...
2026-04-17 09:19:59,973 [INFO] No valid setup. Waiting.
2026-04-17 09:19:59,973 [INFO] Pairs:BTCUSD
2026-04-17 09:19:59,974 [INFO] Sleeping for 1.0 minutes...
2026-04-17 09:20:18,515 [INFO] Waking up to check market conditions...
2026-04-17 09:20:18,551 [INFO] No valid setup. Waiting.
2026-04-17 09:20:18,551 [INFO] Pairs:XAUUSD
2026-04-17 09:20:18,553 [INFO] Sleeping for 1.0 minutes...
2026-04-17 09:20:59,974 [INFO] Waking up to check market conditions...
2026-04-17 09:21:00,033 [INFO] No valid setup. Waiting.
2026-04-17 09:21:00,033 [INFO] Pairs:BTCUSD
2026-04-17 09:21:00,034 [INFO] Sleeping for 1.0 minutes...
2026-04-17 09:21:18,553 [INFO] Waking up to check market conditions...
2026-04-17 09:21:18,588 [INFO] No valid setup. Waiting.
2026-04-17 09:21:18,589 [INFO] Pairs:XAUUSD
2026-04-17 09:21:18,589 [INFO] Sleeping for 1.0 minutes...
2026-04-17 09:22:00,038 [INFO] Waking up to check market conditions...
2026-04-17 09:22:00,089 [INFO] No valid setup. Waiting.
2026-04-17 09:22:00,090 [INFO] Pairs:BTCUSD
2026-04-17 09:22:00,091 [INFO] Sleeping for 1.0 minutes...
2026-04-17 09:22:18,595 [INFO] Waking up to check market conditions...
2026-04-17 09:22:18,632 [INFO] No valid setup. Waiting.
2026-04-17 09:22:18,632 [INFO] Pairs:XAUUSD
2026-04-17 09:22:18,633 [INFO] Sleeping for 1.0 minutes...
2026-04-17 09:23:00,092 [INFO] Waking up to check market conditions...
2026-04-17 09:23:00,143 [INFO] No valid setup. Waiting.
2026-04-17 09:23:00,143 [INFO] Pairs:BTCUSD
2026-04-17 09:23:00,144 [INFO] Sleeping for 1.0 minutes...
2026-04-17 09:23:18,634 [INFO] Waking up to check market conditions...
2026-04-17 09:23:18,671 [INFO] No valid setup. Waiting.
2026-04-17 09:23:18,672 [INFO] Pairs:XAUUSD
2026-04-17 09:23:18,672 [INFO] Sleeping for 1.0 minutes...
2026-04-17 09:24:00,144 [INFO] Waking up to check market conditions...
2026-04-17 09:24:00,193 [INFO] No valid setup. Waiting.
2026-04-17 09:24:00,194 [INFO] Pairs:BTCUSD
2026-04-17 09:24:00,194 [INFO] Sleeping for 1.0 minutes...
2026-04-17 09:26:45,708 [INFO] Starting Live Trader Bot...
2026-04-17 09:26:45,709 [INFO] Waking up to check market conditions...
2026-04-17 09:26:45,783 [INFO] No valid setup. Waiting.
2026-04-17 09:26:45,784 [INFO] Pairs:BTCUSD
2026-04-17 09:26:45,786 [INFO] Sleeping for 1.0 minutes...
2026-04-17 09:26:55,618 [INFO] Starting Live Trader Bot...
2026-04-17 09:26:55,619 [INFO] Waking up to check market conditions...
2026-04-17 09:26:55,669 [INFO] No valid setup. Waiting.
2026-04-17 09:26:55,669 [INFO] Pairs:XAUUSD
2026-04-17 09:26:55,671 [INFO] Sleeping for 1.0 minutes...
2026-04-17 09:27:45,787 [INFO] Waking up to check market conditions...
2026-04-17 09:27:45,841 [INFO] No valid setup. Waiting.
2026-04-17 09:27:45,842 [INFO] Pairs:BTCUSD
2026-04-17 09:27:45,842 [INFO] Sleeping for 1.0 minutes...
2026-04-17 09:27:55,672 [INFO] Waking up to check market conditions...
2026-04-17 09:27:55,709 [INFO] No valid setup. Waiting.
2026-04-17 09:27:55,709 [INFO] Pairs:XAUUSD
2026-04-17 09:27:55,710 [INFO] Sleeping for 1.0 minutes...
2026-04-17 09:28:45,843 [INFO] Waking up to check market conditions...
2026-04-17 09:28:45,892 [INFO] No valid setup. Waiting.
2026-04-17 09:28:45,893 [INFO] Pairs:BTCUSD
2026-04-17 09:28:45,893 [INFO] Sleeping for 1.0 minutes...
2026-04-17 09:28:55,711 [INFO] Waking up to check market conditions...
2026-04-17 09:28:55,747 [INFO] Cancelling 1 pending order(s): no valid sweep/BOS setup
2026-04-17 09:28:56,010 [INFO] Canceled stale pending order ticket=288383754
2026-04-17 09:28:56,011 [INFO] No valid setup. Waiting.
2026-04-17 09:28:56,013 [INFO] Pairs:XAUUSD
2026-04-17 09:28:56,014 [INFO] Sleeping for 1.0 minutes...
2026-04-17 09:29:45,894 [INFO] Waking up to check market conditions...
2026-04-17 09:29:45,946 [INFO] No valid setup. Waiting.
2026-04-17 09:29:45,947 [INFO] Pairs:BTCUSD
2026-04-17 09:29:45,947 [INFO] Sleeping for 1.0 minutes...
2026-04-17 09:29:56,017 [INFO] Waking up to check market conditions...
2026-04-17 09:29:56,050 [INFO] No valid setup. Waiting.
2026-04-17 09:29:56,051 [INFO] Pairs:XAUUSD
2026-04-17 09:29:56,051 [INFO] Sleeping for 1.0 minutes...
2026-04-17 09:30:45,948 [INFO] Waking up to check market conditions...
2026-04-17 09:30:45,998 [INFO] Cancelling 1 pending order(s): no valid sweep/BOS setup
2026-04-17 09:30:46,259 [INFO] Canceled stale pending order ticket=288385560
2026-04-17 09:30:46,260 [INFO] No valid setup. Waiting.
2026-04-17 09:30:46,262 [INFO] Pairs:BTCUSD
2026-04-17 09:30:46,265 [INFO] Sleeping for 1.0 minutes...
2026-04-17 09:30:56,052 [INFO] Waking up to check market conditions...
2026-04-17 09:30:56,088 [INFO] No valid setup. Waiting.
2026-04-17 09:30:56,088 [INFO] Pairs:XAUUSD
2026-04-17 09:30:56,088 [INFO] Sleeping for 1.0 minutes...
2026-04-17 09:31:46,266 [INFO] Waking up to check market conditions...
2026-04-17 09:31:46,315 [INFO] No valid setup. Waiting.
2026-04-17 09:31:46,315 [INFO] Pairs:BTCUSD
2026-04-17 09:31:46,317 [INFO] Sleeping for 1.0 minutes...
2026-04-17 09:31:56,089 [INFO] Waking up to check market conditions...
2026-04-17 09:31:56,127 [INFO] No valid setup. Waiting.
2026-04-17 09:31:56,127 [INFO] Pairs:XAUUSD
2026-04-17 09:31:56,128 [INFO] Sleeping for 1.0 minutes...
2026-04-17 09:32:46,318 [INFO] Waking up to check market conditions...
2026-04-17 09:32:46,383 [INFO] No valid setup. Waiting.
2026-04-17 09:32:46,384 [INFO] Pairs:BTCUSD
2026-04-17 09:32:46,384 [INFO] Sleeping for 1.0 minutes...
2026-04-17 09:32:56,128 [INFO] Waking up to check market conditions...
2026-04-17 09:32:56,164 [INFO] No valid setup. Waiting.
2026-04-17 09:32:56,164 [INFO] Pairs:XAUUSD
2026-04-17 09:32:56,165 [INFO] Sleeping for 1.0 minutes...
2026-04-17 09:33:46,385 [INFO] Waking up to check market conditions...
2026-04-17 09:33:46,433 [INFO] No valid setup. Waiting.
2026-04-17 09:33:46,434 [INFO] Pairs:BTCUSD
2026-04-17 09:33:46,435 [INFO] Sleeping for 1.0 minutes...
2026-04-17 09:33:56,165 [INFO] Waking up to check market conditions...
2026-04-17 09:33:56,199 [INFO] No valid setup. Waiting.
2026-04-17 09:33:56,199 [INFO] Pairs:XAUUSD
2026-04-17 09:33:56,200 [INFO] Sleeping for 1.0 minutes...
2026-04-17 09:34:46,435 [INFO] Waking up to check market conditions...
2026-04-17 09:34:46,487 [INFO] No valid setup. Waiting.
2026-04-17 09:34:46,487 [INFO] Pairs:BTCUSD
2026-04-17 09:34:46,487 [INFO] Sleeping for 1.0 minutes...
2026-04-17 09:34:56,200 [INFO] Waking up to check market conditions...
2026-04-17 09:34:56,237 [INFO] No valid setup. Waiting.
2026-04-17 09:34:56,237 [INFO] Pairs:XAUUSD
2026-04-17 09:34:56,238 [INFO] Sleeping for 1.0 minutes...
2026-04-17 09:35:46,488 [INFO] Waking up to check market conditions...
2026-04-17 09:35:46,537 [INFO] No valid setup. Waiting.
2026-04-17 09:35:46,537 [INFO] Pairs:BTCUSD
2026-04-17 09:35:46,538 [INFO] Sleeping for 1.0 minutes...
2026-04-17 09:35:56,239 [INFO] Waking up to check market conditions...
2026-04-17 09:35:56,275 [INFO] No valid setup. Waiting.
2026-04-17 09:35:56,276 [INFO] Pairs:XAUUSD
2026-04-17 09:35:56,276 [INFO] Sleeping for 1.0 minutes...
2026-04-17 09:36:46,539 [INFO] Waking up to check market conditions...
2026-04-17 09:36:46,589 [INFO] No valid setup. Waiting.
2026-04-17 09:36:46,590 [INFO] Pairs:BTCUSD
2026-04-17 09:36:46,590 [INFO] Sleeping for 1.0 minutes...
2026-04-17 09:36:56,277 [INFO] Waking up to check market conditions...
2026-04-17 09:36:56,312 [INFO] No valid setup. Waiting.
2026-04-17 09:36:56,313 [INFO] Pairs:XAUUSD
2026-04-17 09:36:56,313 [INFO] Sleeping for 1.0 minutes...
2026-04-17 09:37:46,591 [INFO] Waking up to check market conditions...
2026-04-17 09:37:46,642 [INFO] No valid setup. Waiting.
2026-04-17 09:37:46,643 [INFO] Pairs:BTCUSD
2026-04-17 09:37:46,643 [INFO] Sleeping for 1.0 minutes...
2026-04-17 09:37:56,314 [INFO] Waking up to check market conditions...
2026-04-17 09:37:56,347 [INFO] No valid setup. Waiting.
2026-04-17 09:37:56,347 [INFO] Pairs:XAUUSD
2026-04-17 09:37:56,348 [INFO] Sleeping for 1.0 minutes...
2026-04-17 09:38:46,644 [INFO] Waking up to check market conditions...
2026-04-17 09:38:46,695 [INFO] No valid setup. Waiting.
2026-04-17 09:38:46,695 [INFO] Pairs:BTCUSD
2026-04-17 09:38:46,695 [INFO] Sleeping for 1.0 minutes...
2026-04-17 09:38:56,348 [INFO] Waking up to check market conditions...
2026-04-17 09:38:56,382 [INFO] No valid setup. Waiting.
2026-04-17 09:38:56,383 [INFO] Pairs:XAUUSD
2026-04-17 09:38:56,383 [INFO] Sleeping for 1.0 minutes...
2026-04-17 09:39:46,696 [INFO] Waking up to check market conditions...
2026-04-17 09:39:46,746 [INFO] No valid setup. Waiting.
2026-04-17 09:39:46,746 [INFO] Pairs:BTCUSD
2026-04-17 09:39:46,747 [INFO] Sleeping for 1.0 minutes...
2026-04-17 09:39:56,384 [INFO] Waking up to check market conditions...
2026-04-17 09:39:56,419 [INFO] No valid setup. Waiting.
2026-04-17 09:39:56,419 [INFO] Pairs:XAUUSD
2026-04-17 09:39:56,420 [INFO] Sleeping for 1.0 minutes...
2026-04-17 09:40:46,748 [INFO] Waking up to check market conditions...
2026-04-17 09:40:46,800 [INFO] No valid setup. Waiting.
2026-04-17 09:40:46,800 [INFO] Pairs:BTCUSD
2026-04-17 09:40:46,800 [INFO] Sleeping for 1.0 minutes...
2026-04-17 09:40:56,421 [INFO] Waking up to check market conditions...
2026-04-17 09:40:56,459 [INFO] No valid setup. Waiting.
2026-04-17 09:40:56,460 [INFO] Pairs:XAUUSD
2026-04-17 09:40:56,461 [INFO] Sleeping for 1.0 minutes...
2026-04-17 09:41:46,801 [INFO] Waking up to check market conditions...
2026-04-17 09:41:46,851 [INFO] No valid setup. Waiting.
2026-04-17 09:41:46,852 [INFO] Pairs:BTCUSD
2026-04-17 09:41:46,852 [INFO] Sleeping for 1.0 minutes...
2026-04-17 09:41:56,462 [INFO] Waking up to check market conditions...
2026-04-17 09:41:56,497 [INFO] No valid setup. Waiting.
2026-04-17 09:41:56,497 [INFO] Pairs:XAUUSD
2026-04-17 09:41:56,498 [INFO] Sleeping for 1.0 minutes...
2026-04-17 09:42:46,853 [INFO] Waking up to check market conditions...
2026-04-17 09:42:46,902 [INFO] No valid setup. Waiting.
2026-04-17 09:42:46,902 [INFO] Pairs:BTCUSD
2026-04-17 09:42:46,903 [INFO] Sleeping for 1.0 minutes...
2026-04-17 09:42:56,498 [INFO] Waking up to check market conditions...
2026-04-17 09:42:56,535 [INFO] No valid setup. Waiting.
2026-04-17 09:42:56,535 [INFO] Pairs:XAUUSD
2026-04-17 09:42:56,536 [INFO] Sleeping for 1.0 minutes...
2026-04-17 09:43:46,903 [INFO] Waking up to check market conditions...
2026-04-17 09:43:46,957 [INFO] No valid setup. Waiting.
2026-04-17 09:43:46,958 [INFO] Pairs:BTCUSD
2026-04-17 09:43:46,958 [INFO] Sleeping for 1.0 minutes...
2026-04-17 09:43:56,536 [INFO] Waking up to check market conditions...
2026-04-17 09:43:56,572 [INFO] No valid setup. Waiting.
2026-04-17 09:43:56,572 [INFO] Pairs:XAUUSD
2026-04-17 09:43:56,573 [INFO] Sleeping for 1.0 minutes...
2026-04-17 09:44:46,959 [INFO] Waking up to check market conditions...
2026-04-17 09:44:47,009 [INFO] No valid setup. Waiting.
2026-04-17 09:44:47,009 [INFO] Pairs:BTCUSD
2026-04-17 09:44:47,010 [INFO] Sleeping for 1.0 minutes...
2026-04-17 09:44:56,573 [INFO] Waking up to check market conditions...
2026-04-17 09:44:56,606 [INFO] No valid setup. Waiting.
2026-04-17 09:44:56,606 [INFO] Pairs:XAUUSD
2026-04-17 09:44:56,607 [INFO] Sleeping for 1.0 minutes...
2026-04-17 09:45:47,010 [INFO] Waking up to check market conditions...
2026-04-17 09:45:47,058 [INFO] No valid setup. Waiting.
2026-04-17 09:45:47,059 [INFO] Pairs:BTCUSD
2026-04-17 09:45:47,060 [INFO] Sleeping for 1.0 minutes...
2026-04-17 09:45:56,607 [INFO] Waking up to check market conditions...
2026-04-17 09:45:56,643 [INFO] No valid setup. Waiting.
2026-04-17 09:45:56,644 [INFO] Pairs:XAUUSD
2026-04-17 09:45:56,644 [INFO] Sleeping for 1.0 minutes...
2026-04-17 09:46:47,060 [INFO] Waking up to check market conditions...
2026-04-17 09:46:47,112 [INFO] No valid setup. Waiting.
2026-04-17 09:46:47,112 [INFO] Pairs:BTCUSD
2026-04-17 09:46:47,113 [INFO] Sleeping for 1.0 minutes...
2026-04-17 09:46:56,645 [INFO] Waking up to check market conditions...
2026-04-17 09:46:56,681 [INFO] No valid setup. Waiting.
2026-04-17 09:46:56,682 [INFO] Pairs:XAUUSD
2026-04-17 09:46:56,682 [INFO] Sleeping for 1.0 minutes...
2026-04-17 09:47:47,114 [INFO] Waking up to check market conditions...
2026-04-17 09:47:47,166 [INFO] No valid setup. Waiting.
2026-04-17 09:47:47,166 [INFO] Pairs:BTCUSD
2026-04-17 09:47:47,167 [INFO] Sleeping for 1.0 minutes...
2026-04-17 09:47:56,682 [INFO] Waking up to check market conditions...
2026-04-17 09:47:56,718 [INFO] No valid setup. Waiting.
2026-04-17 09:47:56,718 [INFO] Pairs:XAUUSD
2026-04-17 09:47:56,719 [INFO] Sleeping for 1.0 minutes...
2026-04-17 09:48:47,167 [INFO] Waking up to check market conditions...
2026-04-17 09:48:47,215 [INFO] No valid setup. Waiting.
2026-04-17 09:48:47,216 [INFO] Pairs:BTCUSD
2026-04-17 09:48:47,216 [INFO] Sleeping for 1.0 minutes...
2026-04-17 09:48:56,720 [INFO] Waking up to check market conditions...
2026-04-17 09:48:56,754 [INFO] No valid setup. Waiting.
2026-04-17 09:48:56,754 [INFO] Pairs:XAUUSD
2026-04-17 09:48:56,754 [INFO] Sleeping for 1.0 minutes...
2026-04-17 09:49:47,217 [INFO] Waking up to check market conditions...
2026-04-17 09:49:47,267 [INFO] No valid setup. Waiting.
2026-04-17 09:49:47,267 [INFO] Pairs:BTCUSD
2026-04-17 09:49:47,267 [INFO] Sleeping for 1.0 minutes...
2026-04-17 09:49:56,755 [INFO] Waking up to check market conditions...
2026-04-17 09:49:56,789 [INFO] No valid setup. Waiting.
2026-04-17 09:49:56,790 [INFO] Pairs:XAUUSD
2026-04-17 09:49:56,790 [INFO] Sleeping for 1.0 minutes...
2026-04-17 09:50:47,268 [INFO] Waking up to check market conditions...
2026-04-17 09:50:47,318 [INFO] No valid setup. Waiting.
2026-04-17 09:50:47,319 [INFO] Pairs:BTCUSD
2026-04-17 09:50:47,319 [INFO] Sleeping for 1.0 minutes...
2026-04-17 09:50:56,791 [INFO] Waking up to check market conditions...
2026-04-17 09:50:56,829 [INFO] No valid setup. Waiting.
2026-04-17 09:50:56,830 [INFO] Pairs:XAUUSD
2026-04-17 09:50:56,830 [INFO] Sleeping for 1.0 minutes...
2026-04-17 09:51:47,320 [INFO] Waking up to check market conditions...
2026-04-17 09:51:47,369 [INFO] No valid setup. Waiting.
2026-04-17 09:51:47,369 [INFO] Pairs:BTCUSD
2026-04-17 09:51:47,370 [INFO] Sleeping for 1.0 minutes...
2026-04-17 09:51:56,831 [INFO] Waking up to check market conditions...
2026-04-17 09:51:56,868 [INFO] No valid setup. Waiting.
2026-04-17 09:51:56,868 [INFO] Pairs:XAUUSD
2026-04-17 09:51:56,869 [INFO] Sleeping for 1.0 minutes...
2026-04-17 09:52:47,371 [INFO] Waking up to check market conditions...
2026-04-17 09:52:47,421 [INFO] No valid setup. Waiting.
2026-04-17 09:52:47,422 [INFO] Pairs:BTCUSD
2026-04-17 09:52:47,422 [INFO] Sleeping for 1.0 minutes...
2026-04-17 09:52:56,870 [INFO] Waking up to check market conditions...
2026-04-17 09:52:56,906 [INFO] No valid setup. Waiting.
2026-04-17 09:52:56,907 [INFO] Pairs:XAUUSD
2026-04-17 09:52:56,907 [INFO] Sleeping for 1.0 minutes...
2026-04-17 09:53:47,423 [INFO] Waking up to check market conditions...
2026-04-17 09:53:47,469 [INFO] No valid setup. Waiting.
2026-04-17 09:53:47,469 [INFO] Pairs:BTCUSD
2026-04-17 09:53:47,470 [INFO] Sleeping for 1.0 minutes...
2026-04-17 09:53:56,908 [INFO] Waking up to check market conditions...
2026-04-17 09:53:56,941 [INFO] No valid setup. Waiting.
2026-04-17 09:53:56,942 [INFO] Pairs:XAUUSD
2026-04-17 09:53:56,942 [INFO] Sleeping for 1.0 minutes...
2026-04-17 09:54:47,470 [INFO] Waking up to check market conditions...
2026-04-17 09:54:47,520 [INFO] No valid setup. Waiting.
2026-04-17 09:54:47,521 [INFO] Pairs:BTCUSD
2026-04-17 09:54:47,521 [INFO] Sleeping for 1.0 minutes...
2026-04-17 09:54:56,943 [INFO] Waking up to check market conditions...
2026-04-17 09:54:56,978 [INFO] No valid setup. Waiting.
2026-04-17 09:54:56,978 [INFO] Pairs:XAUUSD
2026-04-17 09:54:56,978 [INFO] Sleeping for 1.0 minutes...
2026-04-17 09:55:47,522 [INFO] Waking up to check market conditions...
2026-04-17 09:55:47,570 [INFO] No valid setup. Waiting.
2026-04-17 09:55:47,571 [INFO] Pairs:BTCUSD
2026-04-17 09:55:47,571 [INFO] Sleeping for 1.0 minutes...
2026-04-17 09:55:56,979 [INFO] Waking up to check market conditions...
2026-04-17 09:55:57,014 [INFO] No valid setup. Waiting.
2026-04-17 09:55:57,015 [INFO] Pairs:XAUUSD
2026-04-17 09:55:57,015 [INFO] Sleeping for 1.0 minutes...
2026-04-17 09:56:47,572 [INFO] Waking up to check market conditions...
2026-04-17 09:56:47,620 [INFO] No valid setup. Waiting.
2026-04-17 09:56:47,621 [INFO] Pairs:BTCUSD
2026-04-17 09:56:47,621 [INFO] Sleeping for 1.0 minutes...
2026-04-17 09:56:57,016 [INFO] Waking up to check market conditions...
2026-04-17 09:56:57,064 [INFO] No valid setup. Waiting.
2026-04-17 09:56:57,065 [INFO] Pairs:XAUUSD
2026-04-17 09:56:57,065 [INFO] Sleeping for 1.0 minutes...
2026-04-17 09:57:47,622 [INFO] Waking up to check market conditions...
2026-04-17 09:57:47,672 [INFO] No valid setup. Waiting.
2026-04-17 09:57:47,673 [INFO] Pairs:BTCUSD
2026-04-17 09:57:47,673 [INFO] Sleeping for 1.0 minutes...
2026-04-17 09:57:57,066 [INFO] Waking up to check market conditions...
2026-04-17 09:57:57,101 [INFO] No valid setup. Waiting.
2026-04-17 09:57:57,101 [INFO] Pairs:XAUUSD
2026-04-17 09:57:57,102 [INFO] Sleeping for 1.0 minutes...
2026-04-17 09:58:47,674 [INFO] Waking up to check market conditions...
2026-04-17 09:58:47,725 [INFO] No valid setup. Waiting.
2026-04-17 09:58:47,725 [INFO] Pairs:BTCUSD
2026-04-17 09:58:47,725 [INFO] Sleeping for 1.0 minutes...
2026-04-17 09:58:57,102 [INFO] Waking up to check market conditions...
2026-04-17 09:58:57,138 [INFO] No valid setup. Waiting.
2026-04-17 09:58:57,138 [INFO] Pairs:XAUUSD
2026-04-17 09:58:57,139 [INFO] Sleeping for 1.0 minutes...
2026-04-17 09:59:47,726 [INFO] Waking up to check market conditions...
2026-04-17 09:59:47,776 [INFO] No valid setup. Waiting.
2026-04-17 09:59:47,776 [INFO] Pairs:BTCUSD
2026-04-17 09:59:47,777 [INFO] Sleeping for 1.0 minutes...
2026-04-17 09:59:57,139 [INFO] Waking up to check market conditions...
2026-04-17 09:59:57,176 [INFO] No valid setup. Waiting.
2026-04-17 09:59:57,176 [INFO] Pairs:XAUUSD
2026-04-17 09:59:57,177 [INFO] Sleeping for 1.0 minutes...
2026-04-17 10:00:47,778 [INFO] Waking up to check market conditions...
2026-04-17 10:00:47,826 [INFO] No valid setup. Waiting.
2026-04-17 10:00:47,827 [INFO] Pairs:BTCUSD
2026-04-17 10:00:47,827 [INFO] Sleeping for 1.0 minutes...
2026-04-17 10:00:57,177 [INFO] Waking up to check market conditions...
2026-04-17 10:00:57,213 [INFO] No valid setup. Waiting.
2026-04-17 10:00:57,214 [INFO] Pairs:XAUUSD
2026-04-17 10:00:57,214 [INFO] Sleeping for 1.0 minutes...
2026-04-17 10:01:47,828 [INFO] Waking up to check market conditions...
2026-04-17 10:01:47,875 [INFO] No valid setup. Waiting.
2026-04-17 10:01:47,875 [INFO] Pairs:BTCUSD
2026-04-17 10:01:47,876 [INFO] Sleeping for 1.0 minutes...
2026-04-17 10:01:57,215 [INFO] Waking up to check market conditions...
2026-04-17 10:01:57,251 [INFO] No valid setup. Waiting.
2026-04-17 10:01:57,251 [INFO] Pairs:XAUUSD
2026-04-17 10:01:57,251 [INFO] Sleeping for 1.0 minutes...
2026-04-17 10:02:47,877 [INFO] Waking up to check market conditions...
2026-04-17 10:02:47,928 [INFO] No valid setup. Waiting.
2026-04-17 10:02:47,928 [INFO] Pairs:BTCUSD
2026-04-17 10:02:47,929 [INFO] Sleeping for 1.0 minutes...
2026-04-17 10:02:57,252 [INFO] Waking up to check market conditions...
2026-04-17 10:02:57,287 [INFO] No valid setup. Waiting.
2026-04-17 10:02:57,288 [INFO] Pairs:XAUUSD
2026-04-17 10:02:57,288 [INFO] Sleeping for 1.0 minutes...
2026-04-17 10:03:47,929 [INFO] Waking up to check market conditions...
2026-04-17 10:03:47,978 [INFO] No valid setup. Waiting.
2026-04-17 10:03:47,979 [INFO] Pairs:BTCUSD
2026-04-17 10:03:47,979 [INFO] Sleeping for 1.0 minutes...
2026-04-17 10:03:57,289 [INFO] Waking up to check market conditions...
2026-04-17 10:03:57,322 [INFO] No valid setup. Waiting.
2026-04-17 10:03:57,323 [INFO] Pairs:XAUUSD
2026-04-17 10:03:57,323 [INFO] Sleeping for 1.0 minutes...
2026-04-17 10:04:47,980 [INFO] Waking up to check market conditions...
2026-04-17 10:04:48,030 [INFO] No valid setup. Waiting.
2026-04-17 10:04:48,031 [INFO] Pairs:BTCUSD
2026-04-17 10:04:48,031 [INFO] Sleeping for 1.0 minutes...
2026-04-17 10:04:57,324 [INFO] Waking up to check market conditions...
2026-04-17 10:04:57,359 [INFO] No valid setup. Waiting.
2026-04-17 10:04:57,359 [INFO] Pairs:XAUUSD
2026-04-17 10:04:57,359 [INFO] Sleeping for 1.0 minutes...
2026-04-17 10:05:48,032 [INFO] Waking up to check market conditions...
2026-04-17 10:05:48,083 [INFO] No valid setup. Waiting.
2026-04-17 10:05:48,083 [INFO] Pairs:BTCUSD
2026-04-17 10:05:48,083 [INFO] Sleeping for 1.0 minutes...
2026-04-17 10:05:57,360 [INFO] Waking up to check market conditions...
2026-04-17 10:05:57,395 [INFO] No valid setup. Waiting.
2026-04-17 10:05:57,396 [INFO] Pairs:XAUUSD
2026-04-17 10:05:57,396 [INFO] Sleeping for 1.0 minutes...
2026-04-17 10:06:48,084 [INFO] Waking up to check market conditions...
2026-04-17 10:06:48,136 [INFO] No valid setup. Waiting.
2026-04-17 10:06:48,136 [INFO] Pairs:BTCUSD
2026-04-17 10:06:48,137 [INFO] Sleeping for 1.0 minutes...
2026-04-17 10:06:57,397 [INFO] Waking up to check market conditions...
2026-04-17 10:06:57,431 [INFO] No valid setup. Waiting.
2026-04-17 10:06:57,432 [INFO] Pairs:XAUUSD
2026-04-17 10:06:57,432 [INFO] Sleeping for 1.0 minutes...
2026-04-17 10:07:48,137 [INFO] Waking up to check market conditions...
2026-04-17 10:07:48,188 [INFO] No valid setup. Waiting.
2026-04-17 10:07:48,188 [INFO] Pairs:BTCUSD
2026-04-17 10:07:48,189 [INFO] Sleeping for 1.0 minutes...
2026-04-17 10:07:57,433 [INFO] Waking up to check market conditions...
2026-04-17 10:07:57,468 [INFO] No valid setup. Waiting.
2026-04-17 10:07:57,468 [INFO] Pairs:XAUUSD
2026-04-17 10:07:57,469 [INFO] Sleeping for 1.0 minutes...
2026-04-17 10:08:48,190 [INFO] Waking up to check market conditions...
2026-04-17 10:08:48,237 [INFO] No valid setup. Waiting.
2026-04-17 10:08:48,238 [INFO] Pairs:BTCUSD
2026-04-17 10:08:48,238 [INFO] Sleeping for 1.0 minutes...
2026-04-17 10:08:57,469 [INFO] Waking up to check market conditions...
2026-04-17 10:08:57,506 [INFO] No valid setup. Waiting.
2026-04-17 10:08:57,506 [INFO] Pairs:XAUUSD
2026-04-17 10:08:57,507 [INFO] Sleeping for 1.0 minutes...
2026-04-17 10:09:48,239 [INFO] Waking up to check market conditions...
2026-04-17 10:09:48,304 [INFO] No valid setup. Waiting.
2026-04-17 10:09:48,305 [INFO] Pairs:BTCUSD
2026-04-17 10:09:48,306 [INFO] Sleeping for 1.0 minutes...
2026-04-17 10:09:57,508 [INFO] Waking up to check market conditions...
2026-04-17 10:09:57,548 [INFO] No valid setup. Waiting.
2026-04-17 10:09:57,549 [INFO] Pairs:XAUUSD
2026-04-17 10:09:57,549 [INFO] Sleeping for 1.0 minutes...
2026-04-17 10:10:48,306 [INFO] Waking up to check market conditions...
2026-04-17 10:10:48,356 [INFO] No valid setup. Waiting.
2026-04-17 10:10:48,356 [INFO] Pairs:BTCUSD
2026-04-17 10:10:48,356 [INFO] Sleeping for 1.0 minutes...
2026-04-17 10:10:57,550 [INFO] Waking up to check market conditions...
2026-04-17 10:10:57,587 [INFO] No valid setup. Waiting.
2026-04-17 10:10:57,588 [INFO] Pairs:XAUUSD
2026-04-17 10:10:57,588 [INFO] Sleeping for 1.0 minutes...
2026-04-17 10:11:48,357 [INFO] Waking up to check market conditions...
2026-04-17 10:11:48,407 [INFO] No valid setup. Waiting.
2026-04-17 10:11:48,407 [INFO] Pairs:BTCUSD
2026-04-17 10:11:48,408 [INFO] Sleeping for 1.0 minutes...
2026-04-17 10:11:57,589 [INFO] Waking up to check market conditions...
2026-04-17 10:11:57,625 [INFO] No valid setup. Waiting.
2026-04-17 10:11:57,625 [INFO] Pairs:XAUUSD
2026-04-17 10:11:57,626 [INFO] Sleeping for 1.0 minutes...
2026-04-17 10:12:48,409 [INFO] Waking up to check market conditions...
2026-04-17 10:12:48,459 [INFO] No valid setup. Waiting.
2026-04-17 10:12:48,459 [INFO] Pairs:BTCUSD
2026-04-17 10:12:48,460 [INFO] Sleeping for 1.0 minutes...
2026-04-17 10:12:57,626 [INFO] Waking up to check market conditions...
2026-04-17 10:12:57,660 [INFO] No valid setup. Waiting.
2026-04-17 10:12:57,660 [INFO] Pairs:XAUUSD
2026-04-17 10:12:57,660 [INFO] Sleeping for 1.0 minutes...
2026-04-17 10:13:48,461 [INFO] Waking up to check market conditions...
2026-04-17 10:13:48,511 [INFO] No valid setup. Waiting.
2026-04-17 10:13:48,512 [INFO] Pairs:BTCUSD
2026-04-17 10:13:48,512 [INFO] Sleeping for 1.0 minutes...
2026-04-17 10:13:57,661 [INFO] Waking up to check market conditions...
2026-04-17 10:13:57,698 [INFO] No valid setup. Waiting.
2026-04-17 10:13:57,698 [INFO] Pairs:XAUUSD
2026-04-17 10:13:57,699 [INFO] Sleeping for 1.0 minutes...
2026-04-17 10:14:48,513 [INFO] Waking up to check market conditions...
2026-04-17 10:14:48,564 [INFO] No valid setup. Waiting.
2026-04-17 10:14:48,564 [INFO] Pairs:BTCUSD
2026-04-17 10:14:48,565 [INFO] Sleeping for 1.0 minutes...
2026-04-17 10:14:57,700 [INFO] Waking up to check market conditions...
2026-04-17 10:14:57,735 [INFO] No valid setup. Waiting.
2026-04-17 10:14:57,736 [INFO] Pairs:XAUUSD
2026-04-17 10:14:57,736 [INFO] Sleeping for 1.0 minutes...
2026-04-17 10:15:48,566 [INFO] Waking up to check market conditions...
2026-04-17 10:15:48,616 [INFO] No valid setup. Waiting.
2026-04-17 10:15:48,617 [INFO] Pairs:BTCUSD
2026-04-17 10:15:48,617 [INFO] Sleeping for 1.0 minutes...
2026-04-17 10:15:57,737 [INFO] Waking up to check market conditions...
2026-04-17 10:15:57,771 [INFO] No valid setup. Waiting.
2026-04-17 10:15:57,772 [INFO] Pairs:XAUUSD
2026-04-17 10:15:57,772 [INFO] Sleeping for 1.0 minutes...
2026-04-17 10:16:48,618 [INFO] Waking up to check market conditions...
2026-04-17 10:16:48,668 [INFO] No valid setup. Waiting.
2026-04-17 10:16:48,669 [INFO] Pairs:BTCUSD
2026-04-17 10:16:48,669 [INFO] Sleeping for 1.0 minutes...
2026-04-17 10:16:57,773 [INFO] Waking up to check market conditions...
2026-04-17 10:16:57,808 [INFO] No valid setup. Waiting.
2026-04-17 10:16:57,809 [INFO] Pairs:XAUUSD
2026-04-17 10:16:57,809 [INFO] Sleeping for 1.0 minutes...
2026-04-17 10:17:48,670 [INFO] Waking up to check market conditions...
2026-04-17 10:17:48,721 [INFO] No valid setup. Waiting.
2026-04-17 10:17:48,721 [INFO] Pairs:BTCUSD
2026-04-17 10:17:48,722 [INFO] Sleeping for 1.0 minutes...
2026-04-17 10:17:57,810 [INFO] Waking up to check market conditions...
2026-04-17 10:17:57,846 [INFO] No valid setup. Waiting.
2026-04-17 10:17:57,846 [INFO] Pairs:XAUUSD
2026-04-17 10:17:57,847 [INFO] Sleeping for 1.0 minutes...
2026-04-17 10:18:48,722 [INFO] Waking up to check market conditions...
2026-04-17 10:18:48,790 [INFO] No valid setup. Waiting.
2026-04-17 10:18:48,790 [INFO] Pairs:BTCUSD
2026-04-17 10:18:48,790 [INFO] Sleeping for 1.0 minutes...
2026-04-17 10:18:57,848 [INFO] Waking up to check market conditions...
2026-04-17 10:18:57,882 [INFO] No valid setup. Waiting.
2026-04-17 10:18:57,882 [INFO] Pairs:XAUUSD
2026-04-17 10:18:57,883 [INFO] Sleeping for 1.0 minutes...
2026-04-17 10:19:48,791 [INFO] Waking up to check market conditions...
2026-04-17 10:19:48,840 [INFO] No valid setup. Waiting.
2026-04-17 10:19:48,841 [INFO] Pairs:BTCUSD
2026-04-17 10:19:48,841 [INFO] Sleeping for 1.0 minutes...
2026-04-17 10:19:57,883 [INFO] Waking up to check market conditions...
2026-04-17 10:19:57,918 [INFO] No valid setup. Waiting.
2026-04-17 10:19:57,919 [INFO] Pairs:XAUUSD
2026-04-17 10:19:57,919 [INFO] Sleeping for 1.0 minutes...
2026-04-17 10:20:48,842 [INFO] Waking up to check market conditions...
2026-04-17 10:20:48,893 [INFO] No valid setup. Waiting.
2026-04-17 10:20:48,893 [INFO] Pairs:BTCUSD
2026-04-17 10:20:48,894 [INFO] Sleeping for 1.0 minutes...
2026-04-17 10:20:57,920 [INFO] Waking up to check market conditions...
2026-04-17 10:20:57,955 [INFO] No valid setup. Waiting.
2026-04-17 10:20:57,955 [INFO] Pairs:XAUUSD
2026-04-17 10:20:57,956 [INFO] Sleeping for 1.0 minutes...
2026-04-17 10:21:48,894 [INFO] Waking up to check market conditions...
2026-04-17 10:21:48,945 [INFO] No valid setup. Waiting.
2026-04-17 10:21:48,945 [INFO] Pairs:BTCUSD
2026-04-17 10:21:48,946 [INFO] Sleeping for 1.0 minutes...
2026-04-17 10:21:57,957 [INFO] Waking up to check market conditions...
2026-04-17 10:21:57,991 [INFO] No valid setup. Waiting.
2026-04-17 10:21:57,992 [INFO] Pairs:XAUUSD
2026-04-17 10:21:57,992 [INFO] Sleeping for 1.0 minutes...
2026-04-17 10:22:48,947 [INFO] Waking up to check market conditions...
2026-04-17 10:22:48,996 [INFO] No valid setup. Waiting.
2026-04-17 10:22:48,997 [INFO] Pairs:BTCUSD
2026-04-17 10:22:48,997 [INFO] Sleeping for 1.0 minutes...
2026-04-17 10:22:57,993 [INFO] Waking up to check market conditions...
2026-04-17 10:22:58,029 [INFO] No valid setup. Waiting.
2026-04-17 10:22:58,029 [INFO] Pairs:XAUUSD
2026-04-17 10:22:58,030 [INFO] Sleeping for 1.0 minutes...
2026-04-17 10:23:48,998 [INFO] Waking up to check market conditions...
2026-04-17 10:23:49,048 [INFO] No valid setup. Waiting.
2026-04-17 10:23:49,049 [INFO] Pairs:BTCUSD
2026-04-17 10:23:49,049 [INFO] Sleeping for 1.0 minutes...
2026-04-17 10:23:58,030 [INFO] Waking up to check market conditions...
2026-04-17 10:23:58,066 [INFO] No valid setup. Waiting.
2026-04-17 10:23:58,067 [INFO] Pairs:XAUUSD
2026-04-17 10:23:58,067 [INFO] Sleeping for 1.0 minutes...
2026-04-17 10:24:49,050 [INFO] Waking up to check market conditions...
2026-04-17 10:24:49,100 [INFO] No valid setup. Waiting.
2026-04-17 10:24:49,101 [INFO] Pairs:BTCUSD
2026-04-17 10:24:49,101 [INFO] Sleeping for 1.0 minutes...
2026-04-17 10:24:58,068 [INFO] Waking up to check market conditions...
2026-04-17 10:24:58,104 [INFO] No valid setup. Waiting.
2026-04-17 10:24:58,105 [INFO] Pairs:XAUUSD
2026-04-17 10:24:58,105 [INFO] Sleeping for 1.0 minutes...
2026-04-17 10:25:49,102 [INFO] Waking up to check market conditions...
2026-04-17 10:25:49,152 [INFO] No valid setup. Waiting.
2026-04-17 10:25:49,152 [INFO] Pairs:BTCUSD
2026-04-17 10:25:49,152 [INFO] Sleeping for 1.0 minutes...
2026-04-17 10:25:58,106 [INFO] Waking up to check market conditions...
2026-04-17 10:25:58,141 [INFO] No valid setup. Waiting.
2026-04-17 10:25:58,141 [INFO] Pairs:XAUUSD
2026-04-17 10:25:58,142 [INFO] Sleeping for 1.0 minutes...
2026-04-17 10:26:49,153 [INFO] Waking up to check market conditions...
2026-04-17 10:26:49,201 [INFO] No valid setup. Waiting.
2026-04-17 10:26:49,202 [INFO] Pairs:BTCUSD
2026-04-17 10:26:49,202 [INFO] Sleeping for 1.0 minutes...
2026-04-17 10:26:58,143 [INFO] Waking up to check market conditions...
2026-04-17 10:26:58,179 [INFO] No valid setup. Waiting.
2026-04-17 10:26:58,180 [INFO] Pairs:XAUUSD
2026-04-17 10:26:58,181 [INFO] Sleeping for 1.0 minutes...
2026-04-17 10:27:49,203 [INFO] Waking up to check market conditions...
2026-04-17 10:27:49,254 [INFO] No valid setup. Waiting.
2026-04-17 10:27:49,254 [INFO] Pairs:BTCUSD
2026-04-17 10:27:49,255 [INFO] Sleeping for 1.0 minutes...
2026-04-17 10:27:58,181 [INFO] Waking up to check market conditions...
2026-04-17 10:27:58,218 [INFO] No valid setup. Waiting.
2026-04-17 10:27:58,218 [INFO] Pairs:XAUUSD
2026-04-17 10:27:58,218 [INFO] Sleeping for 1.0 minutes...
2026-04-17 10:28:49,255 [INFO] Waking up to check market conditions...
2026-04-17 10:28:49,304 [INFO] No valid setup. Waiting.
2026-04-17 10:28:49,305 [INFO] Pairs:BTCUSD
2026-04-17 10:28:49,305 [INFO] Sleeping for 1.0 minutes...
2026-04-17 10:28:58,219 [INFO] Waking up to check market conditions...
2026-04-17 10:28:58,255 [INFO] No valid setup. Waiting.
2026-04-17 10:28:58,256 [INFO] Pairs:XAUUSD
2026-04-17 10:28:58,256 [INFO] Sleeping for 1.0 minutes...
2026-04-17 10:29:49,306 [INFO] Waking up to check market conditions...
2026-04-17 10:29:49,448 [INFO] No valid setup. Waiting.
2026-04-17 10:29:49,449 [INFO] Pairs:BTCUSD
2026-04-17 10:29:49,449 [INFO] Sleeping for 1.0 minutes...
2026-04-17 10:29:58,257 [INFO] Waking up to check market conditions...
2026-04-17 10:29:58,294 [INFO] No valid setup. Waiting.
2026-04-17 10:29:58,295 [INFO] Pairs:XAUUSD
2026-04-17 10:29:58,295 [INFO] Sleeping for 1.0 minutes...
2026-04-17 10:30:49,450 [INFO] Waking up to check market conditions...
2026-04-17 10:30:49,499 [INFO] Cancelling 1 pending order(s): no valid sweep/BOS setup
2026-04-17 10:30:49,757 [INFO] Canceled stale pending order ticket=288422434
2026-04-17 10:30:49,758 [INFO] No valid setup. Waiting.
2026-04-17 10:30:49,760 [INFO] Pairs:BTCUSD
2026-04-17 10:30:49,761 [INFO] Sleeping for 1.0 minutes...
2026-04-17 10:30:58,296 [INFO] Waking up to check market conditions...
2026-04-17 10:30:58,331 [INFO] No valid setup. Waiting.
2026-04-17 10:30:58,331 [INFO] Pairs:XAUUSD
2026-04-17 10:30:58,332 [INFO] Sleeping for 1.0 minutes...
2026-04-17 10:31:49,763 [INFO] Waking up to check market conditions...
2026-04-17 10:31:49,813 [INFO] No valid setup. Waiting.
2026-04-17 10:31:49,813 [INFO] Pairs:BTCUSD
2026-04-17 10:31:49,814 [INFO] Sleeping for 1.0 minutes...
2026-04-17 10:31:58,332 [INFO] Waking up to check market conditions...
2026-04-17 10:31:58,368 [INFO] No valid setup. Waiting.
2026-04-17 10:31:58,368 [INFO] Pairs:XAUUSD
2026-04-17 10:31:58,369 [INFO] Sleeping for 1.0 minutes...
2026-04-17 10:32:49,815 [INFO] Waking up to check market conditions...
2026-04-17 10:32:49,863 [INFO] No valid setup. Waiting.
2026-04-17 10:32:49,863 [INFO] Pairs:BTCUSD
2026-04-17 10:32:49,864 [INFO] Sleeping for 1.0 minutes...
2026-04-17 10:32:58,370 [INFO] Waking up to check market conditions...
2026-04-17 10:32:58,405 [INFO] No valid setup. Waiting.
2026-04-17 10:32:58,405 [INFO] Pairs:XAUUSD
2026-04-17 10:32:58,406 [INFO] Sleeping for 1.0 minutes...
2026-04-17 10:33:49,865 [INFO] Waking up to check market conditions...
2026-04-17 10:33:49,915 [INFO] No valid setup. Waiting.
2026-04-17 10:33:49,915 [INFO] Pairs:BTCUSD
2026-04-17 10:33:49,916 [INFO] Sleeping for 1.0 minutes...
2026-04-17 10:33:58,407 [INFO] Waking up to check market conditions...
2026-04-17 10:33:58,441 [INFO] No valid setup. Waiting.
2026-04-17 10:33:58,441 [INFO] Pairs:XAUUSD
2026-04-17 10:33:58,442 [INFO] Sleeping for 1.0 minutes...
2026-04-17 10:34:49,916 [INFO] Waking up to check market conditions...
2026-04-17 10:34:49,968 [INFO] No valid setup. Waiting.
2026-04-17 10:34:49,968 [INFO] Pairs:BTCUSD
2026-04-17 10:34:49,969 [INFO] Sleeping for 1.0 minutes...
2026-04-17 10:34:58,442 [INFO] Waking up to check market conditions...
2026-04-17 10:34:58,478 [INFO] No valid setup. Waiting.
2026-04-17 10:34:58,478 [INFO] Pairs:XAUUSD
2026-04-17 10:34:58,478 [INFO] Sleeping for 1.0 minutes...
2026-04-17 10:35:49,970 [INFO] Waking up to check market conditions...
2026-04-17 10:35:50,022 [INFO] No valid setup. Waiting.
2026-04-17 10:35:50,022 [INFO] Pairs:BTCUSD
2026-04-17 10:35:50,022 [INFO] Sleeping for 1.0 minutes...
2026-04-17 10:35:58,479 [INFO] Waking up to check market conditions...
2026-04-17 10:35:58,517 [INFO] No valid setup. Waiting.
2026-04-17 10:35:58,518 [INFO] Pairs:XAUUSD
2026-04-17 10:35:58,518 [INFO] Sleeping for 1.0 minutes...
2026-04-17 10:36:50,023 [INFO] Waking up to check market conditions...
2026-04-17 10:36:50,074 [INFO] No valid setup. Waiting.
2026-04-17 10:36:50,074 [INFO] Pairs:BTCUSD
2026-04-17 10:36:50,075 [INFO] Sleeping for 1.0 minutes...
2026-04-17 10:36:58,519 [INFO] Waking up to check market conditions...
2026-04-17 10:36:58,555 [INFO] No valid setup. Waiting.
2026-04-17 10:36:58,555 [INFO] Pairs:XAUUSD
2026-04-17 10:36:58,556 [INFO] Sleeping for 1.0 minutes...
2026-04-17 10:37:50,075 [INFO] Waking up to check market conditions...
2026-04-17 10:37:50,126 [INFO] No valid setup. Waiting.
2026-04-17 10:37:50,127 [INFO] Pairs:BTCUSD
2026-04-17 10:37:50,127 [INFO] Sleeping for 1.0 minutes...
2026-04-17 10:37:58,556 [INFO] Waking up to check market conditions...
2026-04-17 10:37:58,591 [INFO] No valid setup. Waiting.
2026-04-17 10:37:58,592 [INFO] Pairs:XAUUSD
2026-04-17 10:37:58,592 [INFO] Sleeping for 1.0 minutes...
2026-04-17 10:38:50,128 [INFO] Waking up to check market conditions...
2026-04-17 10:38:50,177 [INFO] No valid setup. Waiting.
2026-04-17 10:38:50,177 [INFO] Pairs:BTCUSD
2026-04-17 10:38:50,178 [INFO] Sleeping for 1.0 minutes...
2026-04-17 10:38:58,593 [INFO] Waking up to check market conditions...
2026-04-17 10:38:58,626 [INFO] No valid setup. Waiting.
2026-04-17 10:38:58,626 [INFO] Pairs:XAUUSD
2026-04-17 10:38:58,627 [INFO] Sleeping for 1.0 minutes...
2026-04-17 10:39:50,178 [INFO] Waking up to check market conditions...
2026-04-17 10:39:50,231 [INFO] No valid setup. Waiting.
2026-04-17 10:39:50,232 [INFO] Pairs:BTCUSD
2026-04-17 10:39:50,232 [INFO] Sleeping for 1.0 minutes...
2026-04-17 10:39:58,628 [INFO] Waking up to check market conditions...
2026-04-17 10:39:58,663 [INFO] No valid setup. Waiting.
2026-04-17 10:39:58,664 [INFO] Pairs:XAUUSD
2026-04-17 10:39:58,664 [INFO] Sleeping for 1.0 minutes...
2026-04-17 10:40:50,233 [INFO] Waking up to check market conditions...
2026-04-17 10:40:50,306 [INFO] No valid setup. Waiting.
2026-04-17 10:40:50,306 [INFO] Pairs:BTCUSD
2026-04-17 10:40:50,307 [INFO] Sleeping for 1.0 minutes...
2026-04-17 10:40:58,665 [INFO] Waking up to check market conditions...
2026-04-17 10:40:58,700 [INFO] No valid setup. Waiting.
2026-04-17 10:40:58,700 [INFO] Pairs:XAUUSD
2026-04-17 10:40:58,701 [INFO] Sleeping for 1.0 minutes...
2026-04-17 10:41:50,307 [INFO] Waking up to check market conditions...
2026-04-17 10:41:50,358 [INFO] No valid setup. Waiting.
2026-04-17 10:41:50,358 [INFO] Pairs:BTCUSD
2026-04-17 10:41:50,359 [INFO] Sleeping for 1.0 minutes...
2026-04-17 10:41:58,701 [INFO] Waking up to check market conditions...
2026-04-17 10:41:58,739 [INFO] No valid setup. Waiting.
2026-04-17 10:41:58,740 [INFO] Pairs:XAUUSD
2026-04-17 10:41:58,740 [INFO] Sleeping for 1.0 minutes...
2026-04-17 10:42:50,360 [INFO] Waking up to check market conditions...
2026-04-17 10:42:50,410 [INFO] No valid setup. Waiting.
2026-04-17 10:42:50,410 [INFO] Pairs:BTCUSD
2026-04-17 10:42:50,411 [INFO] Sleeping for 1.0 minutes...
2026-04-17 10:42:58,741 [INFO] Waking up to check market conditions...
2026-04-17 10:42:58,776 [INFO] No valid setup. Waiting.
2026-04-17 10:42:58,777 [INFO] Pairs:XAUUSD
2026-04-17 10:42:58,777 [INFO] Sleeping for 1.0 minutes...
2026-04-17 10:43:50,412 [INFO] Waking up to check market conditions...
2026-04-17 10:43:50,467 [INFO] No valid setup. Waiting.
2026-04-17 10:43:50,467 [INFO] Pairs:BTCUSD
2026-04-17 10:43:50,468 [INFO] Sleeping for 1.0 minutes...
2026-04-17 10:43:58,778 [INFO] Waking up to check market conditions...
2026-04-17 10:43:58,815 [INFO] No valid setup. Waiting.
2026-04-17 10:43:58,816 [INFO] Pairs:XAUUSD
2026-04-17 10:43:58,816 [INFO] Sleeping for 1.0 minutes...
2026-04-17 10:44:50,469 [INFO] Waking up to check market conditions...
2026-04-17 10:44:50,521 [INFO] No valid setup. Waiting.
2026-04-17 10:44:50,521 [INFO] Pairs:BTCUSD
2026-04-17 10:44:50,521 [INFO] Sleeping for 1.0 minutes...
2026-04-17 10:44:58,817 [INFO] Waking up to check market conditions...
2026-04-17 10:44:58,853 [INFO] No valid setup. Waiting.
2026-04-17 10:44:58,854 [INFO] Pairs:XAUUSD
2026-04-17 10:44:58,854 [INFO] Sleeping for 1.0 minutes...
2026-04-17 10:45:50,522 [INFO] Waking up to check market conditions...
2026-04-17 10:45:50,572 [INFO] No valid setup. Waiting.
2026-04-17 10:45:50,573 [INFO] Pairs:BTCUSD
2026-04-17 10:45:50,573 [INFO] Sleeping for 1.0 minutes...
2026-04-17 10:45:58,855 [INFO] Waking up to check market conditions...
2026-04-17 10:45:58,893 [INFO] No valid setup. Waiting.
2026-04-17 10:45:58,894 [INFO] Pairs:XAUUSD
2026-04-17 10:45:58,894 [INFO] Sleeping for 1.0 minutes...
2026-04-17 10:46:50,574 [INFO] Waking up to check market conditions...
2026-04-17 10:46:50,659 [INFO] No valid setup. Waiting.
2026-04-17 10:46:50,660 [INFO] Pairs:BTCUSD
2026-04-17 10:46:50,660 [INFO] Sleeping for 1.0 minutes...
2026-04-17 10:46:58,895 [INFO] Waking up to check market conditions...
2026-04-17 10:46:58,930 [INFO] No valid setup. Waiting.
2026-04-17 10:46:58,931 [INFO] Pairs:XAUUSD
2026-04-17 10:46:58,931 [INFO] Sleeping for 1.0 minutes...
2026-04-17 10:47:50,661 [INFO] Waking up to check market conditions...
2026-04-17 10:47:50,710 [INFO] No valid setup. Waiting.
2026-04-17 10:47:50,711 [INFO] Pairs:BTCUSD
2026-04-17 10:47:50,711 [INFO] Sleeping for 1.0 minutes...
2026-04-17 10:47:58,932 [INFO] Waking up to check market conditions...
2026-04-17 10:47:58,964 [INFO] No valid setup. Waiting.
2026-04-17 10:47:58,965 [INFO] Pairs:XAUUSD
2026-04-17 10:47:58,965 [INFO] Sleeping for 1.0 minutes...
2026-04-17 10:48:50,712 [INFO] Waking up to check market conditions...
2026-04-17 10:48:50,769 [INFO] No valid setup. Waiting.
2026-04-17 10:48:50,770 [INFO] Pairs:BTCUSD
2026-04-17 10:48:50,770 [INFO] Sleeping for 1.0 minutes...
2026-04-17 10:48:58,966 [INFO] Waking up to check market conditions...
2026-04-17 10:48:58,999 [INFO] No valid setup. Waiting.
2026-04-17 10:48:59,000 [INFO] Pairs:XAUUSD
2026-04-17 10:48:59,000 [INFO] Sleeping for 1.0 minutes...
2026-04-17 10:49:50,771 [INFO] Waking up to check market conditions...
2026-04-17 10:49:50,821 [INFO] No valid setup. Waiting.
2026-04-17 10:49:50,821 [INFO] Pairs:BTCUSD
2026-04-17 10:49:50,822 [INFO] Sleeping for 1.0 minutes...
2026-04-17 10:49:59,001 [INFO] Waking up to check market conditions...
2026-04-17 10:49:59,037 [INFO] No valid setup. Waiting.
2026-04-17 10:49:59,038 [INFO] Pairs:XAUUSD
2026-04-17 10:49:59,038 [INFO] Sleeping for 1.0 minutes...
2026-04-17 10:50:50,822 [INFO] Waking up to check market conditions...
2026-04-17 10:50:50,871 [INFO] No valid setup. Waiting.
2026-04-17 10:50:50,871 [INFO] Pairs:BTCUSD
2026-04-17 10:50:50,872 [INFO] Sleeping for 1.0 minutes...
2026-04-17 10:50:59,039 [INFO] Waking up to check market conditions...
2026-04-17 10:50:59,075 [INFO] No valid setup. Waiting.
2026-04-17 10:50:59,075 [INFO] Pairs:XAUUSD
2026-04-17 10:50:59,076 [INFO] Sleeping for 1.0 minutes...
2026-04-17 10:51:50,873 [INFO] Waking up to check market conditions...
2026-04-17 10:51:50,918 [INFO] No valid setup. Waiting.
2026-04-17 10:51:50,919 [INFO] Pairs:BTCUSD
2026-04-17 10:51:50,919 [INFO] Sleeping for 1.0 minutes...
2026-04-17 10:51:59,076 [INFO] Waking up to check market conditions...
2026-04-17 10:51:59,110 [INFO] No valid setup. Waiting.
2026-04-17 10:51:59,111 [INFO] Pairs:XAUUSD
2026-04-17 10:51:59,111 [INFO] Sleeping for 1.0 minutes...
2026-04-17 10:52:50,920 [INFO] Waking up to check market conditions...
2026-04-17 10:52:50,971 [INFO] No valid setup. Waiting.
2026-04-17 10:52:50,971 [INFO] Pairs:BTCUSD
2026-04-17 10:52:50,972 [INFO] Sleeping for 1.0 minutes...
2026-04-17 10:52:59,112 [INFO] Waking up to check market conditions...
2026-04-17 10:52:59,147 [INFO] No valid setup. Waiting.
2026-04-17 10:52:59,147 [INFO] Pairs:XAUUSD
2026-04-17 10:52:59,147 [INFO] Sleeping for 1.0 minutes...
2026-04-17 10:53:50,973 [INFO] Waking up to check market conditions...
2026-04-17 10:53:51,024 [INFO] No valid setup. Waiting.
2026-04-17 10:53:51,024 [INFO] Pairs:BTCUSD
2026-04-17 10:53:51,025 [INFO] Sleeping for 1.0 minutes...
2026-04-17 10:53:59,148 [INFO] Waking up to check market conditions...
2026-04-17 10:53:59,184 [INFO] No valid setup. Waiting.
2026-04-17 10:53:59,185 [INFO] Pairs:XAUUSD
2026-04-17 10:53:59,185 [INFO] Sleeping for 1.0 minutes...
2026-04-17 10:54:51,025 [INFO] Waking up to check market conditions...
2026-04-17 10:54:51,078 [INFO] No valid setup. Waiting.
2026-04-17 10:54:51,078 [INFO] Pairs:BTCUSD
2026-04-17 10:54:51,078 [INFO] Sleeping for 1.0 minutes...
2026-04-17 10:54:59,186 [INFO] Waking up to check market conditions...
2026-04-17 10:54:59,222 [INFO] No valid setup. Waiting.
2026-04-17 10:54:59,222 [INFO] Pairs:XAUUSD
2026-04-17 10:54:59,222 [INFO] Sleeping for 1.0 minutes...
2026-04-17 10:55:51,079 [INFO] Waking up to check market conditions...
2026-04-17 10:55:51,127 [INFO] No valid setup. Waiting.
2026-04-17 10:55:51,128 [INFO] Pairs:BTCUSD
2026-04-17 10:55:51,128 [INFO] Sleeping for 1.0 minutes...
2026-04-17 10:55:59,223 [INFO] Waking up to check market conditions...
2026-04-17 10:55:59,259 [INFO] No valid setup. Waiting.
2026-04-17 10:55:59,260 [INFO] Pairs:XAUUSD
2026-04-17 10:55:59,260 [INFO] Sleeping for 1.0 minutes...
2026-04-17 10:56:51,129 [INFO] Waking up to check market conditions...
2026-04-17 10:56:51,178 [INFO] No valid setup. Waiting.
2026-04-17 10:56:51,178 [INFO] Pairs:BTCUSD
2026-04-17 10:56:51,178 [INFO] Sleeping for 1.0 minutes...
2026-04-17 10:56:59,261 [INFO] Waking up to check market conditions...
2026-04-17 10:56:59,297 [INFO] No valid setup. Waiting.
2026-04-17 10:56:59,297 [INFO] Pairs:XAUUSD
2026-04-17 10:56:59,298 [INFO] Sleeping for 1.0 minutes...
2026-04-17 10:57:51,179 [INFO] Waking up to check market conditions...
2026-04-17 10:57:51,229 [INFO] No valid setup. Waiting.
2026-04-17 10:57:51,229 [INFO] Pairs:BTCUSD
2026-04-17 10:57:51,230 [INFO] Sleeping for 1.0 minutes...
2026-04-17 10:57:59,298 [INFO] Waking up to check market conditions...
2026-04-17 10:57:59,335 [INFO] No valid setup. Waiting.
2026-04-17 10:57:59,335 [INFO] Pairs:XAUUSD
2026-04-17 10:57:59,335 [INFO] Sleeping for 1.0 minutes...
2026-04-17 10:58:51,231 [INFO] Waking up to check market conditions...
2026-04-17 10:58:51,286 [INFO] No valid setup. Waiting.
2026-04-17 10:58:51,286 [INFO] Pairs:BTCUSD
2026-04-17 10:58:51,287 [INFO] Sleeping for 1.0 minutes...
2026-04-17 10:58:59,336 [INFO] Waking up to check market conditions...
2026-04-17 10:58:59,372 [INFO] No valid setup. Waiting.
2026-04-17 10:58:59,373 [INFO] Pairs:XAUUSD
2026-04-17 10:58:59,373 [INFO] Sleeping for 1.0 minutes...
2026-04-17 10:59:51,288 [INFO] Waking up to check market conditions...
2026-04-17 10:59:51,338 [INFO] No valid setup. Waiting.
2026-04-17 10:59:51,338 [INFO] Pairs:BTCUSD
2026-04-17 10:59:51,339 [INFO] Sleeping for 1.0 minutes...
2026-04-17 10:59:59,374 [INFO] Waking up to check market conditions...
2026-04-17 10:59:59,412 [INFO] No valid setup. Waiting.
2026-04-17 10:59:59,413 [INFO] Pairs:XAUUSD
2026-04-17 10:59:59,413 [INFO] Sleeping for 1.0 minutes...
2026-04-17 11:00:51,339 [INFO] Waking up to check market conditions...
2026-04-17 11:00:51,390 [INFO] No valid setup. Waiting.
2026-04-17 11:00:51,390 [INFO] Pairs:BTCUSD
2026-04-17 11:00:51,391 [INFO] Sleeping for 1.0 minutes...
2026-04-17 11:00:59,413 [INFO] Waking up to check market conditions...
2026-04-17 11:00:59,464 [INFO] No valid setup. Waiting.
2026-04-17 11:00:59,465 [INFO] Pairs:XAUUSD
2026-04-17 11:00:59,465 [INFO] Sleeping for 1.0 minutes...
2026-04-17 11:01:51,391 [INFO] Waking up to check market conditions...
2026-04-17 11:01:51,441 [INFO] No valid setup. Waiting.
2026-04-17 11:01:51,442 [INFO] Pairs:BTCUSD
2026-04-17 11:01:51,442 [INFO] Sleeping for 1.0 minutes...
2026-04-17 11:01:59,466 [INFO] Waking up to check market conditions...
2026-04-17 11:01:59,501 [INFO] No valid setup. Waiting.
2026-04-17 11:01:59,502 [INFO] Pairs:XAUUSD
2026-04-17 11:01:59,502 [INFO] Sleeping for 1.0 minutes...
2026-04-17 11:02:51,443 [INFO] Waking up to check market conditions...
2026-04-17 11:02:51,494 [INFO] No valid setup. Waiting.
2026-04-17 11:02:51,494 [INFO] Pairs:BTCUSD
2026-04-17 11:02:51,495 [INFO] Sleeping for 1.0 minutes...
2026-04-17 11:02:59,503 [INFO] Waking up to check market conditions...
2026-04-17 11:02:59,538 [INFO] No valid setup. Waiting.
2026-04-17 11:02:59,539 [INFO] Pairs:XAUUSD
2026-04-17 11:02:59,539 [INFO] Sleeping for 1.0 minutes...
2026-04-17 11:03:51,495 [INFO] Waking up to check market conditions...
2026-04-17 11:03:51,546 [INFO] No valid setup. Waiting.
2026-04-17 11:03:51,547 [INFO] Pairs:BTCUSD
2026-04-17 11:03:51,547 [INFO] Sleeping for 1.0 minutes...
2026-04-17 11:03:59,540 [INFO] Waking up to check market conditions...
2026-04-17 11:03:59,574 [INFO] No valid setup. Waiting.
2026-04-17 11:03:59,575 [INFO] Pairs:XAUUSD
2026-04-17 11:03:59,575 [INFO] Sleeping for 1.0 minutes...
2026-04-17 11:04:51,548 [INFO] Waking up to check market conditions...
2026-04-17 11:04:51,600 [INFO] No valid setup. Waiting.
2026-04-17 11:04:51,600 [INFO] Pairs:BTCUSD
2026-04-17 11:04:51,601 [INFO] Sleeping for 1.0 minutes...
2026-04-17 11:04:59,576 [INFO] Waking up to check market conditions...
2026-04-17 11:04:59,612 [INFO] No valid setup. Waiting.
2026-04-17 11:04:59,612 [INFO] Pairs:XAUUSD
2026-04-17 11:04:59,613 [INFO] Sleeping for 1.0 minutes...
2026-04-17 11:05:51,601 [INFO] Waking up to check market conditions...
2026-04-17 11:05:51,650 [INFO] No valid setup. Waiting.
2026-04-17 11:05:51,651 [INFO] Pairs:BTCUSD
2026-04-17 11:05:51,651 [INFO] Sleeping for 1.0 minutes...
2026-04-17 11:05:59,613 [INFO] Waking up to check market conditions...
2026-04-17 11:05:59,647 [INFO] No valid setup. Waiting.
2026-04-17 11:05:59,647 [INFO] Pairs:XAUUSD
2026-04-17 11:05:59,648 [INFO] Sleeping for 1.0 minutes...
2026-04-17 11:06:51,652 [INFO] Waking up to check market conditions...
2026-04-17 11:06:51,701 [INFO] No valid setup. Waiting.
2026-04-17 11:06:51,701 [INFO] Pairs:BTCUSD
2026-04-17 11:06:51,701 [INFO] Sleeping for 1.0 minutes...
2026-04-17 11:06:59,648 [INFO] Waking up to check market conditions...
2026-04-17 11:06:59,681 [INFO] No valid setup. Waiting.
2026-04-17 11:06:59,681 [INFO] Pairs:XAUUSD
2026-04-17 11:06:59,682 [INFO] Sleeping for 1.0 minutes...
2026-04-17 11:07:51,702 [INFO] Waking up to check market conditions...
2026-04-17 11:07:51,751 [INFO] No valid setup. Waiting.
2026-04-17 11:07:51,752 [INFO] Pairs:BTCUSD
2026-04-17 11:07:51,752 [INFO] Sleeping for 1.0 minutes...
2026-04-17 11:07:59,684 [INFO] Waking up to check market conditions...
2026-04-17 11:07:59,719 [INFO] No valid setup. Waiting.
2026-04-17 11:07:59,719 [INFO] Pairs:XAUUSD
2026-04-17 11:07:59,719 [INFO] Sleeping for 1.0 minutes...
2026-04-17 11:08:51,753 [INFO] Waking up to check market conditions...
2026-04-17 11:08:51,803 [INFO] No valid setup. Waiting.
2026-04-17 11:08:51,804 [INFO] Pairs:BTCUSD
2026-04-17 11:08:51,804 [INFO] Sleeping for 1.0 minutes...
2026-04-17 11:08:59,720 [INFO] Waking up to check market conditions...
2026-04-17 11:08:59,755 [INFO] No valid setup. Waiting.
2026-04-17 11:08:59,755 [INFO] Pairs:XAUUSD
2026-04-17 11:08:59,756 [INFO] Sleeping for 1.0 minutes...
2026-04-17 11:09:51,805 [INFO] Waking up to check market conditions...
2026-04-17 11:09:51,856 [INFO] No valid setup. Waiting.
2026-04-17 11:09:51,856 [INFO] Pairs:BTCUSD
2026-04-17 11:09:51,857 [INFO] Sleeping for 1.0 minutes...
2026-04-17 11:09:59,756 [INFO] Waking up to check market conditions...
2026-04-17 11:09:59,793 [INFO] No valid setup. Waiting.
2026-04-17 11:09:59,793 [INFO] Pairs:XAUUSD
2026-04-17 11:09:59,794 [INFO] Sleeping for 1.0 minutes...
2026-04-17 11:10:51,858 [INFO] Waking up to check market conditions...
2026-04-17 11:10:51,905 [INFO] No valid setup. Waiting.
2026-04-17 11:10:51,906 [INFO] Pairs:BTCUSD
2026-04-17 11:10:51,906 [INFO] Sleeping for 1.0 minutes...
2026-04-17 11:10:59,794 [INFO] Waking up to check market conditions...
2026-04-17 11:10:59,828 [INFO] No valid setup. Waiting.
2026-04-17 11:10:59,829 [INFO] Pairs:XAUUSD
2026-04-17 11:10:59,829 [INFO] Sleeping for 1.0 minutes...
2026-04-17 11:11:51,907 [INFO] Waking up to check market conditions...
2026-04-17 11:11:51,958 [INFO] No valid setup. Waiting.
2026-04-17 11:11:51,959 [INFO] Pairs:BTCUSD
2026-04-17 11:11:51,959 [INFO] Sleeping for 1.0 minutes...
2026-04-17 11:11:59,830 [INFO] Waking up to check market conditions...
2026-04-17 11:11:59,866 [INFO] No valid setup. Waiting.
2026-04-17 11:11:59,866 [INFO] Pairs:XAUUSD
2026-04-17 11:11:59,867 [INFO] Sleeping for 1.0 minutes...
2026-04-17 11:12:51,960 [INFO] Waking up to check market conditions...
2026-04-17 11:12:52,011 [INFO] No valid setup. Waiting.
2026-04-17 11:12:52,011 [INFO] Pairs:BTCUSD
2026-04-17 11:12:52,012 [INFO] Sleeping for 1.0 minutes...
2026-04-17 11:12:59,868 [INFO] Waking up to check market conditions...
2026-04-17 11:12:59,903 [INFO] No valid setup. Waiting.
2026-04-17 11:12:59,904 [INFO] Pairs:XAUUSD
2026-04-17 11:12:59,904 [INFO] Sleeping for 1.0 minutes...
2026-04-17 11:13:52,013 [INFO] Waking up to check market conditions...
2026-04-17 11:13:52,065 [INFO] No valid setup. Waiting.
2026-04-17 11:13:52,065 [INFO] Pairs:BTCUSD
2026-04-17 11:13:52,066 [INFO] Sleeping for 1.0 minutes...
2026-04-17 11:13:59,905 [INFO] Waking up to check market conditions...
2026-04-17 11:13:59,939 [INFO] No valid setup. Waiting.
2026-04-17 11:13:59,940 [INFO] Pairs:XAUUSD
2026-04-17 11:13:59,940 [INFO] Sleeping for 1.0 minutes...
2026-04-17 11:14:52,066 [INFO] Waking up to check market conditions...
2026-04-17 11:14:52,115 [INFO] No valid setup. Waiting.
2026-04-17 11:14:52,115 [INFO] Pairs:BTCUSD
2026-04-17 11:14:52,116 [INFO] Sleeping for 1.0 minutes...
2026-04-17 11:14:59,941 [INFO] Waking up to check market conditions...
2026-04-17 11:14:59,976 [INFO] No valid setup. Waiting.
2026-04-17 11:14:59,977 [INFO] Pairs:XAUUSD
2026-04-17 11:14:59,977 [INFO] Sleeping for 1.0 minutes...
2026-04-17 11:15:52,117 [INFO] Waking up to check market conditions...
2026-04-17 11:15:52,166 [INFO] No valid setup. Waiting.
2026-04-17 11:15:52,166 [INFO] Pairs:BTCUSD
2026-04-17 11:15:52,167 [INFO] Sleeping for 1.0 minutes...
2026-04-17 11:15:59,978 [INFO] Waking up to check market conditions...
2026-04-17 11:16:00,016 [INFO] No valid setup. Waiting.
2026-04-17 11:16:00,017 [INFO] Pairs:XAUUSD
2026-04-17 11:16:00,017 [INFO] Sleeping for 1.0 minutes...
2026-04-17 11:16:52,167 [INFO] Waking up to check market conditions...
2026-04-17 11:16:52,217 [INFO] No valid setup. Waiting.
2026-04-17 11:16:52,218 [INFO] Pairs:BTCUSD
2026-04-17 11:16:52,218 [INFO] Sleeping for 1.0 minutes...
2026-04-17 11:17:00,018 [INFO] Waking up to check market conditions...
2026-04-17 11:17:00,057 [INFO] No valid setup. Waiting.
2026-04-17 11:17:00,057 [INFO] Pairs:XAUUSD
2026-04-17 11:17:00,057 [INFO] Sleeping for 1.0 minutes...
2026-04-17 11:17:52,219 [INFO] Waking up to check market conditions...
2026-04-17 11:17:52,271 [INFO] No valid setup. Waiting.
2026-04-17 11:17:52,272 [INFO] Pairs:BTCUSD
2026-04-17 11:17:52,272 [INFO] Sleeping for 1.0 minutes...
2026-04-17 11:18:00,059 [INFO] Waking up to check market conditions...
2026-04-17 11:18:00,096 [INFO] No valid setup. Waiting.
2026-04-17 11:18:00,097 [INFO] Pairs:XAUUSD
2026-04-17 11:18:00,097 [INFO] Sleeping for 1.0 minutes...
2026-04-17 11:18:52,273 [INFO] Waking up to check market conditions...
2026-04-17 11:18:52,323 [INFO] No valid setup. Waiting.
2026-04-17 11:18:52,323 [INFO] Pairs:BTCUSD
2026-04-17 11:18:52,324 [INFO] Sleeping for 1.0 minutes...
2026-04-17 11:19:00,098 [INFO] Waking up to check market conditions...
2026-04-17 11:19:00,132 [INFO] No valid setup. Waiting.
2026-04-17 11:19:00,132 [INFO] Pairs:XAUUSD
2026-04-17 11:19:00,132 [INFO] Sleeping for 1.0 minutes...
2026-04-17 11:19:52,324 [INFO] Waking up to check market conditions...
2026-04-17 11:19:52,375 [INFO] No valid setup. Waiting.
2026-04-17 11:19:52,375 [INFO] Pairs:BTCUSD
2026-04-17 11:19:52,376 [INFO] Sleeping for 1.0 minutes...
2026-04-17 11:20:00,133 [INFO] Waking up to check market conditions...
2026-04-17 11:20:00,168 [INFO] No valid setup. Waiting.
2026-04-17 11:20:00,168 [INFO] Pairs:XAUUSD
2026-04-17 11:20:00,168 [INFO] Sleeping for 1.0 minutes...
2026-04-17 11:20:52,377 [INFO] Waking up to check market conditions...
2026-04-17 11:20:52,423 [INFO] No valid setup. Waiting.
2026-04-17 11:20:52,424 [INFO] Pairs:BTCUSD
2026-04-17 11:20:52,425 [INFO] Sleeping for 1.0 minutes...
2026-04-17 11:21:00,169 [INFO] Waking up to check market conditions...
2026-04-17 11:21:00,205 [INFO] No valid setup. Waiting.
2026-04-17 11:21:00,205 [INFO] Pairs:XAUUSD
2026-04-17 11:21:00,206 [INFO] Sleeping for 1.0 minutes...
2026-04-17 11:21:52,426 [INFO] Waking up to check market conditions...
2026-04-17 11:21:52,477 [INFO] No valid setup. Waiting.
2026-04-17 11:21:52,478 [INFO] Pairs:BTCUSD
2026-04-17 11:21:52,478 [INFO] Sleeping for 1.0 minutes...
2026-04-17 11:22:00,207 [INFO] Waking up to check market conditions...
2026-04-17 11:22:00,244 [INFO] No valid setup. Waiting.
2026-04-17 11:22:00,244 [INFO] Pairs:XAUUSD
2026-04-17 11:22:00,245 [INFO] Sleeping for 1.0 minutes...
2026-04-17 11:22:52,479 [INFO] Waking up to check market conditions...
2026-04-17 11:22:52,531 [INFO] No valid setup. Waiting.
2026-04-17 11:22:52,531 [INFO] Pairs:BTCUSD
2026-04-17 11:22:52,532 [INFO] Sleeping for 1.0 minutes...
2026-04-17 11:23:00,245 [INFO] Waking up to check market conditions...
2026-04-17 11:23:00,281 [INFO] No valid setup. Waiting.
2026-04-17 11:23:00,281 [INFO] Pairs:XAUUSD
2026-04-17 11:23:00,282 [INFO] Sleeping for 1.0 minutes...
2026-04-17 11:23:52,532 [INFO] Waking up to check market conditions...
2026-04-17 11:23:52,592 [INFO] No valid setup. Waiting.
2026-04-17 11:23:52,593 [INFO] Pairs:BTCUSD
2026-04-17 11:23:52,593 [INFO] Sleeping for 1.0 minutes...
2026-04-17 11:24:00,283 [INFO] Waking up to check market conditions...
2026-04-17 11:24:00,319 [INFO] No valid setup. Waiting.
2026-04-17 11:24:00,319 [INFO] Pairs:XAUUSD
2026-04-17 11:24:00,320 [INFO] Sleeping for 1.0 minutes...
2026-04-17 11:24:52,594 [INFO] Waking up to check market conditions...
2026-04-17 11:24:52,655 [INFO] No valid setup. Waiting.
2026-04-17 11:24:52,656 [INFO] Pairs:BTCUSD
2026-04-17 11:24:52,656 [INFO] Sleeping for 1.0 minutes...
2026-04-17 11:25:00,321 [INFO] Waking up to check market conditions...
2026-04-17 11:25:00,357 [INFO] No valid setup. Waiting.
2026-04-17 11:25:00,357 [INFO] Pairs:XAUUSD
2026-04-17 11:25:00,358 [INFO] Sleeping for 1.0 minutes...
2026-04-17 11:25:52,657 [INFO] Waking up to check market conditions...
2026-04-17 11:25:52,706 [INFO] No valid setup. Waiting.
2026-04-17 11:25:52,706 [INFO] Pairs:BTCUSD
2026-04-17 11:25:52,706 [INFO] Sleeping for 1.0 minutes...
2026-04-17 11:26:00,358 [INFO] Waking up to check market conditions...
2026-04-17 11:26:00,394 [INFO] No valid setup. Waiting.
2026-04-17 11:26:00,394 [INFO] Pairs:XAUUSD
2026-04-17 11:26:00,395 [INFO] Sleeping for 1.0 minutes...
2026-04-17 11:26:52,707 [INFO] Waking up to check market conditions...
2026-04-17 11:26:52,758 [INFO] No valid setup. Waiting.
2026-04-17 11:26:52,758 [INFO] Pairs:BTCUSD
2026-04-17 11:26:52,759 [INFO] Sleeping for 1.0 minutes...
2026-04-17 11:27:00,395 [INFO] Waking up to check market conditions...
2026-04-17 11:27:00,431 [INFO] No valid setup. Waiting.
2026-04-17 11:27:00,432 [INFO] Pairs:XAUUSD
2026-04-17 11:27:00,432 [INFO] Sleeping for 1.0 minutes...
2026-04-17 11:27:52,759 [INFO] Waking up to check market conditions...
2026-04-17 11:27:52,807 [INFO] No valid setup. Waiting.
2026-04-17 11:27:52,808 [INFO] Pairs:BTCUSD
2026-04-17 11:27:52,808 [INFO] Sleeping for 1.0 minutes...
2026-04-17 11:28:00,433 [INFO] Waking up to check market conditions...
2026-04-17 11:28:00,468 [INFO] No valid setup. Waiting.
2026-04-17 11:28:00,468 [INFO] Pairs:XAUUSD
2026-04-17 11:28:00,469 [INFO] Sleeping for 1.0 minutes...
2026-04-17 11:28:52,809 [INFO] Waking up to check market conditions...
2026-04-17 11:28:52,859 [INFO] No valid setup. Waiting.
2026-04-17 11:28:52,860 [INFO] Pairs:BTCUSD
2026-04-17 11:28:52,860 [INFO] Sleeping for 1.0 minutes...
2026-04-17 11:29:00,470 [INFO] Waking up to check market conditions...
2026-04-17 11:29:00,508 [INFO] No valid setup. Waiting.
2026-04-17 11:29:00,508 [INFO] Pairs:XAUUSD
2026-04-17 11:29:00,509 [INFO] Sleeping for 1.0 minutes...
2026-04-17 11:29:52,861 [INFO] Waking up to check market conditions...
2026-04-17 11:29:52,911 [INFO] No valid setup. Waiting.
2026-04-17 11:29:52,911 [INFO] Pairs:BTCUSD
2026-04-17 11:29:52,912 [INFO] Sleeping for 1.0 minutes...
2026-04-17 11:30:00,509 [INFO] Waking up to check market conditions...
2026-04-17 11:30:00,543 [INFO] No valid setup. Waiting.
2026-04-17 11:30:00,544 [INFO] Pairs:XAUUSD
2026-04-17 11:30:00,544 [INFO] Sleeping for 1.0 minutes...
2026-04-17 11:30:52,913 [INFO] Waking up to check market conditions...
2026-04-17 11:30:52,963 [INFO] No valid setup. Waiting.
2026-04-17 11:30:52,963 [INFO] Pairs:BTCUSD
2026-04-17 11:30:52,964 [INFO] Sleeping for 1.0 minutes...
2026-04-17 11:31:00,545 [INFO] Waking up to check market conditions...
2026-04-17 11:31:00,581 [INFO] No valid setup. Waiting.
2026-04-17 11:31:00,581 [INFO] Pairs:XAUUSD
2026-04-17 11:31:00,582 [INFO] Sleeping for 1.0 minutes...
2026-04-17 11:31:52,965 [INFO] Waking up to check market conditions...
2026-04-17 11:31:53,016 [INFO] No valid setup. Waiting.
2026-04-17 11:31:53,016 [INFO] Pairs:BTCUSD
2026-04-17 11:31:53,017 [INFO] Sleeping for 1.0 minutes...
2026-04-17 11:32:00,582 [INFO] Waking up to check market conditions...
2026-04-17 11:32:00,621 [INFO] No valid setup. Waiting.
2026-04-17 11:32:00,622 [INFO] Pairs:XAUUSD
2026-04-17 11:32:00,622 [INFO] Sleeping for 1.0 minutes...
2026-04-17 11:32:53,018 [INFO] Waking up to check market conditions...
2026-04-17 11:32:53,068 [INFO] No valid setup. Waiting.
2026-04-17 11:32:53,069 [INFO] Pairs:BTCUSD
2026-04-17 11:32:53,069 [INFO] Sleeping for 1.0 minutes...
2026-04-17 11:33:00,623 [INFO] Waking up to check market conditions...
2026-04-17 11:33:00,660 [INFO] No valid setup. Waiting.
2026-04-17 11:33:00,661 [INFO] Pairs:XAUUSD
2026-04-17 11:33:00,661 [INFO] Sleeping for 1.0 minutes...
2026-04-17 11:33:53,070 [INFO] Waking up to check market conditions...
2026-04-17 11:33:53,119 [INFO] No valid setup. Waiting.
2026-04-17 11:33:53,119 [INFO] Pairs:BTCUSD
2026-04-17 11:33:53,120 [INFO] Sleeping for 1.0 minutes...
2026-04-17 11:34:00,662 [INFO] Waking up to check market conditions...
2026-04-17 11:34:00,695 [INFO] No valid setup. Waiting.
2026-04-17 11:34:00,696 [INFO] Pairs:XAUUSD
2026-04-17 11:34:00,696 [INFO] Sleeping for 1.0 minutes...
2026-04-17 11:34:53,120 [INFO] Waking up to check market conditions...
2026-04-17 11:34:53,170 [INFO] No valid setup. Waiting.
2026-04-17 11:34:53,170 [INFO] Pairs:BTCUSD
2026-04-17 11:34:53,171 [INFO] Sleeping for 1.0 minutes...
2026-04-17 11:35:00,698 [INFO] Waking up to check market conditions...
2026-04-17 11:35:00,733 [INFO] No valid setup. Waiting.
2026-04-17 11:35:00,734 [INFO] Pairs:XAUUSD
2026-04-17 11:35:00,734 [INFO] Sleeping for 1.0 minutes...
2026-04-17 11:35:53,172 [INFO] Waking up to check market conditions...
2026-04-17 11:35:53,224 [INFO] No valid setup. Waiting.
2026-04-17 11:35:53,225 [INFO] Pairs:BTCUSD
2026-04-17 11:35:53,225 [INFO] Sleeping for 1.0 minutes...
2026-04-17 11:36:00,735 [INFO] Waking up to check market conditions...
2026-04-17 11:36:00,770 [INFO] No valid setup. Waiting.
2026-04-17 11:36:00,770 [INFO] Pairs:XAUUSD
2026-04-17 11:36:00,770 [INFO] Sleeping for 1.0 minutes...
2026-04-17 11:36:53,226 [INFO] Waking up to check market conditions...
2026-04-17 11:36:53,273 [INFO] No valid setup. Waiting.
2026-04-17 11:36:53,274 [INFO] Pairs:BTCUSD
2026-04-17 11:36:53,275 [INFO] Sleeping for 1.0 minutes...
2026-04-17 11:37:00,771 [INFO] Waking up to check market conditions...
2026-04-17 11:37:00,806 [INFO] No valid setup. Waiting.
2026-04-17 11:37:00,807 [INFO] Pairs:XAUUSD
2026-04-17 11:37:00,807 [INFO] Sleeping for 1.0 minutes...
2026-04-17 11:37:53,275 [INFO] Waking up to check market conditions...
2026-04-17 11:37:53,326 [INFO] No valid setup. Waiting.
2026-04-17 11:37:53,326 [INFO] Pairs:BTCUSD
2026-04-17 11:37:53,327 [INFO] Sleeping for 1.0 minutes...
2026-04-17 11:38:00,808 [INFO] Waking up to check market conditions...
2026-04-17 11:38:00,843 [INFO] No valid setup. Waiting.
2026-04-17 11:38:00,843 [INFO] Pairs:XAUUSD
2026-04-17 11:38:00,844 [INFO] Sleeping for 1.0 minutes...
2026-04-17 11:38:53,328 [INFO] Waking up to check market conditions...
2026-04-17 11:38:53,377 [INFO] No valid setup. Waiting.
2026-04-17 11:38:53,378 [INFO] Pairs:BTCUSD
2026-04-17 11:38:53,378 [INFO] Sleeping for 1.0 minutes...
2026-04-17 11:39:00,844 [INFO] Waking up to check market conditions...
2026-04-17 11:39:00,879 [INFO] No valid setup. Waiting.
2026-04-17 11:39:00,880 [INFO] Pairs:XAUUSD
2026-04-17 11:39:00,880 [INFO] Sleeping for 1.0 minutes...
2026-04-17 11:39:53,379 [INFO] Waking up to check market conditions...
2026-04-17 11:39:53,430 [INFO] No valid setup. Waiting.
2026-04-17 11:39:53,430 [INFO] Pairs:BTCUSD
2026-04-17 11:39:53,431 [INFO] Sleeping for 1.0 minutes...
2026-04-17 11:40:00,881 [INFO] Waking up to check market conditions...
2026-04-17 11:40:00,917 [INFO] No valid setup. Waiting.
2026-04-17 11:40:00,917 [INFO] Pairs:XAUUSD
2026-04-17 11:40:00,917 [INFO] Sleeping for 1.0 minutes...
2026-04-17 11:40:53,431 [INFO] Waking up to check market conditions...
2026-04-17 11:40:53,489 [INFO] No valid setup. Waiting.
2026-04-17 11:40:53,490 [INFO] Pairs:BTCUSD
2026-04-17 11:40:53,490 [INFO] Sleeping for 1.0 minutes...
2026-04-17 11:41:00,918 [INFO] Waking up to check market conditions...
2026-04-17 11:41:00,953 [INFO] No valid setup. Waiting.
2026-04-17 11:41:00,954 [INFO] Pairs:XAUUSD
2026-04-17 11:41:00,954 [INFO] Sleeping for 1.0 minutes...
2026-04-17 11:41:53,491 [INFO] Waking up to check market conditions...
2026-04-17 11:41:53,557 [INFO] No valid setup. Waiting.
2026-04-17 11:41:53,558 [INFO] Pairs:BTCUSD
2026-04-17 11:41:53,558 [INFO] Sleeping for 1.0 minutes...
2026-04-17 11:42:00,955 [INFO] Waking up to check market conditions...
2026-04-17 11:42:00,987 [INFO] No valid setup. Waiting.
2026-04-17 11:42:00,988 [INFO] Pairs:XAUUSD
2026-04-17 11:42:00,988 [INFO] Sleeping for 1.0 minutes...
2026-04-17 11:42:53,559 [INFO] Waking up to check market conditions...
2026-04-17 11:42:53,608 [INFO] No valid setup. Waiting.
2026-04-17 11:42:53,608 [INFO] Pairs:BTCUSD
2026-04-17 11:42:53,609 [INFO] Sleeping for 1.0 minutes...
2026-04-17 11:43:00,989 [INFO] Waking up to check market conditions...
2026-04-17 11:43:01,024 [INFO] No valid setup. Waiting.
2026-04-17 11:43:01,025 [INFO] Pairs:XAUUSD
2026-04-17 11:43:01,025 [INFO] Sleeping for 1.0 minutes...
2026-04-17 11:43:53,610 [INFO] Waking up to check market conditions...
2026-04-17 11:43:53,658 [INFO] No valid setup. Waiting.
2026-04-17 11:43:53,659 [INFO] Pairs:BTCUSD
2026-04-17 11:43:53,660 [INFO] Sleeping for 1.0 minutes...
2026-04-17 11:44:01,026 [INFO] Waking up to check market conditions...
2026-04-17 11:44:01,060 [INFO] No valid setup. Waiting.
2026-04-17 11:44:01,060 [INFO] Pairs:XAUUSD
2026-04-17 11:44:01,061 [INFO] Sleeping for 1.0 minutes...
2026-04-17 11:44:53,661 [INFO] Waking up to check market conditions...
2026-04-17 11:44:53,711 [INFO] No valid setup. Waiting.
2026-04-17 11:44:53,712 [INFO] Pairs:BTCUSD
2026-04-17 11:44:53,712 [INFO] Sleeping for 1.0 minutes...
2026-04-17 11:45:01,062 [INFO] Waking up to check market conditions...
2026-04-17 11:45:01,098 [INFO] No valid setup. Waiting.
2026-04-17 11:45:01,098 [INFO] Pairs:XAUUSD
2026-04-17 11:45:01,099 [INFO] Sleeping for 1.0 minutes...
2026-04-17 11:45:53,713 [INFO] Waking up to check market conditions...
2026-04-17 11:45:53,763 [INFO] No valid setup. Waiting.
2026-04-17 11:45:53,763 [INFO] Pairs:BTCUSD
2026-04-17 11:45:53,764 [INFO] Sleeping for 1.0 minutes...
2026-04-17 11:46:01,099 [INFO] Waking up to check market conditions...
2026-04-17 11:46:01,133 [INFO] No valid setup. Waiting.
2026-04-17 11:46:01,133 [INFO] Pairs:XAUUSD
2026-04-17 11:46:01,133 [INFO] Sleeping for 1.0 minutes...
2026-04-17 11:46:53,764 [INFO] Waking up to check market conditions...
2026-04-17 11:46:53,815 [INFO] No valid setup. Waiting.
2026-04-17 11:46:53,815 [INFO] Pairs:BTCUSD
2026-04-17 11:46:53,816 [INFO] Sleeping for 1.0 minutes...
2026-04-17 11:47:01,134 [INFO] Waking up to check market conditions...
2026-04-17 11:47:01,168 [INFO] No valid setup. Waiting.
2026-04-17 11:47:01,169 [INFO] Pairs:XAUUSD
2026-04-17 11:47:01,169 [INFO] Sleeping for 1.0 minutes...
2026-04-17 11:47:53,816 [INFO] Waking up to check market conditions...
2026-04-17 11:47:53,864 [INFO] No valid setup. Waiting.
2026-04-17 11:47:53,864 [INFO] Pairs:BTCUSD
2026-04-17 11:47:53,865 [INFO] Sleeping for 1.0 minutes...
2026-04-17 11:48:01,171 [INFO] Waking up to check market conditions...
2026-04-17 11:48:01,207 [INFO] No valid setup. Waiting.
2026-04-17 11:48:01,207 [INFO] Pairs:XAUUSD
2026-04-17 11:48:01,208 [INFO] Sleeping for 1.0 minutes...
2026-04-17 11:48:53,866 [INFO] Waking up to check market conditions...
2026-04-17 11:48:53,917 [INFO] No valid setup. Waiting.
2026-04-17 11:48:53,917 [INFO] Pairs:BTCUSD
2026-04-17 11:48:53,918 [INFO] Sleeping for 1.0 minutes...
2026-04-17 11:49:01,209 [INFO] Waking up to check market conditions...
2026-04-17 11:49:01,242 [INFO] No valid setup. Waiting.
2026-04-17 11:49:01,243 [INFO] Pairs:XAUUSD
2026-04-17 11:49:01,243 [INFO] Sleeping for 1.0 minutes...
2026-04-17 11:49:53,918 [INFO] Waking up to check market conditions...
2026-04-17 11:49:53,969 [INFO] No valid setup. Waiting.
2026-04-17 11:49:53,970 [INFO] Pairs:BTCUSD
2026-04-17 11:49:53,970 [INFO] Sleeping for 1.0 minutes...
2026-04-17 11:50:01,244 [INFO] Waking up to check market conditions...
2026-04-17 11:50:01,280 [INFO] No valid setup. Waiting.
2026-04-17 11:50:01,280 [INFO] Pairs:XAUUSD
2026-04-17 11:50:01,281 [INFO] Sleeping for 1.0 minutes...
2026-04-17 11:50:53,971 [INFO] Waking up to check market conditions...
2026-04-17 11:50:54,018 [INFO] No valid setup. Waiting.
2026-04-17 11:50:54,019 [INFO] Pairs:BTCUSD
2026-04-17 11:50:54,020 [INFO] Sleeping for 1.0 minutes...
2026-04-17 11:51:01,281 [INFO] Waking up to check market conditions...
2026-04-17 11:51:01,316 [INFO] No valid setup. Waiting.
2026-04-17 11:51:01,317 [INFO] Pairs:XAUUSD
2026-04-17 11:51:01,317 [INFO] Sleeping for 1.0 minutes...
2026-04-17 11:51:54,020 [INFO] Waking up to check market conditions...
2026-04-17 11:51:54,081 [INFO] No valid setup. Waiting.
2026-04-17 11:51:54,081 [INFO] Pairs:BTCUSD
2026-04-17 11:51:54,082 [INFO] Sleeping for 1.0 minutes...
2026-04-17 11:52:01,318 [INFO] Waking up to check market conditions...
2026-04-17 11:52:01,362 [INFO] No valid setup. Waiting.
2026-04-17 11:52:01,363 [INFO] Pairs:XAUUSD
2026-04-17 11:52:01,363 [INFO] Sleeping for 1.0 minutes...
2026-04-17 11:52:54,082 [INFO] Waking up to check market conditions...
2026-04-17 11:52:54,147 [INFO] No valid setup. Waiting.
2026-04-17 11:52:54,148 [INFO] Pairs:BTCUSD
2026-04-17 11:52:54,148 [INFO] Sleeping for 1.0 minutes...
2026-04-17 11:53:01,364 [INFO] Waking up to check market conditions...
2026-04-17 11:53:01,405 [INFO] No valid setup. Waiting.
2026-04-17 11:53:01,405 [INFO] Pairs:XAUUSD
2026-04-17 11:53:01,406 [INFO] Sleeping for 1.0 minutes...
2026-04-17 11:53:54,149 [INFO] Waking up to check market conditions...
2026-04-17 11:53:54,200 [INFO] No valid setup. Waiting.
2026-04-17 11:53:54,201 [INFO] Pairs:BTCUSD
2026-04-17 11:53:54,201 [INFO] Sleeping for 1.0 minutes...
2026-04-17 11:54:01,406 [INFO] Waking up to check market conditions...
2026-04-17 11:54:01,442 [INFO] No valid setup. Waiting.
2026-04-17 11:54:01,443 [INFO] Pairs:XAUUSD
2026-04-17 11:54:01,443 [INFO] Sleeping for 1.0 minutes...
2026-04-17 11:54:54,202 [INFO] Waking up to check market conditions...
2026-04-17 11:54:54,252 [INFO] No valid setup. Waiting.
2026-04-17 11:54:54,252 [INFO] Pairs:BTCUSD
2026-04-17 11:54:54,253 [INFO] Sleeping for 1.0 minutes...
2026-04-17 11:55:01,444 [INFO] Waking up to check market conditions...
2026-04-17 11:55:01,480 [INFO] No valid setup. Waiting.
2026-04-17 11:55:01,480 [INFO] Pairs:XAUUSD
2026-04-17 11:55:01,481 [INFO] Sleeping for 1.0 minutes...
2026-04-17 11:55:54,254 [INFO] Waking up to check market conditions...
2026-04-17 11:55:54,304 [INFO] No valid setup. Waiting.
2026-04-17 11:55:54,304 [INFO] Pairs:BTCUSD
2026-04-17 11:55:54,305 [INFO] Sleeping for 1.0 minutes...
2026-04-17 11:56:01,481 [INFO] Waking up to check market conditions...
2026-04-17 11:56:01,515 [INFO] No valid setup. Waiting.
2026-04-17 11:56:01,516 [INFO] Pairs:XAUUSD
2026-04-17 11:56:01,516 [INFO] Sleeping for 1.0 minutes...
2026-04-17 11:56:54,305 [INFO] Waking up to check market conditions...
2026-04-17 11:56:54,355 [INFO] No valid setup. Waiting.
2026-04-17 11:56:54,356 [INFO] Pairs:BTCUSD
2026-04-17 11:56:54,356 [INFO] Sleeping for 1.0 minutes...
2026-04-17 11:57:01,517 [INFO] Waking up to check market conditions...
2026-04-17 11:57:01,552 [INFO] No valid setup. Waiting.
2026-04-17 11:57:01,552 [INFO] Pairs:XAUUSD
2026-04-17 11:57:01,553 [INFO] Sleeping for 1.0 minutes...
2026-04-17 11:57:54,357 [INFO] Waking up to check market conditions...
2026-04-17 11:57:54,408 [INFO] No valid setup. Waiting.
2026-04-17 11:57:54,408 [INFO] Pairs:BTCUSD
2026-04-17 11:57:54,409 [INFO] Sleeping for 1.0 minutes...
2026-04-17 11:58:01,553 [INFO] Waking up to check market conditions...
2026-04-17 11:58:01,591 [INFO] No valid setup. Waiting.
2026-04-17 11:58:01,591 [INFO] Pairs:XAUUSD
2026-04-17 11:58:01,592 [INFO] Sleeping for 1.0 minutes...
2026-04-17 11:58:54,409 [INFO] Waking up to check market conditions...
2026-04-17 11:58:54,460 [INFO] No valid setup. Waiting.
2026-04-17 11:58:54,461 [INFO] Pairs:BTCUSD
2026-04-17 11:58:54,461 [INFO] Sleeping for 1.0 minutes...
2026-04-17 11:59:01,592 [INFO] Waking up to check market conditions...
2026-04-17 11:59:01,628 [INFO] No valid setup. Waiting.
2026-04-17 11:59:01,629 [INFO] Pairs:XAUUSD
2026-04-17 11:59:01,629 [INFO] Sleeping for 1.0 minutes...
2026-04-17 11:59:54,462 [INFO] Waking up to check market conditions...
2026-04-17 11:59:54,513 [INFO] No valid setup. Waiting.
2026-04-17 11:59:54,513 [INFO] Pairs:BTCUSD
2026-04-17 11:59:54,514 [INFO] Sleeping for 1.0 minutes...
2026-04-17 12:00:01,630 [INFO] Waking up to check market conditions...
2026-04-17 12:00:01,665 [INFO] No valid setup. Waiting.
2026-04-17 12:00:01,666 [INFO] Pairs:XAUUSD
2026-04-17 12:00:01,666 [INFO] Sleeping for 1.0 minutes...
2026-04-17 12:00:54,514 [INFO] Waking up to check market conditions...
2026-04-17 12:00:54,563 [INFO] No valid setup. Waiting.
2026-04-17 12:00:54,564 [INFO] Pairs:BTCUSD
2026-04-17 12:00:54,564 [INFO] Sleeping for 1.0 minutes...
2026-04-17 12:01:01,667 [INFO] Waking up to check market conditions...
2026-04-17 12:01:01,702 [INFO] No valid setup. Waiting.
2026-04-17 12:01:01,703 [INFO] Pairs:XAUUSD
2026-04-17 12:01:01,703 [INFO] Sleeping for 1.0 minutes...
2026-04-17 12:01:54,565 [INFO] Waking up to check market conditions...
2026-04-17 12:01:54,615 [INFO] No valid setup. Waiting.
2026-04-17 12:01:54,615 [INFO] Pairs:BTCUSD
2026-04-17 12:01:54,616 [INFO] Sleeping for 1.0 minutes...
2026-04-17 12:02:01,704 [INFO] Waking up to check market conditions...
2026-04-17 12:02:01,738 [INFO] No valid setup. Waiting.
2026-04-17 12:02:01,739 [INFO] Pairs:XAUUSD
2026-04-17 12:02:01,739 [INFO] Sleeping for 1.0 minutes...
2026-04-17 12:02:54,617 [INFO] Waking up to check market conditions...
2026-04-17 12:02:54,667 [INFO] No valid setup. Waiting.
2026-04-17 12:02:54,668 [INFO] Pairs:BTCUSD
2026-04-17 12:02:54,668 [INFO] Sleeping for 1.0 minutes...
2026-04-17 12:03:01,740 [INFO] Waking up to check market conditions...
2026-04-17 12:03:01,776 [INFO] No valid setup. Waiting.
2026-04-17 12:03:01,777 [INFO] Pairs:XAUUSD
2026-04-17 12:03:01,777 [INFO] Sleeping for 1.0 minutes...
2026-04-17 12:03:54,669 [INFO] Waking up to check market conditions...
2026-04-17 12:03:54,720 [INFO] No valid setup. Waiting.
2026-04-17 12:03:54,720 [INFO] Pairs:BTCUSD
2026-04-17 12:03:54,721 [INFO] Sleeping for 1.0 minutes...
2026-04-17 12:04:01,778 [INFO] Waking up to check market conditions...
2026-04-17 12:04:01,811 [INFO] No valid setup. Waiting.
2026-04-17 12:04:01,812 [INFO] Pairs:XAUUSD
2026-04-17 12:04:01,812 [INFO] Sleeping for 1.0 minutes...
2026-04-17 12:04:54,721 [INFO] Waking up to check market conditions...
2026-04-17 12:04:54,768 [INFO] No valid setup. Waiting.
2026-04-17 12:04:54,769 [INFO] Pairs:BTCUSD
2026-04-17 12:04:54,770 [INFO] Sleeping for 1.0 minutes...
2026-04-17 12:05:01,813 [INFO] Waking up to check market conditions...
2026-04-17 12:05:01,847 [INFO] No valid setup. Waiting.
2026-04-17 12:05:01,848 [INFO] Pairs:XAUUSD
2026-04-17 12:05:01,848 [INFO] Sleeping for 1.0 minutes...
2026-04-17 12:05:54,771 [INFO] Waking up to check market conditions...
2026-04-17 12:05:54,822 [INFO] No valid setup. Waiting.
2026-04-17 12:05:54,822 [INFO] Pairs:BTCUSD
2026-04-17 12:05:54,822 [INFO] Sleeping for 1.0 minutes...
2026-04-17 12:06:01,849 [INFO] Waking up to check market conditions...
2026-04-17 12:06:01,884 [INFO] No valid setup. Waiting.
2026-04-17 12:06:01,884 [INFO] Pairs:XAUUSD
2026-04-17 12:06:01,884 [INFO] Sleeping for 1.0 minutes...
2026-04-17 12:06:54,823 [INFO] Waking up to check market conditions...
2026-04-17 12:06:54,874 [INFO] No valid setup. Waiting.
2026-04-17 12:06:54,874 [INFO] Pairs:BTCUSD
2026-04-17 12:06:54,875 [INFO] Sleeping for 1.0 minutes...
2026-04-17 12:07:01,885 [INFO] Waking up to check market conditions...
2026-04-17 12:07:01,919 [INFO] No valid setup. Waiting.
2026-04-17 12:07:01,920 [INFO] Pairs:XAUUSD
2026-04-17 12:07:01,920 [INFO] Sleeping for 1.0 minutes...
2026-04-17 12:07:54,875 [INFO] Waking up to check market conditions...
2026-04-17 12:07:54,925 [INFO] No valid setup. Waiting.
2026-04-17 12:07:54,926 [INFO] Pairs:BTCUSD
2026-04-17 12:07:54,926 [INFO] Sleeping for 1.0 minutes...
2026-04-17 12:08:01,921 [INFO] Waking up to check market conditions...
2026-04-17 12:08:01,957 [INFO] No valid setup. Waiting.
2026-04-17 12:08:01,958 [INFO] Pairs:XAUUSD
2026-04-17 12:08:01,958 [INFO] Sleeping for 1.0 minutes...
2026-04-17 12:08:54,927 [INFO] Waking up to check market conditions...
2026-04-17 12:08:54,977 [INFO] No valid setup. Waiting.
2026-04-17 12:08:54,978 [INFO] Pairs:BTCUSD
2026-04-17 12:08:54,978 [INFO] Sleeping for 1.0 minutes...
2026-04-17 12:09:01,959 [INFO] Waking up to check market conditions...
2026-04-17 12:09:01,994 [INFO] No valid setup. Waiting.
2026-04-17 12:09:01,994 [INFO] Pairs:XAUUSD
2026-04-17 12:09:01,995 [INFO] Sleeping for 1.0 minutes...
2026-04-17 12:09:54,979 [INFO] Waking up to check market conditions...
2026-04-17 12:09:55,028 [INFO] No valid setup. Waiting.
2026-04-17 12:09:55,029 [INFO] Pairs:BTCUSD
2026-04-17 12:09:55,029 [INFO] Sleeping for 1.0 minutes...
2026-04-17 12:10:01,995 [INFO] Waking up to check market conditions...
2026-04-17 12:10:02,031 [INFO] No valid setup. Waiting.
2026-04-17 12:10:02,032 [INFO] Pairs:XAUUSD
2026-04-17 12:10:02,032 [INFO] Sleeping for 1.0 minutes...
2026-04-17 12:10:55,030 [INFO] Waking up to check market conditions...
2026-04-17 12:10:55,080 [INFO] No valid setup. Waiting.
2026-04-17 12:10:55,081 [INFO] Pairs:BTCUSD
2026-04-17 12:10:55,081 [INFO] Sleeping for 1.0 minutes...
2026-04-17 12:11:02,033 [INFO] Waking up to check market conditions...
2026-04-17 12:11:02,068 [INFO] No valid setup. Waiting.
2026-04-17 12:11:02,069 [INFO] Pairs:XAUUSD
2026-04-17 12:11:02,069 [INFO] Sleeping for 1.0 minutes...
2026-04-17 12:11:55,082 [INFO] Waking up to check market conditions...
2026-04-17 12:11:55,134 [INFO] No valid setup. Waiting.
2026-04-17 12:11:55,135 [INFO] Pairs:BTCUSD
2026-04-17 12:11:55,136 [INFO] Sleeping for 1.0 minutes...
2026-04-17 12:12:02,070 [INFO] Waking up to check market conditions...
2026-04-17 12:12:02,106 [INFO] No valid setup. Waiting.
2026-04-17 12:12:02,107 [INFO] Pairs:XAUUSD
2026-04-17 12:12:02,107 [INFO] Sleeping for 1.0 minutes...
2026-04-17 12:12:55,137 [INFO] Waking up to check market conditions...
2026-04-17 12:12:55,188 [INFO] No valid setup. Waiting.
2026-04-17 12:12:55,188 [INFO] Pairs:BTCUSD
2026-04-17 12:12:55,189 [INFO] Sleeping for 1.0 minutes...
2026-04-17 12:13:02,108 [INFO] Waking up to check market conditions...
2026-04-17 12:13:02,143 [INFO] No valid setup. Waiting.
2026-04-17 12:13:02,143 [INFO] Pairs:XAUUSD
2026-04-17 12:13:02,144 [INFO] Sleeping for 1.0 minutes...
2026-04-17 12:13:55,190 [INFO] Waking up to check market conditions...
2026-04-17 12:13:55,240 [INFO] No valid setup. Waiting.
2026-04-17 12:13:55,241 [INFO] Pairs:BTCUSD
2026-04-17 12:13:55,241 [INFO] Sleeping for 1.0 minutes...
2026-04-17 12:14:02,144 [INFO] Waking up to check market conditions...
2026-04-17 12:14:02,179 [INFO] No valid setup. Waiting.
2026-04-17 12:14:02,179 [INFO] Pairs:XAUUSD
2026-04-17 12:14:02,180 [INFO] Sleeping for 1.0 minutes...
2026-04-17 12:14:55,242 [INFO] Waking up to check market conditions...
2026-04-17 12:14:55,291 [INFO] No valid setup. Waiting.
2026-04-17 12:14:55,292 [INFO] Pairs:BTCUSD
2026-04-17 12:14:55,292 [INFO] Sleeping for 1.0 minutes...
2026-04-17 12:15:02,180 [INFO] Waking up to check market conditions...
2026-04-17 12:15:02,215 [INFO] No valid setup. Waiting.
2026-04-17 12:15:02,216 [INFO] Pairs:XAUUSD
2026-04-17 12:15:02,216 [INFO] Sleeping for 1.0 minutes...
2026-04-17 12:15:55,293 [INFO] Waking up to check market conditions...
2026-04-17 12:15:55,341 [INFO] No valid setup. Waiting.
2026-04-17 12:15:55,342 [INFO] Pairs:BTCUSD
2026-04-17 12:15:55,342 [INFO] Sleeping for 1.0 minutes...
2026-04-17 12:16:02,217 [INFO] Waking up to check market conditions...
2026-04-17 12:16:02,253 [INFO] No valid setup. Waiting.
2026-04-17 12:16:02,253 [INFO] Pairs:XAUUSD
2026-04-17 12:16:02,254 [INFO] Sleeping for 1.0 minutes...
2026-04-17 12:16:55,343 [INFO] Waking up to check market conditions...
2026-04-17 12:16:55,393 [INFO] No valid setup. Waiting.
2026-04-17 12:16:55,394 [INFO] Pairs:BTCUSD
2026-04-17 12:16:55,394 [INFO] Sleeping for 1.0 minutes...
2026-04-17 12:17:02,255 [INFO] Waking up to check market conditions...
2026-04-17 12:17:02,290 [INFO] No valid setup. Waiting.
2026-04-17 12:17:02,291 [INFO] Pairs:XAUUSD
2026-04-17 12:17:02,291 [INFO] Sleeping for 1.0 minutes...
2026-04-17 12:17:55,395 [INFO] Waking up to check market conditions...
2026-04-17 12:17:55,445 [INFO] No valid setup. Waiting.
2026-04-17 12:17:55,446 [INFO] Pairs:BTCUSD
2026-04-17 12:17:55,446 [INFO] Sleeping for 1.0 minutes...
2026-04-17 12:18:02,292 [INFO] Waking up to check market conditions...
2026-04-17 12:18:02,327 [INFO] No valid setup. Waiting.
2026-04-17 12:18:02,328 [INFO] Pairs:XAUUSD
2026-04-17 12:18:02,328 [INFO] Sleeping for 1.0 minutes...
2026-04-17 12:18:55,447 [INFO] Waking up to check market conditions...
2026-04-17 12:18:55,494 [INFO] No valid setup. Waiting.
2026-04-17 12:18:55,495 [INFO] Pairs:BTCUSD
2026-04-17 12:18:55,495 [INFO] Sleeping for 1.0 minutes...
2026-04-17 12:19:02,329 [INFO] Waking up to check market conditions...
2026-04-17 12:19:02,521 [INFO] No valid setup. Waiting.
2026-04-17 12:19:02,522 [INFO] Pairs:XAUUSD
2026-04-17 12:19:02,522 [INFO] Sleeping for 1.0 minutes...
2026-04-17 12:19:55,496 [INFO] Waking up to check market conditions...
2026-04-17 12:19:55,560 [INFO] No valid setup. Waiting.
2026-04-17 12:19:55,561 [INFO] Pairs:BTCUSD
2026-04-17 12:19:55,561 [INFO] Sleeping for 1.0 minutes...
2026-04-17 12:20:02,523 [INFO] Waking up to check market conditions...
2026-04-17 12:20:02,558 [INFO] No valid setup. Waiting.
2026-04-17 12:20:02,559 [INFO] Pairs:XAUUSD
2026-04-17 12:20:02,559 [INFO] Sleeping for 1.0 minutes...
2026-04-17 12:20:55,562 [INFO] Waking up to check market conditions...
2026-04-17 12:20:55,612 [INFO] No valid setup. Waiting.
2026-04-17 12:20:55,612 [INFO] Pairs:BTCUSD
2026-04-17 12:20:55,613 [INFO] Sleeping for 1.0 minutes...
2026-04-17 12:21:02,560 [INFO] Waking up to check market conditions...
2026-04-17 12:21:02,595 [INFO] No valid setup. Waiting.
2026-04-17 12:21:02,596 [INFO] Pairs:XAUUSD
2026-04-17 12:21:02,596 [INFO] Sleeping for 1.0 minutes...
2026-04-17 12:21:55,613 [INFO] Waking up to check market conditions...
2026-04-17 12:21:55,663 [INFO] No valid setup. Waiting.
2026-04-17 12:21:55,664 [INFO] Pairs:BTCUSD
2026-04-17 12:21:55,664 [INFO] Sleeping for 1.0 minutes...
2026-04-17 12:22:02,597 [INFO] Waking up to check market conditions...
2026-04-17 12:22:02,630 [INFO] No valid setup. Waiting.
2026-04-17 12:22:02,630 [INFO] Pairs:XAUUSD
2026-04-17 12:22:02,631 [INFO] Sleeping for 1.0 minutes...
2026-04-17 12:22:55,665 [INFO] Waking up to check market conditions...
2026-04-17 12:22:55,716 [INFO] No valid setup. Waiting.
2026-04-17 12:22:55,717 [INFO] Pairs:BTCUSD
2026-04-17 12:22:55,717 [INFO] Sleeping for 1.0 minutes...
2026-04-17 12:23:02,632 [INFO] Waking up to check market conditions...
2026-04-17 12:23:02,668 [INFO] No valid setup. Waiting.
2026-04-17 12:23:02,669 [INFO] Pairs:XAUUSD
2026-04-17 12:23:02,669 [INFO] Sleeping for 1.0 minutes...
2026-04-17 12:23:55,718 [INFO] Waking up to check market conditions...
2026-04-17 12:23:55,769 [INFO] No valid setup. Waiting.
2026-04-17 12:23:55,769 [INFO] Pairs:BTCUSD
2026-04-17 12:23:55,770 [INFO] Sleeping for 1.0 minutes...
2026-04-17 12:24:02,670 [INFO] Waking up to check market conditions...
2026-04-17 12:24:02,713 [INFO] No valid setup. Waiting.
2026-04-17 12:24:02,714 [INFO] Pairs:XAUUSD
2026-04-17 12:24:02,714 [INFO] Sleeping for 1.0 minutes...
2026-04-17 12:24:55,771 [INFO] Waking up to check market conditions...
2026-04-17 12:24:55,821 [INFO] No valid setup. Waiting.
2026-04-17 12:24:55,821 [INFO] Pairs:BTCUSD
2026-04-17 12:24:55,821 [INFO] Sleeping for 1.0 minutes...
2026-04-17 12:25:02,715 [INFO] Waking up to check market conditions...
2026-04-17 12:25:02,750 [INFO] No valid setup. Waiting.
2026-04-17 12:25:02,751 [INFO] Pairs:XAUUSD
2026-04-17 12:25:02,751 [INFO] Sleeping for 1.0 minutes...
2026-04-17 12:25:55,822 [INFO] Waking up to check market conditions...
2026-04-17 12:25:55,873 [INFO] No valid setup. Waiting.
2026-04-17 12:25:55,873 [INFO] Pairs:BTCUSD
2026-04-17 12:25:55,874 [INFO] Sleeping for 1.0 minutes...
2026-04-17 12:26:02,752 [INFO] Waking up to check market conditions...
2026-04-17 12:26:02,788 [INFO] No valid setup. Waiting.
2026-04-17 12:26:02,788 [INFO] Pairs:XAUUSD
2026-04-17 12:26:02,789 [INFO] Sleeping for 1.0 minutes...
2026-04-17 12:26:55,874 [INFO] Waking up to check market conditions...
2026-04-17 12:26:55,921 [INFO] No valid setup. Waiting.
2026-04-17 12:26:55,923 [INFO] Pairs:BTCUSD
2026-04-17 12:26:55,923 [INFO] Sleeping for 1.0 minutes...
2026-04-17 12:27:02,789 [INFO] Waking up to check market conditions...
2026-04-17 12:27:02,825 [INFO] No valid setup. Waiting.
2026-04-17 12:27:02,826 [INFO] Pairs:XAUUSD
2026-04-17 12:27:02,826 [INFO] Sleeping for 1.0 minutes...
2026-04-17 12:27:55,924 [INFO] Waking up to check market conditions...
2026-04-17 12:27:55,974 [INFO] No valid setup. Waiting.
2026-04-17 12:27:55,974 [INFO] Pairs:BTCUSD
2026-04-17 12:27:55,975 [INFO] Sleeping for 1.0 minutes...
2026-04-17 12:28:02,827 [INFO] Waking up to check market conditions...
2026-04-17 12:28:02,862 [INFO] No valid setup. Waiting.
2026-04-17 12:28:02,862 [INFO] Pairs:XAUUSD
2026-04-17 12:28:02,863 [INFO] Sleeping for 1.0 minutes...
2026-04-17 12:28:55,975 [INFO] Waking up to check market conditions...
2026-04-17 12:28:56,026 [INFO] No valid setup. Waiting.
2026-04-17 12:28:56,026 [INFO] Pairs:BTCUSD
2026-04-17 12:28:56,027 [INFO] Sleeping for 1.0 minutes...
2026-04-17 12:29:02,863 [INFO] Waking up to check market conditions...
2026-04-17 12:29:02,899 [INFO] No valid setup. Waiting.
2026-04-17 12:29:02,899 [INFO] Pairs:XAUUSD
2026-04-17 12:29:02,900 [INFO] Sleeping for 1.0 minutes...
2026-04-17 12:29:56,027 [INFO] Waking up to check market conditions...
2026-04-17 12:29:56,078 [INFO] No valid setup. Waiting.
2026-04-17 12:29:56,078 [INFO] Pairs:BTCUSD
2026-04-17 12:29:56,078 [INFO] Sleeping for 1.0 minutes...
2026-04-17 12:30:02,900 [INFO] Waking up to check market conditions...
2026-04-17 12:30:02,936 [INFO] No valid setup. Waiting.
2026-04-17 12:30:02,936 [INFO] Pairs:XAUUSD
2026-04-17 12:30:02,936 [INFO] Sleeping for 1.0 minutes...
2026-04-17 12:30:56,079 [INFO] Waking up to check market conditions...
2026-04-17 12:30:56,147 [INFO] No valid setup. Waiting.
2026-04-17 12:30:56,148 [INFO] Pairs:BTCUSD
2026-04-17 12:30:56,148 [INFO] Sleeping for 1.0 minutes...
2026-04-17 12:31:02,937 [INFO] Waking up to check market conditions...
2026-04-17 12:31:02,973 [INFO] No valid setup. Waiting.
2026-04-17 12:31:02,973 [INFO] Pairs:XAUUSD
2026-04-17 12:31:02,973 [INFO] Sleeping for 1.0 minutes...
2026-04-17 12:31:56,149 [INFO] Waking up to check market conditions...
2026-04-17 12:31:56,200 [INFO] No valid setup. Waiting.
2026-04-17 12:31:56,200 [INFO] Pairs:BTCUSD
2026-04-17 12:31:56,200 [INFO] Sleeping for 1.0 minutes...
2026-04-17 12:32:02,975 [INFO] Waking up to check market conditions...
2026-04-17 12:32:03,033 [INFO] No valid setup. Waiting.
2026-04-17 12:32:03,034 [INFO] Pairs:XAUUSD
2026-04-17 12:32:03,034 [INFO] Sleeping for 1.0 minutes...
2026-04-17 12:32:56,201 [INFO] Waking up to check market conditions...
2026-04-17 12:32:56,252 [INFO] No valid setup. Waiting.
2026-04-17 12:32:56,252 [INFO] Pairs:BTCUSD
2026-04-17 12:32:56,253 [INFO] Sleeping for 1.0 minutes...
2026-04-17 12:33:03,035 [INFO] Waking up to check market conditions...
2026-04-17 12:33:03,069 [INFO] No valid setup. Waiting.
2026-04-17 12:33:03,070 [INFO] Pairs:XAUUSD
2026-04-17 12:33:03,070 [INFO] Sleeping for 1.0 minutes...
2026-04-17 12:33:56,254 [INFO] Waking up to check market conditions...
2026-04-17 12:33:56,304 [INFO] No valid setup. Waiting.
2026-04-17 12:33:56,305 [INFO] Pairs:BTCUSD
2026-04-17 12:33:56,305 [INFO] Sleeping for 1.0 minutes...
2026-04-17 12:34:03,071 [INFO] Waking up to check market conditions...
2026-04-17 12:34:03,105 [INFO] No valid setup. Waiting.
2026-04-17 12:34:03,106 [INFO] Pairs:XAUUSD
2026-04-17 12:34:03,106 [INFO] Sleeping for 1.0 minutes...
2026-04-17 12:34:56,306 [INFO] Waking up to check market conditions...
2026-04-17 12:34:56,356 [INFO] No valid setup. Waiting.
2026-04-17 12:34:56,357 [INFO] Pairs:BTCUSD
2026-04-17 12:34:56,357 [INFO] Sleeping for 1.0 minutes...
2026-04-17 12:35:03,107 [INFO] Waking up to check market conditions...
2026-04-17 12:35:03,143 [INFO] No valid setup. Waiting.
2026-04-17 12:35:03,144 [INFO] Pairs:XAUUSD
2026-04-17 12:35:03,145 [INFO] Sleeping for 1.0 minutes...
2026-04-17 12:35:56,358 [INFO] Waking up to check market conditions...
2026-04-17 12:35:56,408 [INFO] No valid setup. Waiting.
2026-04-17 12:35:56,408 [INFO] Pairs:BTCUSD
2026-04-17 12:35:56,409 [INFO] Sleeping for 1.0 minutes...
2026-04-17 12:36:03,145 [INFO] Waking up to check market conditions...
2026-04-17 12:36:03,181 [INFO] No valid setup. Waiting.
2026-04-17 12:36:03,181 [INFO] Pairs:XAUUSD
2026-04-17 12:36:03,182 [INFO] Sleeping for 1.0 minutes...
2026-04-17 12:36:56,409 [INFO] Waking up to check market conditions...
2026-04-17 12:36:56,467 [INFO] No valid setup. Waiting.
2026-04-17 12:36:56,468 [INFO] Pairs:BTCUSD
2026-04-17 12:36:56,468 [INFO] Sleeping for 1.0 minutes...
2026-04-17 12:37:03,182 [INFO] Waking up to check market conditions...
2026-04-17 12:37:03,219 [INFO] No valid setup. Waiting.
2026-04-17 12:37:03,220 [INFO] Pairs:XAUUSD
2026-04-17 12:37:03,220 [INFO] Sleeping for 1.0 minutes...
2026-04-17 12:37:56,469 [INFO] Waking up to check market conditions...
2026-04-17 12:37:56,518 [INFO] No valid setup. Waiting.
2026-04-17 12:37:56,519 [INFO] Pairs:BTCUSD
2026-04-17 12:37:56,519 [INFO] Sleeping for 1.0 minutes...
2026-04-17 12:38:03,221 [INFO] Waking up to check market conditions...
2026-04-17 12:38:03,257 [INFO] No valid setup. Waiting.
2026-04-17 12:38:03,257 [INFO] Pairs:XAUUSD
2026-04-17 12:38:03,257 [INFO] Sleeping for 1.0 minutes...
2026-04-17 12:38:56,520 [INFO] Waking up to check market conditions...
2026-04-17 12:38:56,571 [INFO] No valid setup. Waiting.
2026-04-17 12:38:56,572 [INFO] Pairs:BTCUSD
2026-04-17 12:38:56,572 [INFO] Sleeping for 1.0 minutes...
2026-04-17 12:39:03,258 [INFO] Waking up to check market conditions...
2026-04-17 12:39:03,294 [INFO] No valid setup. Waiting.
2026-04-17 12:39:03,295 [INFO] Pairs:XAUUSD
2026-04-17 12:39:03,295 [INFO] Sleeping for 1.0 minutes...
2026-04-17 12:39:56,573 [INFO] Waking up to check market conditions...
2026-04-17 12:39:56,623 [INFO] No valid setup. Waiting.
2026-04-17 12:39:56,623 [INFO] Pairs:BTCUSD
2026-04-17 12:39:56,624 [INFO] Sleeping for 1.0 minutes...
2026-04-17 12:40:03,296 [INFO] Waking up to check market conditions...
2026-04-17 12:40:03,332 [INFO] No valid setup. Waiting.
2026-04-17 12:40:03,332 [INFO] Pairs:XAUUSD
2026-04-17 12:40:03,333 [INFO] Sleeping for 1.0 minutes...
2026-04-17 12:40:56,625 [INFO] Waking up to check market conditions...
2026-04-17 12:40:56,675 [INFO] No valid setup. Waiting.
2026-04-17 12:40:56,675 [INFO] Pairs:BTCUSD
2026-04-17 12:40:56,676 [INFO] Sleeping for 1.0 minutes...
2026-04-17 12:41:03,333 [INFO] Waking up to check market conditions...
2026-04-17 12:41:03,373 [INFO] No valid setup. Waiting.
2026-04-17 12:41:03,373 [INFO] Pairs:XAUUSD
2026-04-17 12:41:03,374 [INFO] Sleeping for 1.0 minutes...
2026-04-17 12:41:56,677 [INFO] Waking up to check market conditions...
2026-04-17 12:41:56,724 [INFO] No valid setup. Waiting.
2026-04-17 12:41:56,724 [INFO] Pairs:BTCUSD
2026-04-17 12:41:56,725 [INFO] Sleeping for 1.0 minutes...
2026-04-17 12:42:03,375 [INFO] Waking up to check market conditions...
2026-04-17 12:42:03,409 [INFO] No valid setup. Waiting.
2026-04-17 12:42:03,410 [INFO] Pairs:XAUUSD
2026-04-17 12:42:03,410 [INFO] Sleeping for 1.0 minutes...
2026-04-17 12:42:56,726 [INFO] Waking up to check market conditions...
2026-04-17 12:42:56,776 [INFO] No valid setup. Waiting.
2026-04-17 12:42:56,777 [INFO] Pairs:BTCUSD
2026-04-17 12:42:56,777 [INFO] Sleeping for 1.0 minutes...
2026-04-17 12:43:03,411 [INFO] Waking up to check market conditions...
2026-04-17 12:43:03,452 [INFO] No valid setup. Waiting.
2026-04-17 12:43:03,452 [INFO] Pairs:XAUUSD
2026-04-17 12:43:03,453 [INFO] Sleeping for 1.0 minutes...
2026-04-17 12:43:56,778 [INFO] Waking up to check market conditions...
2026-04-17 12:43:56,825 [INFO] No valid setup. Waiting.
2026-04-17 12:43:56,826 [INFO] Pairs:BTCUSD
2026-04-17 12:43:56,827 [INFO] Sleeping for 1.0 minutes...
2026-04-17 12:44:03,453 [INFO] Waking up to check market conditions...
2026-04-17 12:44:03,488 [INFO] No valid setup. Waiting.
2026-04-17 12:44:03,489 [INFO] Pairs:XAUUSD
2026-04-17 12:44:03,489 [INFO] Sleeping for 1.0 minutes...
2026-04-17 12:44:56,827 [INFO] Waking up to check market conditions...
2026-04-17 12:44:56,878 [INFO] No valid setup. Waiting.
2026-04-17 12:44:56,878 [INFO] Pairs:BTCUSD
2026-04-17 12:44:56,878 [INFO] Sleeping for 1.0 minutes...
2026-04-17 12:45:03,490 [INFO] Waking up to check market conditions...
2026-04-17 12:45:03,525 [INFO] No valid setup. Waiting.
2026-04-17 12:45:03,525 [INFO] Pairs:XAUUSD
2026-04-17 12:45:03,526 [INFO] Sleeping for 1.0 minutes...
2026-04-17 12:45:56,879 [INFO] Waking up to check market conditions...
2026-04-17 12:45:56,929 [INFO] No valid setup. Waiting.
2026-04-17 12:45:56,929 [INFO] Pairs:BTCUSD
2026-04-17 12:45:56,930 [INFO] Sleeping for 1.0 minutes...
2026-04-17 12:46:03,526 [INFO] Waking up to check market conditions...
2026-04-17 12:46:03,560 [INFO] No valid setup. Waiting.
2026-04-17 12:46:03,560 [INFO] Pairs:XAUUSD
2026-04-17 12:46:03,561 [INFO] Sleeping for 1.0 minutes...
2026-04-17 12:46:56,931 [INFO] Waking up to check market conditions...
2026-04-17 12:46:56,980 [INFO] No valid setup. Waiting.
2026-04-17 12:46:56,980 [INFO] Pairs:BTCUSD
2026-04-17 12:46:56,981 [INFO] Sleeping for 1.0 minutes...
2026-04-17 12:47:03,561 [INFO] Waking up to check market conditions...
2026-04-17 12:47:03,597 [INFO] No valid setup. Waiting.
2026-04-17 12:47:03,597 [INFO] Pairs:XAUUSD
2026-04-17 12:47:03,597 [INFO] Sleeping for 1.0 minutes...
2026-04-17 12:47:56,981 [INFO] Waking up to check market conditions...
2026-04-17 12:47:57,031 [INFO] No valid setup. Waiting.
2026-04-17 12:47:57,032 [INFO] Pairs:BTCUSD
2026-04-17 12:47:57,032 [INFO] Sleeping for 1.0 minutes...
2026-04-17 12:48:03,598 [INFO] Waking up to check market conditions...
2026-04-17 12:48:03,633 [INFO] No valid setup. Waiting.
2026-04-17 12:48:03,634 [INFO] Pairs:XAUUSD
2026-04-17 12:48:03,634 [INFO] Sleeping for 1.0 minutes...
2026-04-17 12:48:57,033 [INFO] Waking up to check market conditions...
2026-04-17 12:48:57,084 [INFO] No valid setup. Waiting.
2026-04-17 12:48:57,085 [INFO] Pairs:BTCUSD
2026-04-17 12:48:57,086 [INFO] Sleeping for 1.0 minutes...
2026-04-17 12:49:03,635 [INFO] Waking up to check market conditions...
2026-04-17 12:49:03,668 [INFO] No valid setup. Waiting.
2026-04-17 12:49:03,668 [INFO] Pairs:XAUUSD
2026-04-17 12:49:03,670 [INFO] Sleeping for 1.0 minutes...
2026-04-17 12:49:57,086 [INFO] Waking up to check market conditions...
2026-04-17 12:49:57,137 [INFO] No valid setup. Waiting.
2026-04-17 12:49:57,137 [INFO] Pairs:BTCUSD
2026-04-17 12:49:57,137 [INFO] Sleeping for 1.0 minutes...
2026-04-17 12:50:03,671 [INFO] Waking up to check market conditions...
2026-04-17 12:50:03,710 [INFO] No valid setup. Waiting.
2026-04-17 12:50:03,711 [INFO] Pairs:XAUUSD
2026-04-17 12:50:03,711 [INFO] Sleeping for 1.0 minutes...
2026-04-17 12:50:57,138 [INFO] Waking up to check market conditions...
2026-04-17 12:50:57,189 [INFO] No valid setup. Waiting.
2026-04-17 12:50:57,189 [INFO] Pairs:BTCUSD
2026-04-17 12:50:57,190 [INFO] Sleeping for 1.0 minutes...
2026-04-17 12:51:03,712 [INFO] Waking up to check market conditions...
2026-04-17 12:51:03,747 [INFO] No valid setup. Waiting.
2026-04-17 12:51:03,747 [INFO] Pairs:XAUUSD
2026-04-17 12:51:03,748 [INFO] Sleeping for 1.0 minutes...
2026-04-17 12:51:57,190 [INFO] Waking up to check market conditions...
2026-04-17 12:51:57,240 [INFO] No valid setup. Waiting.
2026-04-17 12:51:57,241 [INFO] Pairs:BTCUSD
2026-04-17 12:51:57,241 [INFO] Sleeping for 1.0 minutes...
2026-04-17 12:52:03,748 [INFO] Waking up to check market conditions...
2026-04-17 12:52:03,784 [INFO] No valid setup. Waiting.
2026-04-17 12:52:03,785 [INFO] Pairs:XAUUSD
2026-04-17 12:52:03,786 [INFO] Sleeping for 1.0 minutes...
2026-04-17 12:52:57,242 [INFO] Waking up to check market conditions...
2026-04-17 12:52:57,292 [INFO] No valid setup. Waiting.
2026-04-17 12:52:57,293 [INFO] Pairs:BTCUSD
2026-04-17 12:52:57,293 [INFO] Sleeping for 1.0 minutes...
2026-04-17 12:53:03,787 [INFO] Waking up to check market conditions...
2026-04-17 12:53:03,820 [INFO] No valid setup. Waiting.
2026-04-17 12:53:03,820 [INFO] Pairs:XAUUSD
2026-04-17 12:53:03,821 [INFO] Sleeping for 1.0 minutes...
2026-04-17 12:53:57,294 [INFO] Waking up to check market conditions...
2026-04-17 12:53:57,345 [INFO] No valid setup. Waiting.
2026-04-17 12:53:57,345 [INFO] Pairs:BTCUSD
2026-04-17 12:53:57,346 [INFO] Sleeping for 1.0 minutes...
2026-04-17 12:54:03,821 [INFO] Waking up to check market conditions...
2026-04-17 12:54:03,857 [INFO] No valid setup. Waiting.
2026-04-17 12:54:03,857 [INFO] Pairs:XAUUSD
2026-04-17 12:54:03,858 [INFO] Sleeping for 1.0 minutes...
2026-04-17 12:54:57,346 [INFO] Waking up to check market conditions...
2026-04-17 12:54:57,397 [INFO] No valid setup. Waiting.
2026-04-17 12:54:57,398 [INFO] Pairs:BTCUSD
2026-04-17 12:54:57,398 [INFO] Sleeping for 1.0 minutes...
2026-04-17 12:55:03,858 [INFO] Waking up to check market conditions...
2026-04-17 12:55:03,893 [INFO] No valid setup. Waiting.
2026-04-17 12:55:03,894 [INFO] Pairs:XAUUSD
2026-04-17 12:55:03,894 [INFO] Sleeping for 1.0 minutes...
2026-04-17 12:55:57,399 [INFO] Waking up to check market conditions...
2026-04-17 12:55:57,448 [INFO] No valid setup. Waiting.
2026-04-17 12:55:57,448 [INFO] Pairs:BTCUSD
2026-04-17 12:55:57,449 [INFO] Sleeping for 1.0 minutes...
2026-04-17 12:56:03,894 [INFO] Waking up to check market conditions...
2026-04-17 12:56:03,930 [INFO] No valid setup. Waiting.
2026-04-17 12:56:03,930 [INFO] Pairs:XAUUSD
2026-04-17 12:56:03,931 [INFO] Sleeping for 1.0 minutes...
2026-04-17 12:56:57,449 [INFO] Waking up to check market conditions...
2026-04-17 12:56:57,500 [INFO] No valid setup. Waiting.
2026-04-17 12:56:57,501 [INFO] Pairs:BTCUSD
2026-04-17 12:56:57,501 [INFO] Sleeping for 1.0 minutes...
2026-04-17 12:57:03,931 [INFO] Waking up to check market conditions...
2026-04-17 12:57:03,968 [INFO] No valid setup. Waiting.
2026-04-17 12:57:03,969 [INFO] Pairs:XAUUSD
2026-04-17 12:57:03,969 [INFO] Sleeping for 1.0 minutes...
2026-04-17 12:57:57,502 [INFO] Waking up to check market conditions...
2026-04-17 12:57:57,553 [INFO] No valid setup. Waiting.
2026-04-17 12:57:57,553 [INFO] Pairs:BTCUSD
2026-04-17 12:57:57,554 [INFO] Sleeping for 1.0 minutes...
2026-04-17 12:58:03,970 [INFO] Waking up to check market conditions...
2026-04-17 12:58:04,005 [INFO] No valid setup. Waiting.
2026-04-17 12:58:04,005 [INFO] Pairs:XAUUSD
2026-04-17 12:58:04,006 [INFO] Sleeping for 1.0 minutes...
2026-04-17 12:58:57,555 [INFO] Waking up to check market conditions...
2026-04-17 12:58:57,605 [INFO] No valid setup. Waiting.
2026-04-17 12:58:57,606 [INFO] Pairs:BTCUSD
2026-04-17 12:58:57,606 [INFO] Sleeping for 1.0 minutes...
2026-04-17 12:59:04,006 [INFO] Waking up to check market conditions...
2026-04-17 12:59:04,039 [INFO] No valid setup. Waiting.
2026-04-17 12:59:04,039 [INFO] Pairs:XAUUSD
2026-04-17 12:59:04,040 [INFO] Sleeping for 1.0 minutes...
2026-04-17 12:59:57,607 [INFO] Waking up to check market conditions...
2026-04-17 12:59:57,658 [INFO] No valid setup. Waiting.
2026-04-17 12:59:57,658 [INFO] Pairs:BTCUSD
2026-04-17 12:59:57,658 [INFO] Sleeping for 1.0 minutes...
2026-04-17 13:00:04,040 [INFO] Waking up to check market conditions...
2026-04-17 13:00:04,075 [INFO] No valid setup. Waiting.
2026-04-17 13:00:04,075 [INFO] Pairs:XAUUSD
2026-04-17 13:00:04,076 [INFO] Sleeping for 1.0 minutes...
2026-04-17 13:00:57,659 [INFO] Waking up to check market conditions...
2026-04-17 13:00:57,710 [INFO] No valid setup. Waiting.
2026-04-17 13:00:57,711 [INFO] Pairs:BTCUSD
2026-04-17 13:00:57,711 [INFO] Sleeping for 1.0 minutes...
2026-04-17 13:01:04,076 [INFO] Waking up to check market conditions...
2026-04-17 13:01:04,111 [INFO] No valid setup. Waiting.
2026-04-17 13:01:04,112 [INFO] Pairs:XAUUSD
2026-04-17 13:01:04,112 [INFO] Sleeping for 1.0 minutes...
2026-04-17 13:01:57,712 [INFO] Waking up to check market conditions...
2026-04-17 13:01:57,762 [INFO] No valid setup. Waiting.
2026-04-17 13:01:57,763 [INFO] Pairs:BTCUSD
2026-04-17 13:01:57,763 [INFO] Sleeping for 1.0 minutes...
2026-04-17 13:02:04,114 [INFO] Waking up to check market conditions...
2026-04-17 13:02:04,160 [INFO] No valid setup. Waiting.
2026-04-17 13:02:04,161 [INFO] Pairs:XAUUSD
2026-04-17 13:02:04,162 [INFO] Sleeping for 1.0 minutes...
2026-04-17 13:02:57,764 [INFO] Waking up to check market conditions...
2026-04-17 13:02:57,815 [INFO] No valid setup. Waiting.
2026-04-17 13:02:57,815 [INFO] Pairs:BTCUSD
2026-04-17 13:02:57,815 [INFO] Sleeping for 1.0 minutes...
2026-04-17 13:03:04,163 [INFO] Waking up to check market conditions...
2026-04-17 13:03:04,198 [INFO] No valid setup. Waiting.
2026-04-17 13:03:04,199 [INFO] Pairs:XAUUSD
2026-04-17 13:03:04,199 [INFO] Sleeping for 1.0 minutes...
2026-04-17 13:03:57,816 [INFO] Waking up to check market conditions...
2026-04-17 13:03:57,870 [INFO] No valid setup. Waiting.
2026-04-17 13:03:57,870 [INFO] Pairs:BTCUSD
2026-04-17 13:03:57,871 [INFO] Sleeping for 1.0 minutes...
2026-04-17 13:04:04,199 [INFO] Waking up to check market conditions...
2026-04-17 13:04:04,234 [INFO] No valid setup. Waiting.
2026-04-17 13:04:04,234 [INFO] Pairs:XAUUSD
2026-04-17 13:04:04,234 [INFO] Sleeping for 1.0 minutes...
2026-04-17 13:04:57,871 [INFO] Waking up to check market conditions...
2026-04-17 13:04:57,922 [INFO] No valid setup. Waiting.
2026-04-17 13:04:57,923 [INFO] Pairs:BTCUSD
2026-04-17 13:04:57,923 [INFO] Sleeping for 1.0 minutes...
2026-04-17 13:05:04,235 [INFO] Waking up to check market conditions...
2026-04-17 13:05:04,271 [INFO] No valid setup. Waiting.
2026-04-17 13:05:04,272 [INFO] Pairs:XAUUSD
2026-04-17 13:05:04,272 [INFO] Sleeping for 1.0 minutes...
2026-04-17 13:05:57,924 [INFO] Waking up to check market conditions...
2026-04-17 13:05:57,973 [INFO] No valid setup. Waiting.
2026-04-17 13:05:57,974 [INFO] Pairs:BTCUSD
2026-04-17 13:05:57,974 [INFO] Sleeping for 1.0 minutes...
2026-04-17 13:06:04,273 [INFO] Waking up to check market conditions...
2026-04-17 13:06:04,309 [INFO] No valid setup. Waiting.
2026-04-17 13:06:04,309 [INFO] Pairs:XAUUSD
2026-04-17 13:06:04,310 [INFO] Sleeping for 1.0 minutes...
2026-04-17 13:06:57,975 [INFO] Waking up to check market conditions...
2026-04-17 13:06:58,026 [INFO] No valid setup. Waiting.
2026-04-17 13:06:58,027 [INFO] Pairs:BTCUSD
2026-04-17 13:06:58,027 [INFO] Sleeping for 1.0 minutes...
2026-04-17 13:07:04,310 [INFO] Waking up to check market conditions...
2026-04-17 13:07:04,345 [INFO] No valid setup. Waiting.
2026-04-17 13:07:04,346 [INFO] Pairs:XAUUSD
2026-04-17 13:07:04,346 [INFO] Sleeping for 1.0 minutes...
2026-04-17 13:07:58,028 [INFO] Waking up to check market conditions...
2026-04-17 13:07:58,083 [INFO] No valid setup. Waiting.
2026-04-17 13:07:58,083 [INFO] Pairs:BTCUSD
2026-04-17 13:07:58,084 [INFO] Sleeping for 1.0 minutes...
2026-04-17 13:08:04,347 [INFO] Waking up to check market conditions...
2026-04-17 13:08:04,383 [INFO] No valid setup. Waiting.
2026-04-17 13:08:04,384 [INFO] Pairs:XAUUSD
2026-04-17 13:08:04,384 [INFO] Sleeping for 1.0 minutes...
2026-04-17 13:08:58,084 [INFO] Waking up to check market conditions...
2026-04-17 13:08:58,135 [INFO] No valid setup. Waiting.
2026-04-17 13:08:58,135 [INFO] Pairs:BTCUSD
2026-04-17 13:08:58,136 [INFO] Sleeping for 1.0 minutes...
2026-04-17 13:09:04,385 [INFO] Waking up to check market conditions...
2026-04-17 13:09:04,419 [INFO] No valid setup. Waiting.
2026-04-17 13:09:04,420 [INFO] Pairs:XAUUSD
2026-04-17 13:09:04,420 [INFO] Sleeping for 1.0 minutes...
2026-04-17 13:09:58,137 [INFO] Waking up to check market conditions...
2026-04-17 13:09:58,182 [INFO] No valid setup. Waiting.
2026-04-17 13:09:58,182 [INFO] Pairs:BTCUSD
2026-04-17 13:09:58,183 [INFO] Sleeping for 1.0 minutes...
2026-04-17 13:10:04,421 [INFO] Waking up to check market conditions...
2026-04-17 13:10:04,457 [INFO] No valid setup. Waiting.
2026-04-17 13:10:04,457 [INFO] Pairs:XAUUSD
2026-04-17 13:10:04,457 [INFO] Sleeping for 1.0 minutes...
2026-04-17 13:10:58,184 [INFO] Waking up to check market conditions...
2026-04-17 13:10:58,238 [INFO] No valid setup. Waiting.
2026-04-17 13:10:58,239 [INFO] Pairs:BTCUSD
2026-04-17 13:10:58,239 [INFO] Sleeping for 1.0 minutes...
2026-04-17 13:11:04,458 [INFO] Waking up to check market conditions...
2026-04-17 13:11:04,499 [INFO] No valid setup. Waiting.
2026-04-17 13:11:04,500 [INFO] Pairs:XAUUSD
2026-04-17 13:11:04,500 [INFO] Sleeping for 1.0 minutes...
2026-04-17 13:11:58,240 [INFO] Waking up to check market conditions...
2026-04-17 13:11:58,299 [INFO] No valid setup. Waiting.
2026-04-17 13:11:58,300 [INFO] Pairs:BTCUSD
2026-04-17 13:11:58,300 [INFO] Sleeping for 1.0 minutes...
2026-04-17 13:12:04,501 [INFO] Waking up to check market conditions...
2026-04-17 13:12:04,538 [INFO] No valid setup. Waiting.
2026-04-17 13:12:04,539 [INFO] Pairs:XAUUSD
2026-04-17 13:12:04,539 [INFO] Sleeping for 1.0 minutes...
2026-04-17 13:12:58,301 [INFO] Waking up to check market conditions...
2026-04-17 13:12:58,356 [INFO] No valid setup. Waiting.
2026-04-17 13:12:58,357 [INFO] Pairs:BTCUSD
2026-04-17 13:12:58,357 [INFO] Sleeping for 1.0 minutes...
2026-04-17 13:13:04,540 [INFO] Waking up to check market conditions...
2026-04-17 13:13:04,575 [INFO] No valid setup. Waiting.
2026-04-17 13:13:04,576 [INFO] Pairs:XAUUSD
2026-04-17 13:13:04,576 [INFO] Sleeping for 1.0 minutes...
2026-04-17 13:13:58,358 [INFO] Waking up to check market conditions...
2026-04-17 13:13:58,426 [INFO] No valid setup. Waiting.
2026-04-17 13:13:58,427 [INFO] Pairs:BTCUSD
2026-04-17 13:13:58,427 [INFO] Sleeping for 1.0 minutes...
2026-04-17 13:14:04,577 [INFO] Waking up to check market conditions...
2026-04-17 13:14:04,612 [INFO] No valid setup. Waiting.
2026-04-17 13:14:04,612 [INFO] Pairs:XAUUSD
2026-04-17 13:14:04,613 [INFO] Sleeping for 1.0 minutes...
2026-04-17 13:14:58,428 [INFO] Waking up to check market conditions...
2026-04-17 13:14:58,477 [INFO] No valid setup. Waiting.
2026-04-17 13:14:58,477 [INFO] Pairs:BTCUSD
2026-04-17 13:14:58,477 [INFO] Sleeping for 1.0 minutes...
2026-04-17 13:15:04,613 [INFO] Waking up to check market conditions...
2026-04-17 13:15:04,649 [INFO] No valid setup. Waiting.
2026-04-17 13:15:04,649 [INFO] Pairs:XAUUSD
2026-04-17 13:15:04,650 [INFO] Sleeping for 1.0 minutes...
2026-04-17 13:15:58,478 [INFO] Waking up to check market conditions...
2026-04-17 13:15:58,530 [INFO] No valid setup. Waiting.
2026-04-17 13:15:58,530 [INFO] Pairs:BTCUSD
2026-04-17 13:15:58,530 [INFO] Sleeping for 1.0 minutes...
2026-04-17 13:16:04,650 [INFO] Waking up to check market conditions...
2026-04-17 13:16:04,687 [INFO] No valid setup. Waiting.
2026-04-17 13:16:04,687 [INFO] Pairs:XAUUSD
2026-04-17 13:16:04,687 [INFO] Sleeping for 1.0 minutes...
2026-04-17 13:16:58,531 [INFO] Waking up to check market conditions...
2026-04-17 13:16:58,579 [INFO] No valid setup. Waiting.
2026-04-17 13:16:58,580 [INFO] Pairs:BTCUSD
2026-04-17 13:16:58,580 [INFO] Sleeping for 1.0 minutes...
2026-04-17 13:17:04,688 [INFO] Waking up to check market conditions...
2026-04-17 13:17:04,730 [INFO] No valid setup. Waiting.
2026-04-17 13:17:04,730 [INFO] Pairs:XAUUSD
2026-04-17 13:17:04,731 [INFO] Sleeping for 1.0 minutes...
2026-04-17 13:17:58,581 [INFO] Waking up to check market conditions...
2026-04-17 13:17:58,632 [INFO] No valid setup. Waiting.
2026-04-17 13:17:58,633 [INFO] Pairs:BTCUSD
2026-04-17 13:17:58,633 [INFO] Sleeping for 1.0 minutes...
2026-04-17 13:18:04,731 [INFO] Waking up to check market conditions...
2026-04-17 13:18:04,766 [INFO] No valid setup. Waiting.
2026-04-17 13:18:04,766 [INFO] Pairs:XAUUSD
2026-04-17 13:18:04,766 [INFO] Sleeping for 1.0 minutes...
2026-04-17 13:18:58,634 [INFO] Waking up to check market conditions...
2026-04-17 13:18:58,681 [INFO] No valid setup. Waiting.
2026-04-17 13:18:58,682 [INFO] Pairs:BTCUSD
2026-04-17 13:18:58,683 [INFO] Sleeping for 1.0 minutes...
2026-04-17 13:19:04,768 [INFO] Waking up to check market conditions...
2026-04-17 13:19:04,815 [INFO] No valid setup. Waiting.
2026-04-17 13:19:04,816 [INFO] Pairs:XAUUSD
2026-04-17 13:19:04,816 [INFO] Sleeping for 1.0 minutes...
2026-04-17 13:19:58,684 [INFO] Waking up to check market conditions...
2026-04-17 13:19:58,736 [INFO] No valid setup. Waiting.
2026-04-17 13:19:58,736 [INFO] Pairs:BTCUSD
2026-04-17 13:19:58,737 [INFO] Sleeping for 1.0 minutes...
2026-04-17 13:20:04,817 [INFO] Waking up to check market conditions...
2026-04-17 13:20:04,858 [INFO] No valid setup. Waiting.
2026-04-17 13:20:04,859 [INFO] Pairs:XAUUSD
2026-04-17 13:20:04,859 [INFO] Sleeping for 1.0 minutes...
2026-04-17 13:20:58,738 [INFO] Waking up to check market conditions...
2026-04-17 13:20:58,785 [INFO] No valid setup. Waiting.
2026-04-17 13:20:58,786 [INFO] Pairs:BTCUSD
2026-04-17 13:20:58,786 [INFO] Sleeping for 1.0 minutes...
2026-04-17 13:21:04,860 [INFO] Waking up to check market conditions...
2026-04-17 13:21:04,895 [INFO] No valid setup. Waiting.
2026-04-17 13:21:04,895 [INFO] Pairs:XAUUSD
2026-04-17 13:21:04,896 [INFO] Sleeping for 1.0 minutes...
2026-04-17 13:21:58,787 [INFO] Waking up to check market conditions...
2026-04-17 13:21:58,837 [INFO] No valid setup. Waiting.
2026-04-17 13:21:58,837 [INFO] Pairs:BTCUSD
2026-04-17 13:21:58,838 [INFO] Sleeping for 1.0 minutes...
2026-04-17 13:22:04,897 [INFO] Waking up to check market conditions...
2026-04-17 13:22:04,933 [INFO] No valid setup. Waiting.
2026-04-17 13:22:04,933 [INFO] Pairs:XAUUSD
2026-04-17 13:22:04,934 [INFO] Sleeping for 1.0 minutes...
2026-04-17 13:22:58,838 [INFO] Waking up to check market conditions...
2026-04-17 13:22:58,890 [INFO] No valid setup. Waiting.
2026-04-17 13:22:58,891 [INFO] Pairs:BTCUSD
2026-04-17 13:22:58,891 [INFO] Sleeping for 1.0 minutes...
2026-04-17 13:23:04,935 [INFO] Waking up to check market conditions...
2026-04-17 13:23:04,970 [INFO] No valid setup. Waiting.
2026-04-17 13:23:04,970 [INFO] Pairs:XAUUSD
2026-04-17 13:23:04,971 [INFO] Sleeping for 1.0 minutes...
2026-04-17 13:23:58,892 [INFO] Waking up to check market conditions...
2026-04-17 13:23:58,941 [INFO] No valid setup. Waiting.
2026-04-17 13:23:58,941 [INFO] Pairs:BTCUSD
2026-04-17 13:23:58,941 [INFO] Sleeping for 1.0 minutes...
2026-04-17 13:24:04,972 [INFO] Waking up to check market conditions...
2026-04-17 13:24:05,007 [INFO] No valid setup. Waiting.
2026-04-17 13:24:05,007 [INFO] Pairs:XAUUSD
2026-04-17 13:24:05,008 [INFO] Sleeping for 1.0 minutes...
2026-04-17 13:24:58,942 [INFO] Waking up to check market conditions...
2026-04-17 13:24:58,996 [INFO] No valid setup. Waiting.
2026-04-17 13:24:58,996 [INFO] Pairs:BTCUSD
2026-04-17 13:24:58,997 [INFO] Sleeping for 1.0 minutes...
2026-04-17 13:25:05,008 [INFO] Waking up to check market conditions...
2026-04-17 13:25:05,044 [INFO] No valid setup. Waiting.
2026-04-17 13:25:05,045 [INFO] Pairs:XAUUSD
2026-04-17 13:25:05,045 [INFO] Sleeping for 1.0 minutes...
2026-04-17 13:25:58,997 [INFO] Waking up to check market conditions...
2026-04-17 13:25:59,050 [INFO] No valid setup. Waiting.
2026-04-17 13:25:59,050 [INFO] Pairs:BTCUSD
2026-04-17 13:25:59,051 [INFO] Sleeping for 1.0 minutes...
2026-04-17 13:26:05,046 [INFO] Waking up to check market conditions...
2026-04-17 13:26:05,081 [INFO] No valid setup. Waiting.
2026-04-17 13:26:05,082 [INFO] Pairs:XAUUSD
2026-04-17 13:26:05,082 [INFO] Sleeping for 1.0 minutes...
2026-04-17 13:26:59,052 [INFO] Waking up to check market conditions...
2026-04-17 13:26:59,102 [INFO] No valid setup. Waiting.
2026-04-17 13:26:59,102 [INFO] Pairs:BTCUSD
2026-04-17 13:26:59,103 [INFO] Sleeping for 1.0 minutes...
2026-04-17 13:27:05,083 [INFO] Waking up to check market conditions...
2026-04-17 13:27:05,119 [INFO] No valid setup. Waiting.
2026-04-17 13:27:05,120 [INFO] Pairs:XAUUSD
2026-04-17 13:27:05,120 [INFO] Sleeping for 1.0 minutes...
2026-04-17 13:27:59,104 [INFO] Waking up to check market conditions...
2026-04-17 13:27:59,154 [INFO] No valid setup. Waiting.
2026-04-17 13:27:59,155 [INFO] Pairs:BTCUSD
2026-04-17 13:27:59,155 [INFO] Sleeping for 1.0 minutes...
2026-04-17 13:28:05,121 [INFO] Waking up to check market conditions...
2026-04-17 13:28:05,155 [INFO] No valid setup. Waiting.
2026-04-17 13:28:05,156 [INFO] Pairs:XAUUSD
2026-04-17 13:28:05,156 [INFO] Sleeping for 1.0 minutes...
2026-04-17 13:28:59,156 [INFO] Waking up to check market conditions...
2026-04-17 13:28:59,203 [INFO] No valid setup. Waiting.
2026-04-17 13:28:59,204 [INFO] Pairs:BTCUSD
2026-04-17 13:28:59,204 [INFO] Sleeping for 1.0 minutes...
2026-04-17 13:29:05,157 [INFO] Waking up to check market conditions...
2026-04-17 13:29:05,194 [INFO] No valid setup. Waiting.
2026-04-17 13:29:05,195 [INFO] Pairs:XAUUSD
2026-04-17 13:29:05,195 [INFO] Sleeping for 1.0 minutes...
2026-04-17 13:29:59,205 [INFO] Waking up to check market conditions...
2026-04-17 13:29:59,255 [INFO] No valid setup. Waiting.
2026-04-17 13:29:59,256 [INFO] Pairs:BTCUSD
2026-04-17 13:29:59,256 [INFO] Sleeping for 1.0 minutes...
2026-04-17 13:30:05,197 [INFO] Waking up to check market conditions...
2026-04-17 13:30:05,233 [INFO] No valid setup. Waiting.
2026-04-17 13:30:05,234 [INFO] Pairs:XAUUSD
2026-04-17 13:30:05,234 [INFO] Sleeping for 1.0 minutes...
2026-04-17 13:30:59,257 [INFO] Waking up to check market conditions...
2026-04-17 13:30:59,302 [INFO] No valid setup. Waiting.
2026-04-17 13:30:59,302 [INFO] Pairs:BTCUSD
2026-04-17 13:30:59,302 [INFO] Sleeping for 1.0 minutes...
2026-04-17 13:31:05,235 [INFO] Waking up to check market conditions...
2026-04-17 13:31:05,279 [INFO] No valid setup. Waiting.
2026-04-17 13:31:05,280 [INFO] Pairs:XAUUSD
2026-04-17 13:31:05,281 [INFO] Sleeping for 1.0 minutes...
2026-04-17 13:31:59,303 [INFO] Waking up to check market conditions...
2026-04-17 13:31:59,355 [INFO] No valid setup. Waiting.
2026-04-17 13:31:59,355 [INFO] Pairs:BTCUSD
2026-04-17 13:31:59,355 [INFO] Sleeping for 1.0 minutes...
2026-04-17 13:32:05,282 [INFO] Waking up to check market conditions...
2026-04-17 13:32:05,320 [INFO] No valid setup. Waiting.
2026-04-17 13:32:05,321 [INFO] Pairs:XAUUSD
2026-04-17 13:32:05,321 [INFO] Sleeping for 1.0 minutes...
2026-04-17 13:32:59,356 [INFO] Waking up to check market conditions...
2026-04-17 13:32:59,406 [INFO] No valid setup. Waiting.
2026-04-17 13:32:59,406 [INFO] Pairs:BTCUSD
2026-04-17 13:32:59,406 [INFO] Sleeping for 1.0 minutes...
2026-04-17 13:33:05,322 [INFO] Waking up to check market conditions...
2026-04-17 13:33:05,362 [INFO] No valid setup. Waiting.
2026-04-17 13:33:05,363 [INFO] Pairs:XAUUSD
2026-04-17 13:33:05,363 [INFO] Sleeping for 1.0 minutes...
2026-04-17 13:33:59,407 [INFO] Waking up to check market conditions...
2026-04-17 13:33:59,457 [INFO] No valid setup. Waiting.
2026-04-17 13:33:59,458 [INFO] Pairs:BTCUSD
2026-04-17 13:33:59,458 [INFO] Sleeping for 1.0 minutes...
2026-04-17 13:34:05,364 [INFO] Waking up to check market conditions...
2026-04-17 13:34:05,398 [INFO] No valid setup. Waiting.
2026-04-17 13:34:05,399 [INFO] Pairs:XAUUSD
2026-04-17 13:34:05,400 [INFO] Sleeping for 1.0 minutes...
2026-04-17 13:34:59,459 [INFO] Waking up to check market conditions...
2026-04-17 13:34:59,517 [INFO] No valid setup. Waiting.
2026-04-17 13:34:59,517 [INFO] Pairs:BTCUSD
2026-04-17 13:34:59,518 [INFO] Sleeping for 1.0 minutes...
2026-04-17 13:35:05,401 [INFO] Waking up to check market conditions...
2026-04-17 13:35:05,433 [INFO] No valid setup. Waiting.
2026-04-17 13:35:05,434 [INFO] Pairs:XAUUSD
2026-04-17 13:35:05,434 [INFO] Sleeping for 1.0 minutes...
2026-04-17 13:35:59,519 [INFO] Waking up to check market conditions...
2026-04-17 13:35:59,566 [INFO] No valid setup. Waiting.
2026-04-17 13:35:59,567 [INFO] Pairs:BTCUSD
2026-04-17 13:35:59,567 [INFO] Sleeping for 1.0 minutes...
2026-04-17 13:36:05,435 [INFO] Waking up to check market conditions...
2026-04-17 13:36:05,480 [INFO] No valid setup. Waiting.
2026-04-17 13:36:05,481 [INFO] Pairs:XAUUSD
2026-04-17 13:36:05,481 [INFO] Sleeping for 1.0 minutes...
2026-04-17 13:36:59,568 [INFO] Waking up to check market conditions...
2026-04-17 13:36:59,615 [INFO] No valid setup. Waiting.
2026-04-17 13:36:59,616 [INFO] Pairs:BTCUSD
2026-04-17 13:36:59,616 [INFO] Sleeping for 1.0 minutes...
2026-04-17 13:37:05,482 [INFO] Waking up to check market conditions...
2026-04-17 13:37:05,516 [INFO] No valid setup. Waiting.
2026-04-17 13:37:05,517 [INFO] Pairs:XAUUSD
2026-04-17 13:37:05,517 [INFO] Sleeping for 1.0 minutes...
2026-04-17 13:37:59,617 [INFO] Waking up to check market conditions...
2026-04-17 13:37:59,668 [INFO] No valid setup. Waiting.
2026-04-17 13:37:59,669 [INFO] Pairs:BTCUSD
2026-04-17 13:37:59,669 [INFO] Sleeping for 1.0 minutes...
2026-04-17 13:38:05,518 [INFO] Waking up to check market conditions...
2026-04-17 13:38:05,557 [INFO] No valid setup. Waiting.
2026-04-17 13:38:05,558 [INFO] Pairs:XAUUSD
2026-04-17 13:38:05,558 [INFO] Sleeping for 1.0 minutes...
2026-04-17 13:38:59,670 [INFO] Waking up to check market conditions...
2026-04-17 13:38:59,720 [INFO] No valid setup. Waiting.
2026-04-17 13:38:59,720 [INFO] Pairs:BTCUSD
2026-04-17 13:38:59,721 [INFO] Sleeping for 1.0 minutes...
2026-04-17 13:39:05,559 [INFO] Waking up to check market conditions...
2026-04-17 13:39:05,594 [INFO] No valid setup. Waiting.
2026-04-17 13:39:05,595 [INFO] Pairs:XAUUSD
2026-04-17 13:39:05,595 [INFO] Sleeping for 1.0 minutes...
2026-04-17 13:39:59,722 [INFO] Waking up to check market conditions...
2026-04-17 13:39:59,769 [INFO] No valid setup. Waiting.
2026-04-17 13:39:59,770 [INFO] Pairs:BTCUSD
2026-04-17 13:39:59,771 [INFO] Sleeping for 1.0 minutes...
2026-04-17 13:40:05,596 [INFO] Waking up to check market conditions...
2026-04-17 13:40:05,632 [INFO] No valid setup. Waiting.
2026-04-17 13:40:05,632 [INFO] Pairs:XAUUSD
2026-04-17 13:40:05,633 [INFO] Sleeping for 1.0 minutes...
2026-04-17 13:40:59,772 [INFO] Waking up to check market conditions...
2026-04-17 13:40:59,823 [INFO] No valid setup. Waiting.
2026-04-17 13:40:59,824 [INFO] Pairs:BTCUSD
2026-04-17 13:40:59,824 [INFO] Sleeping for 1.0 minutes...
2026-04-17 13:41:05,633 [INFO] Waking up to check market conditions...
2026-04-17 13:41:05,670 [INFO] No valid setup. Waiting.
2026-04-17 13:41:05,670 [INFO] Pairs:XAUUSD
2026-04-17 13:41:05,671 [INFO] Sleeping for 1.0 minutes...
2026-04-17 13:41:59,825 [INFO] Waking up to check market conditions...
2026-04-17 13:41:59,874 [INFO] No valid setup. Waiting.
2026-04-17 13:41:59,875 [INFO] Pairs:BTCUSD
2026-04-17 13:41:59,875 [INFO] Sleeping for 1.0 minutes...
2026-04-17 13:42:05,671 [INFO] Waking up to check market conditions...
2026-04-17 13:42:05,708 [INFO] No valid setup. Waiting.
2026-04-17 13:42:05,708 [INFO] Pairs:XAUUSD
2026-04-17 13:42:05,709 [INFO] Sleeping for 1.0 minutes...
2026-04-17 13:42:59,876 [INFO] Waking up to check market conditions...
2026-04-17 13:42:59,927 [INFO] No valid setup. Waiting.
2026-04-17 13:42:59,927 [INFO] Pairs:BTCUSD
2026-04-17 13:42:59,928 [INFO] Sleeping for 1.0 minutes...
2026-04-17 13:43:05,709 [INFO] Waking up to check market conditions...
2026-04-17 13:43:05,745 [INFO] No valid setup. Waiting.
2026-04-17 13:43:05,745 [INFO] Pairs:XAUUSD
2026-04-17 13:43:05,746 [INFO] Sleeping for 1.0 minutes...
2026-04-17 13:43:59,929 [INFO] Waking up to check market conditions...
2026-04-17 13:43:59,986 [INFO] No valid setup. Waiting.
2026-04-17 13:43:59,987 [INFO] Pairs:BTCUSD
2026-04-17 13:43:59,987 [INFO] Sleeping for 1.0 minutes...
2026-04-17 13:44:05,746 [INFO] Waking up to check market conditions...
2026-04-17 13:44:05,782 [INFO] No valid setup. Waiting.
2026-04-17 13:44:05,783 [INFO] Pairs:XAUUSD
2026-04-17 13:44:05,783 [INFO] Sleeping for 1.0 minutes...
2026-04-17 13:44:59,988 [INFO] Waking up to check market conditions...
2026-04-17 13:45:00,041 [INFO] No valid setup. Waiting.
2026-04-17 13:45:00,042 [INFO] Pairs:BTCUSD
2026-04-17 13:45:00,042 [INFO] Sleeping for 1.0 minutes...
2026-04-17 13:45:05,784 [INFO] Waking up to check market conditions...
2026-04-17 13:45:05,826 [INFO] No valid setup. Waiting.
2026-04-17 13:45:05,827 [INFO] Pairs:XAUUSD
2026-04-17 13:45:05,827 [INFO] Sleeping for 1.0 minutes...
2026-04-17 13:46:00,043 [INFO] Waking up to check market conditions...
2026-04-17 13:46:00,091 [INFO] No valid setup. Waiting.
2026-04-17 13:46:00,092 [INFO] Pairs:BTCUSD
2026-04-17 13:46:00,092 [INFO] Sleeping for 1.0 minutes...
2026-04-17 13:46:05,828 [INFO] Waking up to check market conditions...
2026-04-17 13:46:05,863 [INFO] No valid setup. Waiting.
2026-04-17 13:46:05,863 [INFO] Pairs:XAUUSD
2026-04-17 13:46:05,864 [INFO] Sleeping for 1.0 minutes...
2026-04-17 13:47:00,093 [INFO] Waking up to check market conditions...
2026-04-17 13:47:00,150 [INFO] No valid setup. Waiting.
2026-04-17 13:47:00,150 [INFO] Pairs:BTCUSD
2026-04-17 13:47:00,150 [INFO] Sleeping for 1.0 minutes...
2026-04-17 13:47:05,864 [INFO] Waking up to check market conditions...
2026-04-17 13:47:05,904 [INFO] No valid setup. Waiting.
2026-04-17 13:47:05,905 [INFO] Pairs:XAUUSD
2026-04-17 13:47:05,905 [INFO] Sleeping for 1.0 minutes...
2026-04-17 13:48:00,151 [INFO] Waking up to check market conditions...
2026-04-17 13:48:00,200 [INFO] No valid setup. Waiting.
2026-04-17 13:48:00,200 [INFO] Pairs:BTCUSD
2026-04-17 13:48:00,200 [INFO] Sleeping for 1.0 minutes...
2026-04-17 13:48:05,906 [INFO] Waking up to check market conditions...
2026-04-17 13:48:05,943 [INFO] No valid setup. Waiting.
2026-04-17 13:48:05,943 [INFO] Pairs:XAUUSD
2026-04-17 13:48:05,944 [INFO] Sleeping for 1.0 minutes...
2026-04-17 13:49:00,202 [INFO] Waking up to check market conditions...
2026-04-17 13:49:00,249 [INFO] No valid setup. Waiting.
2026-04-17 13:49:00,250 [INFO] Pairs:BTCUSD
2026-04-17 13:49:00,251 [INFO] Sleeping for 1.0 minutes...
2026-04-17 13:49:05,944 [INFO] Waking up to check market conditions...
2026-04-17 13:49:05,978 [INFO] No valid setup. Waiting.
2026-04-17 13:49:05,979 [INFO] Pairs:XAUUSD
2026-04-17 13:49:05,980 [INFO] Sleeping for 1.0 minutes...
2026-04-17 13:50:00,251 [INFO] Waking up to check market conditions...
2026-04-17 13:50:00,306 [INFO] No valid setup. Waiting.
2026-04-17 13:50:00,307 [INFO] Pairs:BTCUSD
2026-04-17 13:50:00,308 [INFO] Sleeping for 1.0 minutes...
2026-04-17 13:50:05,980 [INFO] Waking up to check market conditions...
2026-04-17 13:50:06,016 [INFO] No valid setup. Waiting.
2026-04-17 13:50:06,017 [INFO] Pairs:XAUUSD
2026-04-17 13:50:06,017 [INFO] Sleeping for 1.0 minutes...
2026-04-17 13:51:00,309 [INFO] Waking up to check market conditions...
2026-04-17 13:51:00,359 [INFO] No valid setup. Waiting.
2026-04-17 13:51:00,360 [INFO] Pairs:BTCUSD
2026-04-17 13:51:00,360 [INFO] Sleeping for 1.0 minutes...
2026-04-17 13:51:06,018 [INFO] Waking up to check market conditions...
2026-04-17 13:51:06,053 [INFO] No valid setup. Waiting.
2026-04-17 13:51:06,053 [INFO] Pairs:XAUUSD
2026-04-17 13:51:06,054 [INFO] Sleeping for 1.0 minutes...
2026-04-17 13:52:00,361 [INFO] Waking up to check market conditions...
2026-04-17 13:52:00,409 [INFO] No valid setup. Waiting.
2026-04-17 13:52:00,409 [INFO] Pairs:BTCUSD
2026-04-17 13:52:00,410 [INFO] Sleeping for 1.0 minutes...
2026-04-17 13:52:06,054 [INFO] Waking up to check market conditions...
2026-04-17 13:52:06,089 [INFO] No valid setup. Waiting.
2026-04-17 13:52:06,090 [INFO] Pairs:XAUUSD
2026-04-17 13:52:06,090 [INFO] Sleeping for 1.0 minutes...
2026-04-17 13:53:00,410 [INFO] Waking up to check market conditions...
2026-04-17 13:53:00,461 [INFO] No valid setup. Waiting.
2026-04-17 13:53:00,461 [INFO] Pairs:BTCUSD
2026-04-17 13:53:00,462 [INFO] Sleeping for 1.0 minutes...
2026-04-17 13:53:06,091 [INFO] Waking up to check market conditions...
2026-04-17 13:53:06,127 [INFO] No valid setup. Waiting.
2026-04-17 13:53:06,128 [INFO] Pairs:XAUUSD
2026-04-17 13:53:06,128 [INFO] Sleeping for 1.0 minutes...
2026-04-17 13:54:00,462 [INFO] Waking up to check market conditions...
2026-04-17 13:54:00,513 [INFO] No valid setup. Waiting.
2026-04-17 13:54:00,513 [INFO] Pairs:BTCUSD
2026-04-17 13:54:00,513 [INFO] Sleeping for 1.0 minutes...
2026-04-17 13:54:06,128 [INFO] Waking up to check market conditions...
2026-04-17 13:54:06,165 [INFO] No valid setup. Waiting.
2026-04-17 13:54:06,165 [INFO] Pairs:XAUUSD
2026-04-17 13:54:06,165 [INFO] Sleeping for 1.0 minutes...
2026-04-17 13:55:00,514 [INFO] Waking up to check market conditions...
2026-04-17 13:55:00,563 [INFO] No valid setup. Waiting.
2026-04-17 13:55:00,564 [INFO] Pairs:BTCUSD
2026-04-17 13:55:00,564 [INFO] Sleeping for 1.0 minutes...
2026-04-17 13:55:06,166 [INFO] Waking up to check market conditions...
2026-04-17 13:55:06,200 [INFO] No valid setup. Waiting.
2026-04-17 13:55:06,201 [INFO] Pairs:XAUUSD
2026-04-17 13:55:06,201 [INFO] Sleeping for 1.0 minutes...
2026-04-17 13:56:00,565 [INFO] Waking up to check market conditions...
2026-04-17 13:56:00,614 [INFO] No valid setup. Waiting.
2026-04-17 13:56:00,614 [INFO] Pairs:BTCUSD
2026-04-17 13:56:00,615 [INFO] Sleeping for 1.0 minutes...
2026-04-17 13:56:06,202 [INFO] Waking up to check market conditions...
2026-04-17 13:56:06,237 [INFO] No valid setup. Waiting.
2026-04-17 13:56:06,238 [INFO] Pairs:XAUUSD
2026-04-17 13:56:06,238 [INFO] Sleeping for 1.0 minutes...
2026-04-17 13:57:00,615 [INFO] Waking up to check market conditions...
2026-04-17 13:57:00,663 [INFO] No valid setup. Waiting.
2026-04-17 13:57:00,664 [INFO] Pairs:BTCUSD
2026-04-17 13:57:00,665 [INFO] Sleeping for 1.0 minutes...
2026-04-17 13:57:06,239 [INFO] Waking up to check market conditions...
2026-04-17 13:57:06,279 [INFO] No valid setup. Waiting.
2026-04-17 13:57:06,280 [INFO] Pairs:XAUUSD
2026-04-17 13:57:06,280 [INFO] Sleeping for 1.0 minutes...
2026-04-17 13:58:00,665 [INFO] Waking up to check market conditions...
2026-04-17 13:58:00,714 [INFO] No valid setup. Waiting.
2026-04-17 13:58:00,714 [INFO] Pairs:BTCUSD
2026-04-17 13:58:00,715 [INFO] Sleeping for 1.0 minutes...
2026-04-17 13:58:06,281 [INFO] Waking up to check market conditions...
2026-04-17 13:58:06,316 [INFO] No valid setup. Waiting.
2026-04-17 13:58:06,317 [INFO] Pairs:XAUUSD
2026-04-17 13:58:06,317 [INFO] Sleeping for 1.0 minutes...
2026-04-17 13:59:00,715 [INFO] Waking up to check market conditions...
2026-04-17 13:59:00,765 [INFO] No valid setup. Waiting.
2026-04-17 13:59:00,765 [INFO] Pairs:BTCUSD
2026-04-17 13:59:00,766 [INFO] Sleeping for 1.0 minutes...
2026-04-17 13:59:06,318 [INFO] Waking up to check market conditions...
2026-04-17 13:59:06,353 [INFO] No valid setup. Waiting.
2026-04-17 13:59:06,354 [INFO] Pairs:XAUUSD
2026-04-17 13:59:06,354 [INFO] Sleeping for 1.0 minutes...
2026-04-17 14:00:00,766 [INFO] Waking up to check market conditions...
2026-04-17 14:00:00,824 [INFO] No valid setup. Waiting.
2026-04-17 14:00:00,824 [INFO] Pairs:BTCUSD
2026-04-17 14:00:00,825 [INFO] Sleeping for 1.0 minutes...
2026-04-17 14:00:06,355 [INFO] Waking up to check market conditions...
2026-04-17 14:00:06,391 [INFO] No valid setup. Waiting.
2026-04-17 14:00:06,391 [INFO] Pairs:XAUUSD
2026-04-17 14:00:06,392 [INFO] Sleeping for 1.0 minutes...
2026-04-17 14:01:00,826 [INFO] Waking up to check market conditions...
2026-04-17 14:01:00,876 [INFO] No valid setup. Waiting.
2026-04-17 14:01:00,876 [INFO] Pairs:BTCUSD
2026-04-17 14:01:00,877 [INFO] Sleeping for 1.0 minutes...
2026-04-17 14:01:06,392 [INFO] Waking up to check market conditions...
2026-04-17 14:01:06,425 [INFO] No valid setup. Waiting.
2026-04-17 14:01:06,425 [INFO] Pairs:XAUUSD
2026-04-17 14:01:06,426 [INFO] Sleeping for 1.0 minutes...
2026-04-17 14:02:00,877 [INFO] Waking up to check market conditions...
2026-04-17 14:02:00,926 [INFO] No valid setup. Waiting.
2026-04-17 14:02:00,927 [INFO] Pairs:BTCUSD
2026-04-17 14:02:00,927 [INFO] Sleeping for 1.0 minutes...
2026-04-17 14:02:06,427 [INFO] Waking up to check market conditions...
2026-04-17 14:02:06,462 [INFO] No valid setup. Waiting.
2026-04-17 14:02:06,462 [INFO] Pairs:XAUUSD
2026-04-17 14:02:06,463 [INFO] Sleeping for 1.0 minutes...
2026-04-17 14:03:00,928 [INFO] Waking up to check market conditions...
2026-04-17 14:03:00,987 [INFO] No valid setup. Waiting.
2026-04-17 14:03:00,988 [INFO] Pairs:BTCUSD
2026-04-17 14:03:00,988 [INFO] Sleeping for 1.0 minutes...
2026-04-17 14:03:06,463 [INFO] Waking up to check market conditions...
2026-04-17 14:03:06,498 [INFO] No valid setup. Waiting.
2026-04-17 14:03:06,499 [INFO] Pairs:XAUUSD
2026-04-17 14:03:06,499 [INFO] Sleeping for 1.0 minutes...
2026-04-17 14:04:00,989 [INFO] Waking up to check market conditions...
2026-04-17 14:04:01,037 [INFO] No valid setup. Waiting.
2026-04-17 14:04:01,037 [INFO] Pairs:BTCUSD
2026-04-17 14:04:01,038 [INFO] Sleeping for 1.0 minutes...
2026-04-17 14:04:06,500 [INFO] Waking up to check market conditions...
2026-04-17 14:04:06,535 [INFO] No valid setup. Waiting.
2026-04-17 14:04:06,535 [INFO] Pairs:XAUUSD
2026-04-17 14:04:06,536 [INFO] Sleeping for 1.0 minutes...
2026-04-17 14:05:01,039 [INFO] Waking up to check market conditions...
2026-04-17 14:05:01,088 [INFO] No valid setup. Waiting.
2026-04-17 14:05:01,088 [INFO] Pairs:BTCUSD
2026-04-17 14:05:01,089 [INFO] Sleeping for 1.0 minutes...
2026-04-17 14:05:06,536 [INFO] Waking up to check market conditions...
2026-04-17 14:05:06,571 [INFO] No valid setup. Waiting.
2026-04-17 14:05:06,572 [INFO] Pairs:XAUUSD
2026-04-17 14:05:06,572 [INFO] Sleeping for 1.0 minutes...
2026-04-17 14:06:01,090 [INFO] Waking up to check market conditions...
2026-04-17 14:06:01,139 [INFO] No valid setup. Waiting.
2026-04-17 14:06:01,139 [INFO] Pairs:BTCUSD
2026-04-17 14:06:01,139 [INFO] Sleeping for 1.0 minutes...
2026-04-17 14:06:06,573 [INFO] Waking up to check market conditions...
2026-04-17 14:06:06,617 [INFO] No valid setup. Waiting.
2026-04-17 14:06:06,617 [INFO] Pairs:XAUUSD
2026-04-17 14:06:06,618 [INFO] Sleeping for 1.0 minutes...
2026-04-17 14:07:01,140 [INFO] Waking up to check market conditions...
2026-04-17 14:07:01,188 [INFO] No valid setup. Waiting.
2026-04-17 14:07:01,189 [INFO] Pairs:BTCUSD
2026-04-17 14:07:01,190 [INFO] Sleeping for 1.0 minutes...
2026-04-17 14:07:06,618 [INFO] Waking up to check market conditions...
2026-04-17 14:07:06,653 [INFO] No valid setup. Waiting.
2026-04-17 14:07:06,654 [INFO] Pairs:XAUUSD
2026-04-17 14:07:06,654 [INFO] Sleeping for 1.0 minutes...
2026-04-17 14:08:01,191 [INFO] Waking up to check market conditions...
2026-04-17 14:08:01,241 [INFO] No valid setup. Waiting.
2026-04-17 14:08:01,242 [INFO] Pairs:BTCUSD
2026-04-17 14:08:01,242 [INFO] Sleeping for 1.0 minutes...
2026-04-17 14:08:06,655 [INFO] Waking up to check market conditions...
2026-04-17 14:08:06,690 [INFO] No valid setup. Waiting.
2026-04-17 14:08:06,690 [INFO] Pairs:XAUUSD
2026-04-17 14:08:06,691 [INFO] Sleeping for 1.0 minutes...
2026-04-17 14:09:01,243 [INFO] Waking up to check market conditions...
2026-04-17 14:09:01,290 [INFO] No valid setup. Waiting.
2026-04-17 14:09:01,291 [INFO] Pairs:BTCUSD
2026-04-17 14:09:01,291 [INFO] Sleeping for 1.0 minutes...
2026-04-17 14:09:06,691 [INFO] Waking up to check market conditions...
2026-04-17 14:09:06,727 [INFO] No valid setup. Waiting.
2026-04-17 14:09:06,728 [INFO] Pairs:XAUUSD
2026-04-17 14:09:06,728 [INFO] Sleeping for 1.0 minutes...
2026-04-17 14:10:01,292 [INFO] Waking up to check market conditions...
2026-04-17 14:10:01,339 [INFO] No valid setup. Waiting.
2026-04-17 14:10:01,340 [INFO] Pairs:BTCUSD
2026-04-17 14:10:01,340 [INFO] Sleeping for 1.0 minutes...
2026-04-17 14:10:06,729 [INFO] Waking up to check market conditions...
2026-04-17 14:10:06,764 [INFO] No valid setup. Waiting.
2026-04-17 14:10:06,765 [INFO] Pairs:XAUUSD
2026-04-17 14:10:06,765 [INFO] Sleeping for 1.0 minutes...
2026-04-17 14:11:01,341 [INFO] Waking up to check market conditions...
2026-04-17 14:11:01,386 [INFO] No valid setup. Waiting.
2026-04-17 14:11:01,387 [INFO] Pairs:BTCUSD
2026-04-17 14:11:01,387 [INFO] Sleeping for 1.0 minutes...
2026-04-17 14:11:06,766 [INFO] Waking up to check market conditions...
2026-04-17 14:11:06,801 [INFO] No valid setup. Waiting.
2026-04-17 14:11:06,802 [INFO] Pairs:XAUUSD
2026-04-17 14:11:06,802 [INFO] Sleeping for 1.0 minutes...
2026-04-17 14:12:01,388 [INFO] Waking up to check market conditions...
2026-04-17 14:12:01,443 [INFO] No valid setup. Waiting.
2026-04-17 14:12:01,443 [INFO] Pairs:BTCUSD
2026-04-17 14:12:01,445 [INFO] Sleeping for 1.0 minutes...
2026-04-17 14:12:06,803 [INFO] Waking up to check market conditions...
2026-04-17 14:12:06,838 [INFO] No valid setup. Waiting.
2026-04-17 14:12:06,839 [INFO] Pairs:XAUUSD
2026-04-17 14:12:06,839 [INFO] Sleeping for 1.0 minutes...
2026-04-17 14:13:01,446 [INFO] Waking up to check market conditions...
2026-04-17 14:13:01,495 [INFO] No valid setup. Waiting.
2026-04-17 14:13:01,495 [INFO] Pairs:BTCUSD
2026-04-17 14:13:01,496 [INFO] Sleeping for 1.0 minutes...
2026-04-17 14:13:06,840 [INFO] Waking up to check market conditions...
2026-04-17 14:13:06,874 [INFO] No valid setup. Waiting.
2026-04-17 14:13:06,874 [INFO] Pairs:XAUUSD
2026-04-17 14:13:06,875 [INFO] Sleeping for 1.0 minutes...
2026-04-17 14:14:01,496 [INFO] Waking up to check market conditions...
2026-04-17 14:14:01,545 [INFO] No valid setup. Waiting.
2026-04-17 14:14:01,546 [INFO] Pairs:BTCUSD
2026-04-17 14:14:01,547 [INFO] Sleeping for 1.0 minutes...
2026-04-17 14:14:06,875 [INFO] Waking up to check market conditions...
2026-04-17 14:14:06,910 [INFO] No valid setup. Waiting.
2026-04-17 14:14:06,911 [INFO] Pairs:XAUUSD
2026-04-17 14:14:06,911 [INFO] Sleeping for 1.0 minutes...
2026-04-17 14:15:01,549 [INFO] Waking up to check market conditions...
2026-04-17 14:15:01,595 [INFO] No valid setup. Waiting.
2026-04-17 14:15:01,596 [INFO] Pairs:BTCUSD
2026-04-17 14:15:01,597 [INFO] Sleeping for 1.0 minutes...
2026-04-17 14:15:06,912 [INFO] Waking up to check market conditions...
2026-04-17 14:15:06,951 [INFO] No valid setup. Waiting.
2026-04-17 14:15:06,951 [INFO] Pairs:XAUUSD
2026-04-17 14:15:06,952 [INFO] Sleeping for 1.0 minutes...
2026-04-17 14:16:01,598 [INFO] Waking up to check market conditions...
2026-04-17 14:16:01,647 [INFO] No valid setup. Waiting.
2026-04-17 14:16:01,647 [INFO] Pairs:BTCUSD
2026-04-17 14:16:01,647 [INFO] Sleeping for 1.0 minutes...
2026-04-17 14:16:06,953 [INFO] Waking up to check market conditions...
2026-04-17 14:16:06,988 [INFO] No valid setup. Waiting.
2026-04-17 14:16:06,988 [INFO] Pairs:XAUUSD
2026-04-17 14:16:06,988 [INFO] Sleeping for 1.0 minutes...
2026-04-17 14:17:01,648 [INFO] Waking up to check market conditions...
2026-04-17 14:17:01,698 [INFO] No valid setup. Waiting.
2026-04-17 14:17:01,699 [INFO] Pairs:BTCUSD
2026-04-17 14:17:01,699 [INFO] Sleeping for 1.0 minutes...
2026-04-17 14:17:06,989 [INFO] Waking up to check market conditions...
2026-04-17 14:17:07,024 [INFO] No valid setup. Waiting.
2026-04-17 14:17:07,025 [INFO] Pairs:XAUUSD
2026-04-17 14:17:07,025 [INFO] Sleeping for 1.0 minutes...
2026-04-17 14:18:01,700 [INFO] Waking up to check market conditions...
2026-04-17 14:18:01,749 [INFO] No valid setup. Waiting.
2026-04-17 14:18:01,749 [INFO] Pairs:BTCUSD
2026-04-17 14:18:01,750 [INFO] Sleeping for 1.0 minutes...
2026-04-17 14:18:07,026 [INFO] Waking up to check market conditions...
2026-04-17 14:18:07,060 [INFO] No valid setup. Waiting.
2026-04-17 14:18:07,061 [INFO] Pairs:XAUUSD
2026-04-17 14:18:07,061 [INFO] Sleeping for 1.0 minutes...
2026-04-17 14:19:01,750 [INFO] Waking up to check market conditions...
2026-04-17 14:19:01,798 [INFO] No valid setup. Waiting.
2026-04-17 14:19:01,798 [INFO] Pairs:BTCUSD
2026-04-17 14:19:01,798 [INFO] Sleeping for 1.0 minutes...
2026-04-17 14:19:07,062 [INFO] Waking up to check market conditions...
2026-04-17 14:19:07,096 [INFO] No valid setup. Waiting.
2026-04-17 14:19:07,096 [INFO] Pairs:XAUUSD
2026-04-17 14:19:07,097 [INFO] Sleeping for 1.0 minutes...
2026-04-17 14:20:01,800 [INFO] Waking up to check market conditions...
2026-04-17 14:20:01,849 [INFO] No valid setup. Waiting.
2026-04-17 14:20:01,850 [INFO] Pairs:BTCUSD
2026-04-17 14:20:01,850 [INFO] Sleeping for 1.0 minutes...
2026-04-17 14:20:07,098 [INFO] Waking up to check market conditions...
2026-04-17 14:20:07,134 [INFO] No valid setup. Waiting.
2026-04-17 14:20:07,134 [INFO] Pairs:XAUUSD
2026-04-17 14:20:07,135 [INFO] Sleeping for 1.0 minutes...
2026-04-17 14:21:01,851 [INFO] Waking up to check market conditions...
2026-04-17 14:21:01,911 [INFO] No valid setup. Waiting.
2026-04-17 14:21:01,912 [INFO] Pairs:BTCUSD
2026-04-17 14:21:01,912 [INFO] Sleeping for 1.0 minutes...
2026-04-17 14:21:07,135 [INFO] Waking up to check market conditions...
2026-04-17 14:21:07,170 [INFO] No valid setup. Waiting.
2026-04-17 14:21:07,171 [INFO] Pairs:XAUUSD
2026-04-17 14:21:07,171 [INFO] Sleeping for 1.0 minutes...
2026-04-17 14:22:01,913 [INFO] Waking up to check market conditions...
2026-04-17 14:22:01,960 [INFO] No valid setup. Waiting.
2026-04-17 14:22:01,961 [INFO] Pairs:BTCUSD
2026-04-17 14:22:01,962 [INFO] Sleeping for 1.0 minutes...
2026-04-17 14:22:07,172 [INFO] Waking up to check market conditions...
2026-04-17 14:22:07,219 [INFO] No valid setup. Waiting.
2026-04-17 14:22:07,219 [INFO] Pairs:XAUUSD
2026-04-17 14:22:07,220 [INFO] Sleeping for 1.0 minutes...
2026-04-17 14:23:01,963 [INFO] Waking up to check market conditions...
2026-04-17 14:23:02,011 [INFO] No valid setup. Waiting.
2026-04-17 14:23:02,012 [INFO] Pairs:BTCUSD
2026-04-17 14:23:02,013 [INFO] Sleeping for 1.0 minutes...
2026-04-17 14:23:07,221 [INFO] Waking up to check market conditions...
2026-04-17 14:23:07,255 [INFO] No valid setup. Waiting.
2026-04-17 14:23:07,256 [INFO] Pairs:XAUUSD
2026-04-17 14:23:07,256 [INFO] Sleeping for 1.0 minutes...
2026-04-17 14:24:02,013 [INFO] Waking up to check market conditions...
2026-04-17 14:24:02,060 [INFO] No valid setup. Waiting.
2026-04-17 14:24:02,061 [INFO] Pairs:BTCUSD
2026-04-17 14:24:02,061 [INFO] Sleeping for 1.0 minutes...
2026-04-17 14:24:07,257 [INFO] Waking up to check market conditions...
2026-04-17 14:24:07,302 [INFO] No valid setup. Waiting.
2026-04-17 14:24:07,302 [INFO] Pairs:XAUUSD
2026-04-17 14:24:07,303 [INFO] Sleeping for 1.0 minutes...
2026-04-17 14:25:02,062 [INFO] Waking up to check market conditions...
2026-04-17 14:25:02,111 [INFO] No valid setup. Waiting.
2026-04-17 14:25:02,112 [INFO] Pairs:BTCUSD
2026-04-17 14:25:02,112 [INFO] Sleeping for 1.0 minutes...
2026-04-17 14:25:07,304 [INFO] Waking up to check market conditions...
2026-04-17 14:25:07,341 [INFO] No valid setup. Waiting.
2026-04-17 14:25:07,342 [INFO] Pairs:XAUUSD
2026-04-17 14:25:07,342 [INFO] Sleeping for 1.0 minutes...
2026-04-17 14:26:02,113 [INFO] Waking up to check market conditions...
2026-04-17 14:26:02,161 [INFO] No valid setup. Waiting.
2026-04-17 14:26:02,162 [INFO] Pairs:BTCUSD
2026-04-17 14:26:02,163 [INFO] Sleeping for 1.0 minutes...
2026-04-17 14:26:07,343 [INFO] Waking up to check market conditions...
2026-04-17 14:26:07,378 [INFO] No valid setup. Waiting.
2026-04-17 14:26:07,379 [INFO] Pairs:XAUUSD
2026-04-17 14:26:07,379 [INFO] Sleeping for 1.0 minutes...
2026-04-17 14:27:02,164 [INFO] Waking up to check market conditions...
2026-04-17 14:27:02,213 [INFO] No valid setup. Waiting.
2026-04-17 14:27:02,214 [INFO] Pairs:BTCUSD
2026-04-17 14:27:02,214 [INFO] Sleeping for 1.0 minutes...
2026-04-17 14:27:07,380 [INFO] Waking up to check market conditions...
2026-04-17 14:27:07,417 [INFO] No valid setup. Waiting.
2026-04-17 14:27:07,418 [INFO] Pairs:XAUUSD
2026-04-17 14:27:07,418 [INFO] Sleeping for 1.0 minutes...
2026-04-17 14:28:02,215 [INFO] Waking up to check market conditions...
2026-04-17 14:28:02,262 [INFO] No valid setup. Waiting.
2026-04-17 14:28:02,263 [INFO] Pairs:BTCUSD
2026-04-17 14:28:02,263 [INFO] Sleeping for 1.0 minutes...
2026-04-17 14:28:07,419 [INFO] Waking up to check market conditions...
2026-04-17 14:28:07,456 [INFO] No valid setup. Waiting.
2026-04-17 14:28:07,456 [INFO] Pairs:XAUUSD
2026-04-17 14:28:07,457 [INFO] Sleeping for 1.0 minutes...
2026-04-17 14:29:02,264 [INFO] Waking up to check market conditions...
2026-04-17 14:29:02,310 [INFO] No valid setup. Waiting.
2026-04-17 14:29:02,311 [INFO] Pairs:BTCUSD
2026-04-17 14:29:02,311 [INFO] Sleeping for 1.0 minutes...
2026-04-17 14:29:07,458 [INFO] Waking up to check market conditions...
2026-04-17 14:29:07,490 [INFO] No valid setup. Waiting.
2026-04-17 14:29:07,491 [INFO] Pairs:XAUUSD
2026-04-17 14:29:07,491 [INFO] Sleeping for 1.0 minutes...
2026-04-17 14:30:02,311 [INFO] Waking up to check market conditions...
2026-04-17 14:30:02,371 [INFO] No valid setup. Waiting.
2026-04-17 14:30:02,371 [INFO] Pairs:BTCUSD
2026-04-17 14:30:02,371 [INFO] Sleeping for 1.0 minutes...
2026-04-17 14:30:07,492 [INFO] Waking up to check market conditions...
2026-04-17 14:30:07,528 [INFO] No valid setup. Waiting.
2026-04-17 14:30:07,528 [INFO] Pairs:XAUUSD
2026-04-17 14:30:07,529 [INFO] Sleeping for 1.0 minutes...
2026-04-17 14:31:02,372 [INFO] Waking up to check market conditions...
2026-04-17 14:31:02,422 [INFO] No valid setup. Waiting.
2026-04-17 14:31:02,423 [INFO] Pairs:BTCUSD
2026-04-17 14:31:02,424 [INFO] Sleeping for 1.0 minutes...
2026-04-17 14:31:07,530 [INFO] Waking up to check market conditions...
2026-04-17 14:31:07,564 [INFO] No valid setup. Waiting.
2026-04-17 14:31:07,564 [INFO] Pairs:XAUUSD
2026-04-17 14:31:07,565 [INFO] Sleeping for 1.0 minutes...
2026-04-17 14:32:02,424 [INFO] Waking up to check market conditions...
2026-04-17 14:32:02,473 [INFO] No valid setup. Waiting.
2026-04-17 14:32:02,474 [INFO] Pairs:BTCUSD
2026-04-17 14:32:02,474 [INFO] Sleeping for 1.0 minutes...
2026-04-17 14:32:07,566 [INFO] Waking up to check market conditions...
2026-04-17 14:32:07,600 [INFO] No valid setup. Waiting.
2026-04-17 14:32:07,600 [INFO] Pairs:XAUUSD
2026-04-17 14:32:07,601 [INFO] Sleeping for 1.0 minutes...
2026-04-17 14:33:02,475 [INFO] Waking up to check market conditions...
2026-04-17 14:33:02,523 [INFO] No valid setup. Waiting.
2026-04-17 14:33:02,523 [INFO] Pairs:BTCUSD
2026-04-17 14:33:02,524 [INFO] Sleeping for 1.0 minutes...
2026-04-17 14:33:07,601 [INFO] Waking up to check market conditions...
2026-04-17 14:33:07,636 [INFO] No valid setup. Waiting.
2026-04-17 14:33:07,637 [INFO] Pairs:XAUUSD
2026-04-17 14:33:07,637 [INFO] Sleeping for 1.0 minutes...
2026-04-17 14:34:02,525 [INFO] Waking up to check market conditions...
2026-04-17 14:34:02,570 [INFO] No valid setup. Waiting.
2026-04-17 14:34:02,571 [INFO] Pairs:BTCUSD
2026-04-17 14:34:02,571 [INFO] Sleeping for 1.0 minutes...
2026-04-17 14:34:07,638 [INFO] Waking up to check market conditions...
2026-04-17 14:34:07,672 [INFO] No valid setup. Waiting.
2026-04-17 14:34:07,672 [INFO] Pairs:XAUUSD
2026-04-17 14:34:07,673 [INFO] Sleeping for 1.0 minutes...
2026-04-17 14:35:02,572 [INFO] Waking up to check market conditions...
2026-04-17 14:35:02,618 [INFO] No valid setup. Waiting.
2026-04-17 14:35:02,619 [INFO] Pairs:BTCUSD
2026-04-17 14:35:02,619 [INFO] Sleeping for 1.0 minutes...
2026-04-17 14:35:07,673 [INFO] Waking up to check market conditions...
2026-04-17 14:35:07,708 [INFO] No valid setup. Waiting.
2026-04-17 14:35:07,708 [INFO] Pairs:XAUUSD
2026-04-17 14:35:07,709 [INFO] Sleeping for 1.0 minutes...
2026-04-17 14:36:02,620 [INFO] Waking up to check market conditions...
2026-04-17 14:36:02,670 [INFO] No valid setup. Waiting.
2026-04-17 14:36:02,671 [INFO] Pairs:BTCUSD
2026-04-17 14:36:02,671 [INFO] Sleeping for 1.0 minutes...
2026-04-17 14:36:07,710 [INFO] Waking up to check market conditions...
2026-04-17 14:36:07,745 [INFO] No valid setup. Waiting.
2026-04-17 14:36:07,745 [INFO] Pairs:XAUUSD
2026-04-17 14:36:07,746 [INFO] Sleeping for 1.0 minutes...
2026-04-17 14:37:02,672 [INFO] Waking up to check market conditions...
2026-04-17 14:37:02,727 [INFO] No valid setup. Waiting.
2026-04-17 14:37:02,728 [INFO] Pairs:BTCUSD
2026-04-17 14:37:02,728 [INFO] Sleeping for 1.0 minutes...
2026-04-17 14:37:07,746 [INFO] Waking up to check market conditions...
2026-04-17 14:37:07,781 [INFO] No valid setup. Waiting.
2026-04-17 14:37:07,782 [INFO] Pairs:XAUUSD
2026-04-17 14:37:07,782 [INFO] Sleeping for 1.0 minutes...
2026-04-17 14:38:02,729 [INFO] Waking up to check market conditions...
2026-04-17 14:38:02,777 [INFO] No valid setup. Waiting.
2026-04-17 14:38:02,777 [INFO] Pairs:BTCUSD
2026-04-17 14:38:02,778 [INFO] Sleeping for 1.0 minutes...
2026-04-17 14:38:07,783 [INFO] Waking up to check market conditions...
2026-04-17 14:38:07,818 [INFO] No valid setup. Waiting.
2026-04-17 14:38:07,819 [INFO] Pairs:XAUUSD
2026-04-17 14:38:07,819 [INFO] Sleeping for 1.0 minutes...
2026-04-17 14:39:02,778 [INFO] Waking up to check market conditions...
2026-04-17 14:39:02,827 [INFO] No valid setup. Waiting.
2026-04-17 14:39:02,828 [INFO] Pairs:BTCUSD
2026-04-17 14:39:02,828 [INFO] Sleeping for 1.0 minutes...
2026-04-17 14:39:07,820 [INFO] Waking up to check market conditions...
2026-04-17 14:39:07,853 [INFO] No valid setup. Waiting.
2026-04-17 14:39:07,853 [INFO] Pairs:XAUUSD
2026-04-17 14:39:07,854 [INFO] Sleeping for 1.0 minutes...
2026-04-17 14:40:02,829 [INFO] Waking up to check market conditions...
2026-04-17 14:40:02,883 [INFO] No valid setup. Waiting.
2026-04-17 14:40:02,883 [INFO] Pairs:BTCUSD
2026-04-17 14:40:02,884 [INFO] Sleeping for 1.0 minutes...
2026-04-17 14:40:07,855 [INFO] Waking up to check market conditions...
2026-04-17 14:40:07,898 [INFO] No valid setup. Waiting.
2026-04-17 14:40:07,899 [INFO] Pairs:XAUUSD
2026-04-17 14:40:07,899 [INFO] Sleeping for 1.0 minutes...
2026-04-17 14:41:02,885 [INFO] Waking up to check market conditions...
2026-04-17 14:41:02,935 [INFO] No valid setup. Waiting.
2026-04-17 14:41:02,935 [INFO] Pairs:BTCUSD
2026-04-17 14:41:02,936 [INFO] Sleeping for 1.0 minutes...
2026-04-17 14:41:07,900 [INFO] Waking up to check market conditions...
2026-04-17 14:41:07,934 [INFO] No valid setup. Waiting.
2026-04-17 14:41:07,935 [INFO] Pairs:XAUUSD
2026-04-17 14:41:07,935 [INFO] Sleeping for 1.0 minutes...
2026-04-17 14:42:02,937 [INFO] Waking up to check market conditions...
2026-04-17 14:42:02,985 [INFO] No valid setup. Waiting.
2026-04-17 14:42:02,986 [INFO] Pairs:BTCUSD
2026-04-17 14:42:02,986 [INFO] Sleeping for 1.0 minutes...
2026-04-17 14:42:07,936 [INFO] Waking up to check market conditions...
2026-04-17 14:42:07,970 [INFO] No valid setup. Waiting.
2026-04-17 14:42:07,971 [INFO] Pairs:XAUUSD
2026-04-17 14:42:07,971 [INFO] Sleeping for 1.0 minutes...
2026-04-17 14:43:02,987 [INFO] Waking up to check market conditions...
2026-04-17 14:43:03,036 [INFO] No valid setup. Waiting.
2026-04-17 14:43:03,037 [INFO] Pairs:BTCUSD
2026-04-17 14:43:03,037 [INFO] Sleeping for 1.0 minutes...
2026-04-17 14:43:07,972 [INFO] Waking up to check market conditions...
2026-04-17 14:43:08,007 [INFO] No valid setup. Waiting.
2026-04-17 14:43:08,008 [INFO] Pairs:XAUUSD
2026-04-17 14:43:08,008 [INFO] Sleeping for 1.0 minutes...
2026-04-17 14:44:03,038 [INFO] Waking up to check market conditions...
2026-04-17 14:44:03,086 [INFO] No valid setup. Waiting.
2026-04-17 14:44:03,087 [INFO] Pairs:BTCUSD
2026-04-17 14:44:03,087 [INFO] Sleeping for 1.0 minutes...
2026-04-17 14:44:08,009 [INFO] Waking up to check market conditions...
2026-04-17 14:44:08,043 [INFO] No valid setup. Waiting.
2026-04-17 14:44:08,044 [INFO] Pairs:XAUUSD
2026-04-17 14:44:08,044 [INFO] Sleeping for 1.0 minutes...
2026-04-17 14:45:03,088 [INFO] Waking up to check market conditions...
2026-04-17 14:45:03,137 [INFO] No valid setup. Waiting.
2026-04-17 14:45:03,137 [INFO] Pairs:BTCUSD
2026-04-17 14:45:03,138 [INFO] Sleeping for 1.0 minutes...
2026-04-17 14:45:08,045 [INFO] Waking up to check market conditions...
2026-04-17 14:45:08,080 [INFO] No valid setup. Waiting.
2026-04-17 14:45:08,080 [INFO] Pairs:XAUUSD
2026-04-17 14:45:08,081 [INFO] Sleeping for 1.0 minutes...
2026-04-17 14:46:03,138 [INFO] Waking up to check market conditions...
2026-04-17 14:46:03,187 [INFO] No valid setup. Waiting.
2026-04-17 14:46:03,188 [INFO] Pairs:BTCUSD
2026-04-17 14:46:03,189 [INFO] Sleeping for 1.0 minutes...
2026-04-17 14:46:08,082 [INFO] Waking up to check market conditions...
2026-04-17 14:46:08,117 [INFO] No valid setup. Waiting.
2026-04-17 14:46:08,117 [INFO] Pairs:XAUUSD
2026-04-17 14:46:08,118 [INFO] Sleeping for 1.0 minutes...
2026-04-17 14:47:03,190 [INFO] Waking up to check market conditions...
2026-04-17 14:47:03,237 [INFO] No valid setup. Waiting.
2026-04-17 14:47:03,238 [INFO] Pairs:BTCUSD
2026-04-17 14:47:03,238 [INFO] Sleeping for 1.0 minutes...
2026-04-17 14:47:08,118 [INFO] Waking up to check market conditions...
2026-04-17 14:47:08,154 [INFO] No valid setup. Waiting.
2026-04-17 14:47:08,155 [INFO] Pairs:XAUUSD
2026-04-17 14:47:08,155 [INFO] Sleeping for 1.0 minutes...
2026-04-17 14:48:03,239 [INFO] Waking up to check market conditions...
2026-04-17 14:48:03,287 [INFO] No valid setup. Waiting.
2026-04-17 14:48:03,288 [INFO] Pairs:BTCUSD
2026-04-17 14:48:03,288 [INFO] Sleeping for 1.0 minutes...
2026-04-17 14:48:08,156 [INFO] Waking up to check market conditions...
2026-04-17 14:48:08,191 [INFO] No valid setup. Waiting.
2026-04-17 14:48:08,191 [INFO] Pairs:XAUUSD
2026-04-17 14:48:08,192 [INFO] Sleeping for 1.0 minutes...
2026-04-17 14:49:03,288 [INFO] Waking up to check market conditions...
2026-04-17 14:49:03,350 [INFO] No valid setup. Waiting.
2026-04-17 14:49:03,350 [INFO] Pairs:BTCUSD
2026-04-17 14:49:03,351 [INFO] Sleeping for 1.0 minutes...
2026-04-17 14:49:08,193 [INFO] Waking up to check market conditions...
2026-04-17 14:49:08,229 [INFO] No valid setup. Waiting.
2026-04-17 14:49:08,230 [INFO] Pairs:XAUUSD
2026-04-17 14:49:08,230 [INFO] Sleeping for 1.0 minutes...
2026-04-17 14:50:03,351 [INFO] Waking up to check market conditions...
2026-04-17 14:50:03,400 [INFO] No valid setup. Waiting.
2026-04-17 14:50:03,401 [INFO] Pairs:BTCUSD
2026-04-17 14:50:03,401 [INFO] Sleeping for 1.0 minutes...
2026-04-17 14:50:08,231 [INFO] Waking up to check market conditions...
2026-04-17 14:50:08,265 [INFO] No valid setup. Waiting.
2026-04-17 14:50:08,266 [INFO] Pairs:XAUUSD
2026-04-17 14:50:08,266 [INFO] Sleeping for 1.0 minutes...
2026-04-17 14:51:03,402 [INFO] Waking up to check market conditions...
2026-04-17 14:51:03,451 [INFO] No valid setup. Waiting.
2026-04-17 14:51:03,451 [INFO] Pairs:BTCUSD
2026-04-17 14:51:03,452 [INFO] Sleeping for 1.0 minutes...
2026-04-17 14:51:08,267 [INFO] Waking up to check market conditions...
2026-04-17 14:51:08,302 [INFO] No valid setup. Waiting.
2026-04-17 14:51:08,302 [INFO] Pairs:XAUUSD
2026-04-17 14:51:08,303 [INFO] Sleeping for 1.0 minutes...
2026-04-17 14:52:03,452 [INFO] Waking up to check market conditions...
2026-04-17 14:52:03,500 [INFO] No valid setup. Waiting.
2026-04-17 14:52:03,501 [INFO] Pairs:BTCUSD
2026-04-17 14:52:03,502 [INFO] Sleeping for 1.0 minutes...
2026-04-17 14:52:08,304 [INFO] Waking up to check market conditions...
2026-04-17 14:52:08,340 [INFO] No valid setup. Waiting.
2026-04-17 14:52:08,341 [INFO] Pairs:XAUUSD
2026-04-17 14:52:08,341 [INFO] Sleeping for 1.0 minutes...
2026-04-17 14:53:03,503 [INFO] Waking up to check market conditions...
2026-04-17 14:53:03,552 [INFO] No valid setup. Waiting.
2026-04-17 14:53:03,553 [INFO] Pairs:BTCUSD
2026-04-17 14:53:03,553 [INFO] Sleeping for 1.0 minutes...
2026-04-17 14:53:08,342 [INFO] Waking up to check market conditions...
2026-04-17 14:53:08,377 [INFO] No valid setup. Waiting.
2026-04-17 14:53:08,377 [INFO] Pairs:XAUUSD
2026-04-17 14:53:08,378 [INFO] Sleeping for 1.0 minutes...
2026-04-17 14:54:03,554 [INFO] Waking up to check market conditions...
2026-04-17 14:54:03,603 [INFO] No valid setup. Waiting.
2026-04-17 14:54:03,603 [INFO] Pairs:BTCUSD
2026-04-17 14:54:03,603 [INFO] Sleeping for 1.0 minutes...
2026-04-17 14:54:08,378 [INFO] Waking up to check market conditions...
2026-04-17 14:54:08,413 [INFO] No valid setup. Waiting.
2026-04-17 14:54:08,414 [INFO] Pairs:XAUUSD
2026-04-17 14:54:08,414 [INFO] Sleeping for 1.0 minutes...
2026-04-17 14:55:03,604 [INFO] Waking up to check market conditions...
2026-04-17 14:55:03,654 [INFO] No valid setup. Waiting.
2026-04-17 14:55:03,655 [INFO] Pairs:BTCUSD
2026-04-17 14:55:03,655 [INFO] Sleeping for 1.0 minutes...
2026-04-17 14:55:08,415 [INFO] Waking up to check market conditions...
2026-04-17 14:55:08,447 [INFO] No valid setup. Waiting.
2026-04-17 14:55:08,448 [INFO] Pairs:XAUUSD
2026-04-17 14:55:08,448 [INFO] Sleeping for 1.0 minutes...
2026-04-17 14:56:03,656 [INFO] Waking up to check market conditions...
2026-04-17 14:56:03,703 [INFO] No valid setup. Waiting.
2026-04-17 14:56:03,704 [INFO] Pairs:BTCUSD
2026-04-17 14:56:03,704 [INFO] Sleeping for 1.0 minutes...
2026-04-17 14:56:08,449 [INFO] Waking up to check market conditions...
2026-04-17 14:56:08,484 [INFO] No valid setup. Waiting.
2026-04-17 14:56:08,485 [INFO] Pairs:XAUUSD
2026-04-17 14:56:08,485 [INFO] Sleeping for 1.0 minutes...
2026-04-17 14:57:03,705 [INFO] Waking up to check market conditions...
2026-04-17 14:57:03,754 [INFO] No valid setup. Waiting.
2026-04-17 14:57:03,755 [INFO] Pairs:BTCUSD
2026-04-17 14:57:03,756 [INFO] Sleeping for 1.0 minutes...
2026-04-17 14:57:08,486 [INFO] Waking up to check market conditions...
2026-04-17 14:57:08,521 [INFO] No valid setup. Waiting.
2026-04-17 14:57:08,522 [INFO] Pairs:XAUUSD
2026-04-17 14:57:08,522 [INFO] Sleeping for 1.0 minutes...
2026-04-17 14:58:03,756 [INFO] Waking up to check market conditions...
2026-04-17 14:58:03,808 [INFO] No valid setup. Waiting.
2026-04-17 14:58:03,809 [INFO] Pairs:BTCUSD
2026-04-17 14:58:03,809 [INFO] Sleeping for 1.0 minutes...
2026-04-17 14:58:08,523 [INFO] Waking up to check market conditions...
2026-04-17 14:58:08,557 [INFO] No valid setup. Waiting.
2026-04-17 14:58:08,558 [INFO] Pairs:XAUUSD
2026-04-17 14:58:08,558 [INFO] Sleeping for 1.0 minutes...
2026-04-17 14:59:03,810 [INFO] Waking up to check market conditions...
2026-04-17 14:59:03,858 [INFO] No valid setup. Waiting.
2026-04-17 14:59:03,859 [INFO] Pairs:BTCUSD
2026-04-17 14:59:03,859 [INFO] Sleeping for 1.0 minutes...
2026-04-17 14:59:08,559 [INFO] Waking up to check market conditions...
2026-04-17 14:59:08,593 [INFO] No valid setup. Waiting.
2026-04-17 14:59:08,594 [INFO] Pairs:XAUUSD
2026-04-17 14:59:08,594 [INFO] Sleeping for 1.0 minutes...
2026-04-17 15:00:03,860 [INFO] Waking up to check market conditions...
2026-04-17 15:00:03,909 [INFO] No valid setup. Waiting.
2026-04-17 15:00:03,910 [INFO] Pairs:BTCUSD
2026-04-17 15:00:03,910 [INFO] Sleeping for 1.0 minutes...
2026-04-17 15:00:08,595 [INFO] Waking up to check market conditions...
2026-04-17 15:00:08,630 [INFO] No valid setup. Waiting.
2026-04-17 15:00:08,630 [INFO] Pairs:XAUUSD
2026-04-17 15:00:08,630 [INFO] Sleeping for 1.0 minutes...
2026-04-17 15:01:03,911 [INFO] Waking up to check market conditions...
2026-04-17 15:01:03,961 [INFO] No valid setup. Waiting.
2026-04-17 15:01:03,961 [INFO] Pairs:BTCUSD
2026-04-17 15:01:03,961 [INFO] Sleeping for 1.0 minutes...
2026-04-17 15:01:08,631 [INFO] Waking up to check market conditions...
2026-04-17 15:01:08,668 [INFO] No valid setup. Waiting.
2026-04-17 15:01:08,668 [INFO] Pairs:XAUUSD
2026-04-17 15:01:08,669 [INFO] Sleeping for 1.0 minutes...
2026-04-17 15:02:03,962 [INFO] Waking up to check market conditions...
2026-04-17 15:02:04,010 [INFO] No valid setup. Waiting.
2026-04-17 15:02:04,011 [INFO] Pairs:BTCUSD
2026-04-17 15:02:04,011 [INFO] Sleeping for 1.0 minutes...
2026-04-17 15:02:08,669 [INFO] Waking up to check market conditions...
2026-04-17 15:02:08,705 [INFO] No valid setup. Waiting.
2026-04-17 15:02:08,705 [INFO] Pairs:XAUUSD
2026-04-17 15:02:08,706 [INFO] Sleeping for 1.0 minutes...
2026-04-17 15:03:04,012 [INFO] Waking up to check market conditions...
2026-04-17 15:03:04,061 [INFO] No valid setup. Waiting.
2026-04-17 15:03:04,062 [INFO] Pairs:BTCUSD
2026-04-17 15:03:04,062 [INFO] Sleeping for 1.0 minutes...
2026-04-17 15:03:08,706 [INFO] Waking up to check market conditions...
2026-04-17 15:03:08,742 [INFO] No valid setup. Waiting.
2026-04-17 15:03:08,742 [INFO] Pairs:XAUUSD
2026-04-17 15:03:08,743 [INFO] Sleeping for 1.0 minutes...
2026-04-17 15:04:04,063 [INFO] Waking up to check market conditions...
2026-04-17 15:04:04,112 [INFO] No valid setup. Waiting.
2026-04-17 15:04:04,112 [INFO] Pairs:BTCUSD
2026-04-17 15:04:04,113 [INFO] Sleeping for 1.0 minutes...
2026-04-17 15:04:08,744 [INFO] Waking up to check market conditions...
2026-04-17 15:04:08,777 [INFO] No valid setup. Waiting.
2026-04-17 15:04:08,778 [INFO] Pairs:XAUUSD
2026-04-17 15:04:08,778 [INFO] Sleeping for 1.0 minutes...
2026-04-17 15:05:04,114 [INFO] Waking up to check market conditions...
2026-04-17 15:05:04,183 [INFO] No valid setup. Waiting.
2026-04-17 15:05:04,184 [INFO] Pairs:BTCUSD
2026-04-17 15:05:04,184 [INFO] Sleeping for 1.0 minutes...
2026-04-17 15:05:08,779 [INFO] Waking up to check market conditions...
2026-04-17 15:05:08,815 [INFO] No valid setup. Waiting.
2026-04-17 15:05:08,816 [INFO] Pairs:XAUUSD
2026-04-17 15:05:08,816 [INFO] Sleeping for 1.0 minutes...
2026-04-17 15:06:04,186 [INFO] Waking up to check market conditions...
2026-04-17 15:06:04,233 [INFO] No valid setup. Waiting.
2026-04-17 15:06:04,234 [INFO] Pairs:BTCUSD
2026-04-17 15:06:04,234 [INFO] Sleeping for 1.0 minutes...
2026-04-17 15:06:08,817 [INFO] Waking up to check market conditions...
2026-04-17 15:06:08,850 [INFO] No valid setup. Waiting.
2026-04-17 15:06:08,850 [INFO] Pairs:XAUUSD
2026-04-17 15:06:08,852 [INFO] Sleeping for 1.0 minutes...
2026-04-17 15:07:04,235 [INFO] Waking up to check market conditions...
2026-04-17 15:07:04,294 [INFO] No valid setup. Waiting.
2026-04-17 15:07:04,295 [INFO] Pairs:BTCUSD
2026-04-17 15:07:04,295 [INFO] Sleeping for 1.0 minutes...
2026-04-17 15:07:08,853 [INFO] Waking up to check market conditions...
2026-04-17 15:07:08,886 [INFO] No valid setup. Waiting.
2026-04-17 15:07:08,886 [INFO] Pairs:XAUUSD
2026-04-17 15:07:08,887 [INFO] Sleeping for 1.0 minutes...
2026-04-17 15:08:04,296 [INFO] Waking up to check market conditions...
2026-04-17 15:08:04,344 [INFO] No valid setup. Waiting.
2026-04-17 15:08:04,345 [INFO] Pairs:BTCUSD
2026-04-17 15:08:04,345 [INFO] Sleeping for 1.0 minutes...
2026-04-17 15:08:08,888 [INFO] Waking up to check market conditions...
2026-04-17 15:08:08,926 [INFO] No valid setup. Waiting.
2026-04-17 15:08:08,926 [INFO] Pairs:XAUUSD
2026-04-17 15:08:08,927 [INFO] Sleeping for 1.0 minutes...
2026-04-17 15:09:04,346 [INFO] Waking up to check market conditions...
2026-04-17 15:09:04,394 [INFO] No valid setup. Waiting.
2026-04-17 15:09:04,395 [INFO] Pairs:BTCUSD
2026-04-17 15:09:04,395 [INFO] Sleeping for 1.0 minutes...
2026-04-17 15:09:08,927 [INFO] Waking up to check market conditions...
2026-04-17 15:09:08,968 [INFO] No valid setup. Waiting.
2026-04-17 15:09:08,969 [INFO] Pairs:XAUUSD
2026-04-17 15:09:08,969 [INFO] Sleeping for 1.0 minutes...
2026-04-17 15:10:04,396 [INFO] Waking up to check market conditions...
2026-04-17 15:10:04,445 [INFO] No valid setup. Waiting.
2026-04-17 15:10:04,445 [INFO] Pairs:BTCUSD
2026-04-17 15:10:04,447 [INFO] Sleeping for 1.0 minutes...
2026-04-17 15:10:08,970 [INFO] Waking up to check market conditions...
2026-04-17 15:10:09,007 [INFO] No valid setup. Waiting.
2026-04-17 15:10:09,007 [INFO] Pairs:XAUUSD
2026-04-17 15:10:09,008 [INFO] Sleeping for 1.0 minutes...
2026-04-17 15:11:04,448 [INFO] Waking up to check market conditions...
2026-04-17 15:11:04,496 [INFO] No valid setup. Waiting.
2026-04-17 15:11:04,497 [INFO] Pairs:BTCUSD
2026-04-17 15:11:04,497 [INFO] Sleeping for 1.0 minutes...
2026-04-17 15:11:09,009 [INFO] Waking up to check market conditions...
2026-04-17 15:11:09,046 [INFO] No valid setup. Waiting.
2026-04-17 15:11:09,046 [INFO] Pairs:XAUUSD
2026-04-17 15:11:09,046 [INFO] Sleeping for 1.0 minutes...
2026-04-17 15:12:04,499 [INFO] Waking up to check market conditions...
2026-04-17 15:12:04,548 [INFO] No valid setup. Waiting.
2026-04-17 15:12:04,549 [INFO] Pairs:BTCUSD
2026-04-17 15:12:04,549 [INFO] Sleeping for 1.0 minutes...
2026-04-17 15:12:09,047 [INFO] Waking up to check market conditions...
2026-04-17 15:12:09,082 [INFO] No valid setup. Waiting.
2026-04-17 15:12:09,082 [INFO] Pairs:XAUUSD
2026-04-17 15:12:09,083 [INFO] Sleeping for 1.0 minutes...
2026-04-17 15:13:04,549 [INFO] Waking up to check market conditions...
2026-04-17 15:13:04,596 [INFO] No valid setup. Waiting.
2026-04-17 15:13:04,597 [INFO] Pairs:BTCUSD
2026-04-17 15:13:04,598 [INFO] Sleeping for 1.0 minutes...
2026-04-17 15:13:09,083 [INFO] Waking up to check market conditions...
2026-04-17 15:13:09,118 [INFO] No valid setup. Waiting.
2026-04-17 15:13:09,119 [INFO] Pairs:XAUUSD
2026-04-17 15:13:09,119 [INFO] Sleeping for 1.0 minutes...
2026-04-17 15:14:04,598 [INFO] Waking up to check market conditions...
2026-04-17 15:14:04,647 [INFO] No valid setup. Waiting.
2026-04-17 15:14:04,648 [INFO] Pairs:BTCUSD
2026-04-17 15:14:04,649 [INFO] Sleeping for 1.0 minutes...
2026-04-17 15:14:09,119 [INFO] Waking up to check market conditions...
2026-04-17 15:14:09,159 [INFO] No valid setup. Waiting.
2026-04-17 15:14:09,160 [INFO] Pairs:XAUUSD
2026-04-17 15:14:09,160 [INFO] Sleeping for 1.0 minutes...
2026-04-17 15:15:04,650 [INFO] Waking up to check market conditions...
2026-04-17 15:15:04,697 [INFO] No valid setup. Waiting.
2026-04-17 15:15:04,698 [INFO] Pairs:BTCUSD
2026-04-17 15:15:04,698 [INFO] Sleeping for 1.0 minutes...
2026-04-17 15:15:09,161 [INFO] Waking up to check market conditions...
2026-04-17 15:15:09,194 [INFO] No valid setup. Waiting.
2026-04-17 15:15:09,194 [INFO] Pairs:XAUUSD
2026-04-17 15:15:09,195 [INFO] Sleeping for 1.0 minutes...
2026-04-17 15:16:04,699 [INFO] Waking up to check market conditions...
2026-04-17 15:16:04,748 [INFO] No valid setup. Waiting.
2026-04-17 15:16:04,748 [INFO] Pairs:BTCUSD
2026-04-17 15:16:04,749 [INFO] Sleeping for 1.0 minutes...
2026-04-17 15:16:09,195 [INFO] Waking up to check market conditions...
2026-04-17 15:16:09,231 [INFO] No valid setup. Waiting.
2026-04-17 15:16:09,231 [INFO] Pairs:XAUUSD
2026-04-17 15:16:09,232 [INFO] Sleeping for 1.0 minutes...
2026-04-17 15:17:04,749 [INFO] Waking up to check market conditions...
2026-04-17 15:17:04,805 [INFO] No valid setup. Waiting.
2026-04-17 15:17:04,805 [INFO] Pairs:BTCUSD
2026-04-17 15:17:04,806 [INFO] Sleeping for 1.0 minutes...
2026-04-17 15:17:09,232 [INFO] Waking up to check market conditions...
2026-04-17 15:17:09,270 [INFO] No valid setup. Waiting.
2026-04-17 15:17:09,270 [INFO] Pairs:XAUUSD
2026-04-17 15:17:09,270 [INFO] Sleeping for 1.0 minutes...
2026-04-17 15:18:04,806 [INFO] Waking up to check market conditions...
2026-04-17 15:18:04,855 [INFO] No valid setup. Waiting.
2026-04-17 15:18:04,855 [INFO] Pairs:BTCUSD
2026-04-17 15:18:04,856 [INFO] Sleeping for 1.0 minutes...
2026-04-17 15:18:09,271 [INFO] Waking up to check market conditions...
2026-04-17 15:18:09,303 [INFO] No valid setup. Waiting.
2026-04-17 15:18:09,304 [INFO] Pairs:XAUUSD
2026-04-17 15:18:09,304 [INFO] Sleeping for 1.0 minutes...
2026-04-17 15:19:04,856 [INFO] Waking up to check market conditions...
2026-04-17 15:19:04,905 [INFO] No valid setup. Waiting.
2026-04-17 15:19:04,905 [INFO] Pairs:BTCUSD
2026-04-17 15:19:04,906 [INFO] Sleeping for 1.0 minutes...
2026-04-17 15:19:09,304 [INFO] Waking up to check market conditions...
2026-04-17 15:19:09,344 [INFO] No valid setup. Waiting.
2026-04-17 15:19:09,345 [INFO] Pairs:XAUUSD
2026-04-17 15:19:09,345 [INFO] Sleeping for 1.0 minutes...
2026-04-17 15:20:04,907 [INFO] Waking up to check market conditions...
2026-04-17 15:20:04,955 [INFO] No valid setup. Waiting.
2026-04-17 15:20:04,956 [INFO] Pairs:BTCUSD
2026-04-17 15:20:04,957 [INFO] Sleeping for 1.0 minutes...
2026-04-17 15:20:09,346 [INFO] Waking up to check market conditions...
2026-04-17 15:20:09,382 [INFO] No valid setup. Waiting.
2026-04-17 15:20:09,382 [INFO] Pairs:XAUUSD
2026-04-17 15:20:09,383 [INFO] Sleeping for 1.0 minutes...
2026-04-17 15:21:04,959 [INFO] Waking up to check market conditions...
2026-04-17 15:21:05,008 [INFO] No valid setup. Waiting.
2026-04-17 15:21:05,008 [INFO] Pairs:BTCUSD
2026-04-17 15:21:05,009 [INFO] Sleeping for 1.0 minutes...
2026-04-17 15:21:09,383 [INFO] Waking up to check market conditions...
2026-04-17 15:21:09,419 [INFO] No valid setup. Waiting.
2026-04-17 15:21:09,420 [INFO] Pairs:XAUUSD
2026-04-17 15:21:09,420 [INFO] Sleeping for 1.0 minutes...
2026-04-17 15:22:05,010 [INFO] Waking up to check market conditions...
2026-04-17 15:22:05,056 [INFO] No valid setup. Waiting.
2026-04-17 15:22:05,057 [INFO] Pairs:BTCUSD
2026-04-17 15:22:05,057 [INFO] Sleeping for 1.0 minutes...
2026-04-17 15:22:09,421 [INFO] Waking up to check market conditions...
2026-04-17 15:22:09,454 [INFO] No valid setup. Waiting.
2026-04-17 15:22:09,454 [INFO] Pairs:XAUUSD
2026-04-17 15:22:09,454 [INFO] Sleeping for 1.0 minutes...
2026-04-17 15:23:05,058 [INFO] Waking up to check market conditions...
2026-04-17 15:23:05,107 [INFO] No valid setup. Waiting.
2026-04-17 15:23:05,107 [INFO] Pairs:BTCUSD
2026-04-17 15:23:05,108 [INFO] Sleeping for 1.0 minutes...
2026-04-17 15:23:09,455 [INFO] Waking up to check market conditions...
2026-04-17 15:23:09,490 [INFO] No valid setup. Waiting.
2026-04-17 15:23:09,490 [INFO] Pairs:XAUUSD
2026-04-17 15:23:09,491 [INFO] Sleeping for 1.0 minutes...
2026-04-17 15:24:05,108 [INFO] Waking up to check market conditions...
2026-04-17 15:24:05,155 [INFO] No valid setup. Waiting.
2026-04-17 15:24:05,156 [INFO] Pairs:BTCUSD
2026-04-17 15:24:05,157 [INFO] Sleeping for 1.0 minutes...
2026-04-17 15:24:09,492 [INFO] Waking up to check market conditions...
2026-04-17 15:24:09,525 [INFO] No valid setup. Waiting.
2026-04-17 15:24:09,525 [INFO] Pairs:XAUUSD
2026-04-17 15:24:09,526 [INFO] Sleeping for 1.0 minutes...
2026-04-17 15:25:05,157 [INFO] Waking up to check market conditions...
2026-04-17 15:25:05,203 [INFO] No valid setup. Waiting.
2026-04-17 15:25:05,204 [INFO] Pairs:BTCUSD
2026-04-17 15:25:05,204 [INFO] Sleeping for 1.0 minutes...
2026-04-17 15:25:09,527 [INFO] Waking up to check market conditions...
2026-04-17 15:25:09,566 [INFO] No valid setup. Waiting.
2026-04-17 15:25:09,567 [INFO] Pairs:XAUUSD
2026-04-17 15:25:09,567 [INFO] Sleeping for 1.0 minutes...
2026-04-17 15:26:05,204 [INFO] Waking up to check market conditions...
2026-04-17 15:26:05,268 [INFO] No valid setup. Waiting.
2026-04-17 15:26:05,275 [INFO] Pairs:BTCUSD
2026-04-17 15:26:05,275 [INFO] Sleeping for 1.0 minutes...
2026-04-17 15:26:09,568 [INFO] Waking up to check market conditions...
2026-04-17 15:26:09,611 [INFO] No valid setup. Waiting.
2026-04-17 15:26:09,612 [INFO] Pairs:XAUUSD
2026-04-17 15:26:09,612 [INFO] Sleeping for 1.0 minutes...
2026-04-17 15:27:05,276 [INFO] Waking up to check market conditions...
2026-04-17 15:27:05,328 [INFO] No valid setup. Waiting.
2026-04-17 15:27:05,329 [INFO] Pairs:BTCUSD
2026-04-17 15:27:05,329 [INFO] Sleeping for 1.0 minutes...
2026-04-17 15:27:09,613 [INFO] Waking up to check market conditions...
2026-04-17 15:27:09,648 [INFO] No valid setup. Waiting.
2026-04-17 15:27:09,648 [INFO] Pairs:XAUUSD
2026-04-17 15:27:09,649 [INFO] Sleeping for 1.0 minutes...
2026-04-17 15:28:05,329 [INFO] Waking up to check market conditions...
2026-04-17 15:28:05,376 [INFO] No valid setup. Waiting.
2026-04-17 15:28:05,376 [INFO] Pairs:BTCUSD
2026-04-17 15:28:05,376 [INFO] Sleeping for 1.0 minutes...
2026-04-17 15:28:09,649 [INFO] Waking up to check market conditions...
2026-04-17 15:28:09,685 [INFO] No valid setup. Waiting.
2026-04-17 15:28:09,685 [INFO] Pairs:XAUUSD
2026-04-17 15:28:09,686 [INFO] Sleeping for 1.0 minutes...
2026-04-17 15:29:05,377 [INFO] Waking up to check market conditions...
2026-04-17 15:29:05,427 [INFO] No valid setup. Waiting.
2026-04-17 15:29:05,428 [INFO] Pairs:BTCUSD
2026-04-17 15:29:05,428 [INFO] Sleeping for 1.0 minutes...
2026-04-17 15:29:09,687 [INFO] Waking up to check market conditions...
2026-04-17 15:29:09,727 [INFO] No valid setup. Waiting.
2026-04-17 15:29:09,728 [INFO] Pairs:XAUUSD
2026-04-17 15:29:09,728 [INFO] Sleeping for 1.0 minutes...
2026-04-17 15:30:05,429 [INFO] Waking up to check market conditions...
2026-04-17 15:30:05,477 [INFO] No valid setup. Waiting.
2026-04-17 15:30:05,478 [INFO] Pairs:BTCUSD
2026-04-17 15:30:05,478 [INFO] Sleeping for 1.0 minutes...
2026-04-17 15:30:09,729 [INFO] Waking up to check market conditions...
2026-04-17 15:30:09,764 [INFO] No valid setup. Waiting.
2026-04-17 15:30:09,764 [INFO] Pairs:XAUUSD
2026-04-17 15:30:09,765 [INFO] Sleeping for 1.0 minutes...
2026-04-17 15:31:05,479 [INFO] Waking up to check market conditions...
2026-04-17 15:31:05,526 [INFO] No valid setup. Waiting.
2026-04-17 15:31:05,527 [INFO] Pairs:BTCUSD
2026-04-17 15:31:05,527 [INFO] Sleeping for 1.0 minutes...
2026-04-17 15:31:09,765 [INFO] Waking up to check market conditions...
2026-04-17 15:31:09,801 [INFO] No valid setup. Waiting.
2026-04-17 15:31:09,801 [INFO] Pairs:XAUUSD
2026-04-17 15:31:09,801 [INFO] Sleeping for 1.0 minutes...
2026-04-17 15:32:05,528 [INFO] Waking up to check market conditions...
2026-04-17 15:32:05,576 [INFO] No valid setup. Waiting.
2026-04-17 15:32:05,577 [INFO] Pairs:BTCUSD
2026-04-17 15:32:05,577 [INFO] Sleeping for 1.0 minutes...
2026-04-17 15:32:09,802 [INFO] Waking up to check market conditions...
2026-04-17 15:32:09,838 [INFO] No valid setup. Waiting.
2026-04-17 15:32:09,838 [INFO] Pairs:XAUUSD
2026-04-17 15:32:09,839 [INFO] Sleeping for 1.0 minutes...
2026-04-17 15:33:05,578 [INFO] Waking up to check market conditions...
2026-04-17 15:33:05,634 [INFO] No valid setup. Waiting.
2026-04-17 15:33:05,634 [INFO] Pairs:BTCUSD
2026-04-17 15:33:05,634 [INFO] Sleeping for 1.0 minutes...
2026-04-17 15:33:09,839 [INFO] Waking up to check market conditions...
2026-04-17 15:33:09,875 [INFO] No valid setup. Waiting.
2026-04-17 15:33:09,876 [INFO] Pairs:XAUUSD
2026-04-17 15:33:09,876 [INFO] Sleeping for 1.0 minutes...
2026-04-17 15:34:05,635 [INFO] Waking up to check market conditions...
2026-04-17 15:34:05,683 [INFO] No valid setup. Waiting.
2026-04-17 15:34:05,684 [INFO] Pairs:BTCUSD
2026-04-17 15:34:05,684 [INFO] Sleeping for 1.0 minutes...
2026-04-17 15:34:09,877 [INFO] Waking up to check market conditions...
2026-04-17 15:34:09,911 [INFO] No valid setup. Waiting.
2026-04-17 15:34:09,911 [INFO] Pairs:XAUUSD
2026-04-17 15:34:09,911 [INFO] Sleeping for 1.0 minutes...
2026-04-17 15:35:05,685 [INFO] Waking up to check market conditions...
2026-04-17 15:35:05,738 [INFO] No valid setup. Waiting.
2026-04-17 15:35:05,738 [INFO] Pairs:BTCUSD
2026-04-17 15:35:05,738 [INFO] Sleeping for 1.0 minutes...
2026-04-17 15:35:09,912 [INFO] Waking up to check market conditions...
2026-04-17 15:35:09,947 [INFO] No valid setup. Waiting.
2026-04-17 15:35:09,948 [INFO] Pairs:XAUUSD
2026-04-17 15:35:09,948 [INFO] Sleeping for 1.0 minutes...
2026-04-17 15:36:05,739 [INFO] Waking up to check market conditions...
2026-04-17 15:36:05,787 [INFO] No valid setup. Waiting.
2026-04-17 15:36:05,788 [INFO] Pairs:BTCUSD
2026-04-17 15:36:05,788 [INFO] Sleeping for 1.0 minutes...
2026-04-17 15:36:09,948 [INFO] Waking up to check market conditions...
2026-04-17 15:36:09,982 [INFO] No valid setup. Waiting.
2026-04-17 15:36:09,983 [INFO] Pairs:XAUUSD
2026-04-17 15:36:09,983 [INFO] Sleeping for 1.0 minutes...
2026-04-17 15:37:05,788 [INFO] Waking up to check market conditions...
2026-04-17 15:37:05,837 [INFO] No valid setup. Waiting.
2026-04-17 15:37:05,837 [INFO] Pairs:BTCUSD
2026-04-17 15:37:05,838 [INFO] Sleeping for 1.0 minutes...
2026-04-17 15:37:09,984 [INFO] Waking up to check market conditions...
2026-04-17 15:37:10,018 [INFO] No valid setup. Waiting.
2026-04-17 15:37:10,019 [INFO] Pairs:XAUUSD
2026-04-17 15:37:10,019 [INFO] Sleeping for 1.0 minutes...
2026-04-17 15:38:05,838 [INFO] Waking up to check market conditions...
2026-04-17 15:38:05,885 [INFO] No valid setup. Waiting.
2026-04-17 15:38:05,885 [INFO] Pairs:BTCUSD
2026-04-17 15:38:05,885 [INFO] Sleeping for 1.0 minutes...
2026-04-17 15:38:10,020 [INFO] Waking up to check market conditions...
2026-04-17 15:38:10,060 [INFO] No valid setup. Waiting.
2026-04-17 15:38:10,060 [INFO] Pairs:XAUUSD
2026-04-17 15:38:10,061 [INFO] Sleeping for 1.0 minutes...
2026-04-17 15:39:05,886 [INFO] Waking up to check market conditions...
2026-04-17 15:39:05,939 [INFO] No valid setup. Waiting.
2026-04-17 15:39:05,940 [INFO] Pairs:BTCUSD
2026-04-17 15:39:05,940 [INFO] Sleeping for 1.0 minutes...
2026-04-17 15:39:10,061 [INFO] Waking up to check market conditions...
2026-04-17 15:39:10,096 [INFO] No valid setup. Waiting.
2026-04-17 15:39:10,096 [INFO] Pairs:XAUUSD
2026-04-17 15:39:10,097 [INFO] Sleeping for 1.0 minutes...
2026-04-17 15:40:05,941 [INFO] Waking up to check market conditions...
2026-04-17 15:40:05,990 [INFO] No valid setup. Waiting.
2026-04-17 15:40:05,991 [INFO] Pairs:BTCUSD
2026-04-17 15:40:05,991 [INFO] Sleeping for 1.0 minutes...
2026-04-17 15:40:10,098 [INFO] Waking up to check market conditions...
2026-04-17 15:40:10,132 [INFO] No valid setup. Waiting.
2026-04-17 15:40:10,133 [INFO] Pairs:XAUUSD
2026-04-17 15:40:10,133 [INFO] Sleeping for 1.0 minutes...
2026-04-17 15:41:05,991 [INFO] Waking up to check market conditions...
2026-04-17 15:41:06,037 [INFO] No valid setup. Waiting.
2026-04-17 15:41:06,037 [INFO] Pairs:BTCUSD
2026-04-17 15:41:06,038 [INFO] Sleeping for 1.0 minutes...
2026-04-17 15:41:10,134 [INFO] Waking up to check market conditions...
2026-04-17 15:41:10,170 [INFO] No valid setup. Waiting.
2026-04-17 15:41:10,171 [INFO] Pairs:XAUUSD
2026-04-17 15:41:10,171 [INFO] Sleeping for 1.0 minutes...
2026-04-17 15:42:06,038 [INFO] Waking up to check market conditions...
2026-04-17 15:42:06,099 [INFO] No valid setup. Waiting.
2026-04-17 15:42:06,099 [INFO] Pairs:BTCUSD
2026-04-17 15:42:06,099 [INFO] Sleeping for 1.0 minutes...
2026-04-17 15:42:10,172 [INFO] Waking up to check market conditions...
2026-04-17 15:42:10,207 [INFO] No valid setup. Waiting.
2026-04-17 15:42:10,208 [INFO] Pairs:XAUUSD
2026-04-17 15:42:10,208 [INFO] Sleeping for 1.0 minutes...
2026-04-17 15:43:06,100 [INFO] Waking up to check market conditions...
2026-04-17 15:43:06,147 [INFO] No valid setup. Waiting.
2026-04-17 15:43:06,147 [INFO] Pairs:BTCUSD
2026-04-17 15:43:06,148 [INFO] Sleeping for 1.0 minutes...
2026-04-17 15:43:10,209 [INFO] Waking up to check market conditions...
2026-04-17 15:43:10,244 [INFO] No valid setup. Waiting.
2026-04-17 15:43:10,245 [INFO] Pairs:XAUUSD
2026-04-17 15:43:10,245 [INFO] Sleeping for 1.0 minutes...
2026-04-17 15:44:06,148 [INFO] Waking up to check market conditions...
2026-04-17 15:44:06,197 [INFO] No valid setup. Waiting.
2026-04-17 15:44:06,197 [INFO] Pairs:BTCUSD
2026-04-17 15:44:06,197 [INFO] Sleeping for 1.0 minutes...
2026-04-17 15:44:10,246 [INFO] Waking up to check market conditions...
2026-04-17 15:44:10,278 [INFO] No valid setup. Waiting.
2026-04-17 15:44:10,279 [INFO] Pairs:XAUUSD
2026-04-17 15:44:10,279 [INFO] Sleeping for 1.0 minutes...
2026-04-17 15:45:06,198 [INFO] Waking up to check market conditions...
2026-04-17 15:45:06,252 [INFO] No valid setup. Waiting.
2026-04-17 15:45:06,252 [INFO] Pairs:BTCUSD
2026-04-17 15:45:06,253 [INFO] Sleeping for 1.0 minutes...
2026-04-17 15:45:10,279 [INFO] Waking up to check market conditions...
2026-04-17 15:45:10,313 [INFO] No valid setup. Waiting.
2026-04-17 15:45:10,314 [INFO] Pairs:XAUUSD
2026-04-17 15:45:10,314 [INFO] Sleeping for 1.0 minutes...
2026-04-17 15:46:06,253 [INFO] Waking up to check market conditions...
2026-04-17 15:46:06,302 [INFO] No valid setup. Waiting.
2026-04-17 15:46:06,303 [INFO] Pairs:BTCUSD
2026-04-17 15:46:06,303 [INFO] Sleeping for 1.0 minutes...
2026-04-17 15:46:10,315 [INFO] Waking up to check market conditions...
2026-04-17 15:46:10,349 [INFO] No valid setup. Waiting.
2026-04-17 15:46:10,350 [INFO] Pairs:XAUUSD
2026-04-17 15:46:10,350 [INFO] Sleeping for 1.0 minutes...
2026-04-17 15:47:06,303 [INFO] Waking up to check market conditions...
2026-04-17 15:47:06,351 [INFO] No valid setup. Waiting.
2026-04-17 15:47:06,352 [INFO] Pairs:BTCUSD
2026-04-17 15:47:06,352 [INFO] Sleeping for 1.0 minutes...
2026-04-17 15:47:10,351 [INFO] Waking up to check market conditions...
2026-04-17 15:47:10,394 [INFO] No valid setup. Waiting.
2026-04-17 15:47:10,394 [INFO] Pairs:XAUUSD
2026-04-17 15:47:10,394 [INFO] Sleeping for 1.0 minutes...
2026-04-17 15:48:06,353 [INFO] Waking up to check market conditions...
2026-04-17 15:48:06,402 [INFO] No valid setup. Waiting.
2026-04-17 15:48:06,402 [INFO] Pairs:BTCUSD
2026-04-17 15:48:06,402 [INFO] Sleeping for 1.0 minutes...
2026-04-17 15:48:10,395 [INFO] Waking up to check market conditions...
2026-04-17 15:48:10,430 [INFO] No valid setup. Waiting.
2026-04-17 15:48:10,430 [INFO] Pairs:XAUUSD
2026-04-17 15:48:10,431 [INFO] Sleeping for 1.0 minutes...
2026-04-17 15:49:06,403 [INFO] Waking up to check market conditions...
2026-04-17 15:49:06,451 [INFO] No valid setup. Waiting.
2026-04-17 15:49:06,452 [INFO] Pairs:BTCUSD
2026-04-17 15:49:06,452 [INFO] Sleeping for 1.0 minutes...
2026-04-17 15:49:10,431 [INFO] Waking up to check market conditions...
2026-04-17 15:49:10,463 [INFO] No valid setup. Waiting.
2026-04-17 15:49:10,464 [INFO] Pairs:XAUUSD
2026-04-17 15:49:10,464 [INFO] Sleeping for 1.0 minutes...
2026-04-17 15:50:06,453 [INFO] Waking up to check market conditions...
2026-04-17 15:50:06,502 [INFO] No valid setup. Waiting.
2026-04-17 15:50:06,502 [INFO] Pairs:BTCUSD
2026-04-17 15:50:06,503 [INFO] Sleeping for 1.0 minutes...
2026-04-17 15:50:10,465 [INFO] Waking up to check market conditions...
2026-04-17 15:50:10,499 [INFO] No valid setup. Waiting.
2026-04-17 15:50:10,500 [INFO] Pairs:XAUUSD
2026-04-17 15:50:10,500 [INFO] Sleeping for 1.0 minutes...
2026-04-17 15:51:06,503 [INFO] Waking up to check market conditions...
2026-04-17 15:51:06,552 [INFO] No valid setup. Waiting.
2026-04-17 15:51:06,553 [INFO] Pairs:BTCUSD
2026-04-17 15:51:06,553 [INFO] Sleeping for 1.0 minutes...
2026-04-17 15:51:10,501 [INFO] Waking up to check market conditions...
2026-04-17 15:51:10,533 [INFO] No valid setup. Waiting.
2026-04-17 15:51:10,534 [INFO] Pairs:XAUUSD
2026-04-17 15:51:10,534 [INFO] Sleeping for 1.0 minutes...
2026-04-17 15:52:06,554 [INFO] Waking up to check market conditions...
2026-04-17 15:52:06,601 [INFO] No valid setup. Waiting.
2026-04-17 15:52:06,601 [INFO] Pairs:BTCUSD
2026-04-17 15:52:06,601 [INFO] Sleeping for 1.0 minutes...
2026-04-17 15:52:10,535 [INFO] Waking up to check market conditions...
2026-04-17 15:52:10,567 [INFO] No valid setup. Waiting.
2026-04-17 15:52:10,567 [INFO] Pairs:XAUUSD
2026-04-17 15:52:10,568 [INFO] Sleeping for 1.0 minutes...
2026-04-17 15:53:06,602 [INFO] Waking up to check market conditions...
2026-04-17 15:53:06,647 [INFO] No valid setup. Waiting.
2026-04-17 15:53:06,648 [INFO] Pairs:BTCUSD
2026-04-17 15:53:06,648 [INFO] Sleeping for 1.0 minutes...
2026-04-17 15:53:10,568 [INFO] Waking up to check market conditions...
2026-04-17 15:53:10,603 [INFO] No valid setup. Waiting.
2026-04-17 15:53:10,604 [INFO] Pairs:XAUUSD
2026-04-17 15:53:10,604 [INFO] Sleeping for 1.0 minutes...
2026-04-17 15:54:06,649 [INFO] Waking up to check market conditions...
2026-04-17 15:54:06,707 [INFO] No valid setup. Waiting.
2026-04-17 15:54:06,708 [INFO] Pairs:BTCUSD
2026-04-17 15:54:06,708 [INFO] Sleeping for 1.0 minutes...
2026-04-17 15:54:10,605 [INFO] Waking up to check market conditions...
2026-04-17 15:54:10,639 [INFO] No valid setup. Waiting.
2026-04-17 15:54:10,639 [INFO] Pairs:XAUUSD
2026-04-17 15:54:10,640 [INFO] Sleeping for 1.0 minutes...
2026-04-17 15:55:06,709 [INFO] Waking up to check market conditions...
2026-04-17 15:55:06,758 [INFO] No valid setup. Waiting.
2026-04-17 15:55:06,758 [INFO] Pairs:BTCUSD
2026-04-17 15:55:06,758 [INFO] Sleeping for 1.0 minutes...
2026-04-17 15:55:10,640 [INFO] Waking up to check market conditions...
2026-04-17 15:55:10,674 [INFO] No valid setup. Waiting.
2026-04-17 15:55:10,675 [INFO] Pairs:XAUUSD
2026-04-17 15:55:10,675 [INFO] Sleeping for 1.0 minutes...
2026-04-17 15:56:06,759 [INFO] Waking up to check market conditions...
2026-04-17 15:56:06,808 [INFO] No valid setup. Waiting.
2026-04-17 15:56:06,809 [INFO] Pairs:BTCUSD
2026-04-17 15:56:06,809 [INFO] Sleeping for 1.0 minutes...
2026-04-17 15:56:10,676 [INFO] Waking up to check market conditions...
2026-04-17 15:56:10,714 [INFO] No valid setup. Waiting.
2026-04-17 15:56:10,714 [INFO] Pairs:XAUUSD
2026-04-17 15:56:10,714 [INFO] Sleeping for 1.0 minutes...
2026-04-17 15:57:06,810 [INFO] Waking up to check market conditions...
2026-04-17 15:57:06,858 [INFO] No valid setup. Waiting.
2026-04-17 15:57:06,859 [INFO] Pairs:BTCUSD
2026-04-17 15:57:06,859 [INFO] Sleeping for 1.0 minutes...
2026-04-17 15:57:10,715 [INFO] Waking up to check market conditions...
2026-04-17 15:57:10,752 [INFO] No valid setup. Waiting.
2026-04-17 15:57:10,752 [INFO] Pairs:XAUUSD
2026-04-17 15:57:10,752 [INFO] Sleeping for 1.0 minutes...
2026-04-17 15:58:06,860 [INFO] Waking up to check market conditions...
2026-04-17 15:58:06,908 [INFO] No valid setup. Waiting.
2026-04-17 15:58:06,909 [INFO] Pairs:BTCUSD
2026-04-17 15:58:06,909 [INFO] Sleeping for 1.0 minutes...
2026-04-17 15:58:10,753 [INFO] Waking up to check market conditions...
2026-04-17 15:58:10,788 [INFO] No valid setup. Waiting.
2026-04-17 15:58:10,788 [INFO] Pairs:XAUUSD
2026-04-17 15:58:10,788 [INFO] Sleeping for 1.0 minutes...
2026-04-17 15:59:06,909 [INFO] Waking up to check market conditions...
2026-04-17 15:59:06,956 [INFO] No valid setup. Waiting.
2026-04-17 15:59:06,956 [INFO] Pairs:BTCUSD
2026-04-17 15:59:06,956 [INFO] Sleeping for 1.0 minutes...
2026-04-17 15:59:10,789 [INFO] Waking up to check market conditions...
2026-04-17 15:59:10,825 [INFO] No valid setup. Waiting.
2026-04-17 15:59:10,825 [INFO] Pairs:XAUUSD
2026-04-17 15:59:10,825 [INFO] Sleeping for 1.0 minutes...
2026-04-17 16:00:06,957 [INFO] Waking up to check market conditions...
2026-04-17 16:00:07,004 [INFO] No valid setup. Waiting.
2026-04-17 16:00:07,005 [INFO] Pairs:BTCUSD
2026-04-17 16:00:07,006 [INFO] Sleeping for 1.0 minutes...
2026-04-17 16:00:10,826 [INFO] Waking up to check market conditions...
2026-04-17 16:00:10,867 [INFO] No valid setup. Waiting.
2026-04-17 16:00:10,868 [INFO] Pairs:XAUUSD
2026-04-17 16:00:10,868 [INFO] Sleeping for 1.0 minutes...
2026-04-17 16:01:07,006 [INFO] Waking up to check market conditions...
2026-04-17 16:01:07,056 [INFO] No valid setup. Waiting.
2026-04-17 16:01:07,057 [INFO] Pairs:BTCUSD
2026-04-17 16:01:07,057 [INFO] Sleeping for 1.0 minutes...
2026-04-17 16:01:10,868 [INFO] Waking up to check market conditions...
2026-04-17 16:01:10,907 [INFO] No valid setup. Waiting.
2026-04-17 16:01:10,908 [INFO] Pairs:XAUUSD
2026-04-17 16:01:10,908 [INFO] Sleeping for 1.0 minutes...
2026-04-17 16:02:07,058 [INFO] Waking up to check market conditions...
2026-04-17 16:02:07,106 [INFO] No valid setup. Waiting.
2026-04-17 16:02:07,106 [INFO] Pairs:BTCUSD
2026-04-17 16:02:07,107 [INFO] Sleeping for 1.0 minutes...
2026-04-17 16:02:10,908 [INFO] Waking up to check market conditions...
2026-04-17 16:02:10,943 [INFO] No valid setup. Waiting.
2026-04-17 16:02:10,944 [INFO] Pairs:XAUUSD
2026-04-17 16:02:10,944 [INFO] Sleeping for 1.0 minutes...
2026-04-17 16:03:07,107 [INFO] Waking up to check market conditions...
2026-04-17 16:03:07,159 [INFO] No valid setup. Waiting.
2026-04-17 16:03:07,160 [INFO] Pairs:BTCUSD
2026-04-17 16:03:07,160 [INFO] Sleeping for 1.0 minutes...
2026-04-17 16:03:10,945 [INFO] Waking up to check market conditions...
2026-04-17 16:03:10,986 [INFO] No valid setup. Waiting.
2026-04-17 16:03:10,986 [INFO] Pairs:XAUUSD
2026-04-17 16:03:10,987 [INFO] Sleeping for 1.0 minutes...
2026-04-17 16:04:07,161 [INFO] Waking up to check market conditions...
2026-04-17 16:04:07,221 [INFO] No valid setup. Waiting.
2026-04-17 16:04:07,221 [INFO] Pairs:BTCUSD
2026-04-17 16:04:07,221 [INFO] Sleeping for 1.0 minutes...
2026-04-17 16:04:10,987 [INFO] Waking up to check market conditions...
2026-04-17 16:04:11,021 [INFO] No valid setup. Waiting.
2026-04-17 16:04:11,022 [INFO] Pairs:XAUUSD
2026-04-17 16:04:11,022 [INFO] Sleeping for 1.0 minutes...
2026-04-17 16:05:07,222 [INFO] Waking up to check market conditions...
2026-04-17 16:05:07,267 [INFO] No valid setup. Waiting.
2026-04-17 16:05:07,267 [INFO] Pairs:BTCUSD
2026-04-17 16:05:07,268 [INFO] Sleeping for 1.0 minutes...
2026-04-17 16:05:11,023 [INFO] Waking up to check market conditions...
2026-04-17 16:05:11,068 [INFO] No valid setup. Waiting.
2026-04-17 16:05:11,068 [INFO] Pairs:XAUUSD
2026-04-17 16:05:11,068 [INFO] Sleeping for 1.0 minutes...
2026-04-17 16:06:07,268 [INFO] Waking up to check market conditions...
2026-04-17 16:06:07,314 [INFO] No valid setup. Waiting.
2026-04-17 16:06:07,314 [INFO] Pairs:BTCUSD
2026-04-17 16:06:07,315 [INFO] Sleeping for 1.0 minutes...
2026-04-17 16:06:11,069 [INFO] Waking up to check market conditions...
2026-04-17 16:06:11,102 [INFO] No valid setup. Waiting.
2026-04-17 16:06:11,102 [INFO] Pairs:XAUUSD
2026-04-17 16:06:11,103 [INFO] Sleeping for 1.0 minutes...
2026-04-17 16:07:07,315 [INFO] Waking up to check market conditions...
2026-04-17 16:07:07,363 [INFO] No valid setup. Waiting.
2026-04-17 16:07:07,363 [INFO] Pairs:BTCUSD
2026-04-17 16:07:07,364 [INFO] Sleeping for 1.0 minutes...
2026-04-17 16:07:11,103 [INFO] Waking up to check market conditions...
2026-04-17 16:07:11,139 [INFO] No valid setup. Waiting.
2026-04-17 16:07:11,139 [INFO] Pairs:XAUUSD
2026-04-17 16:07:11,140 [INFO] Sleeping for 1.0 minutes...
2026-04-17 16:08:07,364 [INFO] Waking up to check market conditions...
2026-04-17 16:08:07,414 [INFO] No valid setup. Waiting.
2026-04-17 16:08:07,414 [INFO] Pairs:BTCUSD
2026-04-17 16:08:07,415 [INFO] Sleeping for 1.0 minutes...
2026-04-17 16:08:11,140 [INFO] Waking up to check market conditions...
2026-04-17 16:08:11,175 [INFO] No valid setup. Waiting.
2026-04-17 16:08:11,176 [INFO] Pairs:XAUUSD
2026-04-17 16:08:11,176 [INFO] Sleeping for 1.0 minutes...
2026-04-17 16:09:07,415 [INFO] Waking up to check market conditions...
2026-04-17 16:09:07,464 [INFO] No valid setup. Waiting.
2026-04-17 16:09:07,465 [INFO] Pairs:BTCUSD
2026-04-17 16:09:07,465 [INFO] Sleeping for 1.0 minutes...
2026-04-17 16:09:11,177 [INFO] Waking up to check market conditions...
2026-04-17 16:09:11,209 [INFO] No valid setup. Waiting.
2026-04-17 16:09:11,210 [INFO] Pairs:XAUUSD
2026-04-17 16:09:11,210 [INFO] Sleeping for 1.0 minutes...
2026-04-17 16:10:07,465 [INFO] Waking up to check market conditions...
2026-04-17 16:10:07,546 [INFO] No valid setup. Waiting.
2026-04-17 16:10:07,547 [INFO] Pairs:BTCUSD
2026-04-17 16:10:07,547 [INFO] Sleeping for 1.0 minutes...
2026-04-17 16:10:11,210 [INFO] Waking up to check market conditions...
2026-04-17 16:10:11,246 [INFO] No valid setup. Waiting.
2026-04-17 16:10:11,246 [INFO] Pairs:XAUUSD
2026-04-17 16:10:11,246 [INFO] Sleeping for 1.0 minutes...
2026-04-17 16:11:07,548 [INFO] Waking up to check market conditions...
2026-04-17 16:11:07,595 [INFO] No valid setup. Waiting.
2026-04-17 16:11:07,595 [INFO] Pairs:BTCUSD
2026-04-17 16:11:07,596 [INFO] Sleeping for 1.0 minutes...
2026-04-17 16:11:11,247 [INFO] Waking up to check market conditions...
2026-04-17 16:11:11,282 [INFO] No valid setup. Waiting.
2026-04-17 16:11:11,282 [INFO] Pairs:XAUUSD
2026-04-17 16:11:11,283 [INFO] Sleeping for 1.0 minutes...
2026-04-17 16:12:07,597 [INFO] Waking up to check market conditions...
2026-04-17 16:12:07,648 [INFO] No valid setup. Waiting.
2026-04-17 16:12:07,649 [INFO] Pairs:BTCUSD
2026-04-17 16:12:07,649 [INFO] Sleeping for 1.0 minutes...
2026-04-17 16:12:11,283 [INFO] Waking up to check market conditions...
2026-04-17 16:12:11,322 [INFO] No valid setup. Waiting.
2026-04-17 16:12:11,323 [INFO] Pairs:XAUUSD
2026-04-17 16:12:11,323 [INFO] Sleeping for 1.0 minutes...
2026-04-17 16:13:07,649 [INFO] Waking up to check market conditions...
2026-04-17 16:13:07,698 [INFO] No valid setup. Waiting.
2026-04-17 16:13:07,698 [INFO] Pairs:BTCUSD
2026-04-17 16:13:07,699 [INFO] Sleeping for 1.0 minutes...
2026-04-17 16:13:11,324 [INFO] Waking up to check market conditions...
2026-04-17 16:13:11,358 [INFO] No valid setup. Waiting.
2026-04-17 16:13:11,358 [INFO] Pairs:XAUUSD
2026-04-17 16:13:11,358 [INFO] Sleeping for 1.0 minutes...
2026-04-17 16:14:07,699 [INFO] Waking up to check market conditions...
2026-04-17 16:14:07,748 [INFO] No valid setup. Waiting.
2026-04-17 16:14:07,748 [INFO] Pairs:BTCUSD
2026-04-17 16:14:07,749 [INFO] Sleeping for 1.0 minutes...
2026-04-17 16:14:11,359 [INFO] Waking up to check market conditions...
2026-04-17 16:14:11,391 [INFO] No valid setup. Waiting.
2026-04-17 16:14:11,392 [INFO] Pairs:XAUUSD
2026-04-17 16:14:11,392 [INFO] Sleeping for 1.0 minutes...
2026-04-17 16:15:07,749 [INFO] Waking up to check market conditions...
2026-04-17 16:15:07,798 [INFO] No valid setup. Waiting.
2026-04-17 16:15:07,798 [INFO] Pairs:BTCUSD
2026-04-17 16:15:07,799 [INFO] Sleeping for 1.0 minutes...
2026-04-17 16:15:11,393 [INFO] Waking up to check market conditions...
2026-04-17 16:15:11,435 [INFO] No valid setup. Waiting.
2026-04-17 16:15:11,436 [INFO] Pairs:XAUUSD
2026-04-17 16:15:11,436 [INFO] Sleeping for 1.0 minutes...
2026-04-17 16:16:07,799 [INFO] Waking up to check market conditions...
2026-04-17 16:16:07,848 [INFO] No valid setup. Waiting.
2026-04-17 16:16:07,848 [INFO] Pairs:BTCUSD
2026-04-17 16:16:07,849 [INFO] Sleeping for 1.0 minutes...
2026-04-17 16:16:11,437 [INFO] Waking up to check market conditions...
2026-04-17 16:16:11,471 [INFO] No valid setup. Waiting.
2026-04-17 16:16:11,472 [INFO] Pairs:XAUUSD
2026-04-17 16:16:11,472 [INFO] Sleeping for 1.0 minutes...
2026-04-17 16:17:07,849 [INFO] Waking up to check market conditions...
2026-04-17 16:17:07,897 [INFO] No valid setup. Waiting.
2026-04-17 16:17:07,898 [INFO] Pairs:BTCUSD
2026-04-17 16:17:07,898 [INFO] Sleeping for 1.0 minutes...
2026-04-17 16:17:11,473 [INFO] Waking up to check market conditions...
2026-04-17 16:17:11,509 [INFO] No valid setup. Waiting.
2026-04-17 16:17:11,509 [INFO] Pairs:XAUUSD
2026-04-17 16:17:11,510 [INFO] Sleeping for 1.0 minutes...
2026-04-17 16:18:07,899 [INFO] Waking up to check market conditions...
2026-04-17 16:18:07,943 [INFO] No valid setup. Waiting.
2026-04-17 16:18:07,944 [INFO] Pairs:BTCUSD
2026-04-17 16:18:07,944 [INFO] Sleeping for 1.0 minutes...
2026-04-17 16:18:11,510 [INFO] Waking up to check market conditions...
2026-04-17 16:18:11,546 [INFO] No valid setup. Waiting.
2026-04-17 16:18:11,546 [INFO] Pairs:XAUUSD
2026-04-17 16:18:11,546 [INFO] Sleeping for 1.0 minutes...
2026-04-17 16:19:07,944 [INFO] Waking up to check market conditions...
2026-04-17 16:19:07,998 [INFO] No valid setup. Waiting.
2026-04-17 16:19:07,999 [INFO] Pairs:BTCUSD
2026-04-17 16:19:07,999 [INFO] Sleeping for 1.0 minutes...
2026-04-17 16:19:11,547 [INFO] Waking up to check market conditions...
2026-04-17 16:19:11,583 [INFO] No valid setup. Waiting.
2026-04-17 16:19:11,583 [INFO] Pairs:XAUUSD
2026-04-17 16:19:11,584 [INFO] Sleeping for 1.0 minutes...
2026-04-17 16:20:07,999 [INFO] Waking up to check market conditions...
2026-04-17 16:20:08,048 [INFO] No valid setup. Waiting.
2026-04-17 16:20:08,048 [INFO] Pairs:BTCUSD
2026-04-17 16:20:08,048 [INFO] Sleeping for 1.0 minutes...
2026-04-17 16:20:11,584 [INFO] Waking up to check market conditions...
2026-04-17 16:20:11,619 [INFO] No valid setup. Waiting.
2026-04-17 16:20:11,619 [INFO] Pairs:XAUUSD
2026-04-17 16:20:11,620 [INFO] Sleeping for 1.0 minutes...
2026-04-17 16:21:08,049 [INFO] Waking up to check market conditions...
2026-04-17 16:21:08,097 [INFO] No valid setup. Waiting.
2026-04-17 16:21:08,098 [INFO] Pairs:BTCUSD
2026-04-17 16:21:08,098 [INFO] Sleeping for 1.0 minutes...
2026-04-17 16:21:11,620 [INFO] Waking up to check market conditions...
2026-04-17 16:21:11,656 [INFO] No valid setup. Waiting.
2026-04-17 16:21:11,656 [INFO] Pairs:XAUUSD
2026-04-17 16:21:11,656 [INFO] Sleeping for 1.0 minutes...
2026-04-17 16:22:08,099 [INFO] Waking up to check market conditions...
2026-04-17 16:22:08,151 [INFO] No valid setup. Waiting.
2026-04-17 16:22:08,151 [INFO] Pairs:BTCUSD
2026-04-17 16:22:08,152 [INFO] Sleeping for 1.0 minutes...
2026-04-17 16:22:11,657 [INFO] Waking up to check market conditions...
2026-04-17 16:22:11,691 [INFO] No valid setup. Waiting.
2026-04-17 16:22:11,692 [INFO] Pairs:XAUUSD
2026-04-17 16:22:11,692 [INFO] Sleeping for 1.0 minutes...
2026-04-17 16:23:08,152 [INFO] Waking up to check market conditions...
2026-04-17 16:23:08,201 [INFO] No valid setup. Waiting.
2026-04-17 16:23:08,201 [INFO] Pairs:BTCUSD
2026-04-17 16:23:08,201 [INFO] Sleeping for 1.0 minutes...
2026-04-17 16:23:11,693 [INFO] Waking up to check market conditions...
2026-04-17 16:23:11,728 [INFO] No valid setup. Waiting.
2026-04-17 16:23:11,728 [INFO] Pairs:XAUUSD
2026-04-17 16:23:11,729 [INFO] Sleeping for 1.0 minutes...
2026-04-17 16:24:08,202 [INFO] Waking up to check market conditions...
2026-04-17 16:24:08,250 [INFO] No valid setup. Waiting.
2026-04-17 16:24:08,251 [INFO] Pairs:BTCUSD
2026-04-17 16:24:08,251 [INFO] Sleeping for 1.0 minutes...
2026-04-17 16:24:11,730 [INFO] Waking up to check market conditions...
2026-04-17 16:24:11,775 [INFO] No valid setup. Waiting.
2026-04-17 16:24:11,775 [INFO] Pairs:XAUUSD
2026-04-17 16:24:11,776 [INFO] Sleeping for 1.0 minutes...
2026-04-17 16:25:08,252 [INFO] Waking up to check market conditions...
2026-04-17 16:25:08,299 [INFO] No valid setup. Waiting.
2026-04-17 16:25:08,299 [INFO] Pairs:BTCUSD
2026-04-17 16:25:08,300 [INFO] Sleeping for 1.0 minutes...
2026-04-17 16:25:11,776 [INFO] Waking up to check market conditions...
2026-04-17 16:25:11,812 [INFO] No valid setup. Waiting.
2026-04-17 16:25:11,812 [INFO] Pairs:XAUUSD
2026-04-17 16:25:11,813 [INFO] Sleeping for 1.0 minutes...
2026-04-17 16:26:08,300 [INFO] Waking up to check market conditions...
2026-04-17 16:26:08,350 [INFO] No valid setup. Waiting.
2026-04-17 16:26:08,350 [INFO] Pairs:BTCUSD
2026-04-17 16:26:08,350 [INFO] Sleeping for 1.0 minutes...
2026-04-17 16:26:11,813 [INFO] Waking up to check market conditions...
2026-04-17 16:26:11,850 [INFO] No valid setup. Waiting.
2026-04-17 16:26:11,850 [INFO] Pairs:XAUUSD
2026-04-17 16:26:11,850 [INFO] Sleeping for 1.0 minutes...
2026-04-17 16:27:08,351 [INFO] Waking up to check market conditions...
2026-04-17 16:27:08,402 [INFO] No valid setup. Waiting.
2026-04-17 16:27:08,402 [INFO] Pairs:BTCUSD
2026-04-17 16:27:08,403 [INFO] Sleeping for 1.0 minutes...
2026-04-17 16:27:11,851 [INFO] Waking up to check market conditions...
2026-04-17 16:27:11,887 [INFO] No valid setup. Waiting.
2026-04-17 16:27:11,887 [INFO] Pairs:XAUUSD
2026-04-17 16:27:11,888 [INFO] Sleeping for 1.0 minutes...
2026-04-17 16:28:08,403 [INFO] Waking up to check market conditions...
2026-04-17 16:28:08,453 [INFO] No valid setup. Waiting.
2026-04-17 16:28:08,453 [INFO] Pairs:BTCUSD
2026-04-17 16:28:08,454 [INFO] Sleeping for 1.0 minutes...
2026-04-17 16:28:11,888 [INFO] Waking up to check market conditions...
2026-04-17 16:28:11,921 [INFO] No valid setup. Waiting.
2026-04-17 16:28:11,921 [INFO] Pairs:XAUUSD
2026-04-17 16:28:11,921 [INFO] Sleeping for 1.0 minutes...
2026-04-17 16:29:08,454 [INFO] Waking up to check market conditions...
2026-04-17 16:29:08,501 [INFO] No valid setup. Waiting.
2026-04-17 16:29:08,502 [INFO] Pairs:BTCUSD
2026-04-17 16:29:08,502 [INFO] Sleeping for 1.0 minutes...
2026-04-17 16:29:11,922 [INFO] Waking up to check market conditions...
2026-04-17 16:29:11,958 [INFO] No valid setup. Waiting.
2026-04-17 16:29:11,958 [INFO] Pairs:XAUUSD
2026-04-17 16:29:11,959 [INFO] Sleeping for 1.0 minutes...
2026-04-17 16:30:08,503 [INFO] Waking up to check market conditions...
2026-04-17 16:30:08,551 [INFO] No valid setup. Waiting.
2026-04-17 16:30:08,551 [INFO] Pairs:BTCUSD
2026-04-17 16:30:08,552 [INFO] Sleeping for 1.0 minutes...
2026-04-17 16:30:11,959 [INFO] Waking up to check market conditions...
2026-04-17 16:30:11,992 [INFO] No valid setup. Waiting.
2026-04-17 16:30:11,992 [INFO] Pairs:XAUUSD
2026-04-17 16:30:11,993 [INFO] Sleeping for 1.0 minutes...
2026-04-17 16:31:08,552 [INFO] Waking up to check market conditions...
2026-04-17 16:31:08,609 [INFO] No valid setup. Waiting.
2026-04-17 16:31:08,610 [INFO] Pairs:BTCUSD
2026-04-17 16:31:08,610 [INFO] Sleeping for 1.0 minutes...
2026-04-17 16:31:11,993 [INFO] Waking up to check market conditions...
2026-04-17 16:31:12,027 [INFO] No valid setup. Waiting.
2026-04-17 16:31:12,028 [INFO] Pairs:XAUUSD
2026-04-17 16:31:12,028 [INFO] Sleeping for 1.0 minutes...
2026-04-17 16:32:08,610 [INFO] Waking up to check market conditions...
2026-04-17 16:32:08,659 [INFO] No valid setup. Waiting.
2026-04-17 16:32:08,659 [INFO] Pairs:BTCUSD
2026-04-17 16:32:08,660 [INFO] Sleeping for 1.0 minutes...
2026-04-17 16:32:12,029 [INFO] Waking up to check market conditions...
2026-04-17 16:32:12,070 [INFO] No valid setup. Waiting.
2026-04-17 16:32:12,070 [INFO] Pairs:XAUUSD
2026-04-17 16:32:12,070 [INFO] Sleeping for 1.0 minutes...
2026-04-17 16:33:08,660 [INFO] Waking up to check market conditions...
2026-04-17 16:33:08,708 [INFO] No valid setup. Waiting.
2026-04-17 16:33:08,709 [INFO] Pairs:BTCUSD
2026-04-17 16:33:08,710 [INFO] Sleeping for 1.0 minutes...
2026-04-17 16:33:12,071 [INFO] Waking up to check market conditions...
2026-04-17 16:33:12,115 [INFO] No valid setup. Waiting.
2026-04-17 16:33:12,116 [INFO] Pairs:XAUUSD
2026-04-17 16:33:12,116 [INFO] Sleeping for 1.0 minutes...
2026-04-17 16:34:08,710 [INFO] Waking up to check market conditions...
2026-04-17 16:34:08,756 [INFO] No valid setup. Waiting.
2026-04-17 16:34:08,756 [INFO] Pairs:BTCUSD
2026-04-17 16:34:08,756 [INFO] Sleeping for 1.0 minutes...
2026-04-17 16:34:12,117 [INFO] Waking up to check market conditions...
2026-04-17 16:34:12,152 [INFO] No valid setup. Waiting.
2026-04-17 16:34:12,152 [INFO] Pairs:XAUUSD
2026-04-17 16:34:12,153 [INFO] Sleeping for 1.0 minutes...
2026-04-17 16:35:08,757 [INFO] Waking up to check market conditions...
2026-04-17 16:35:08,801 [INFO] No valid setup. Waiting.
2026-04-17 16:35:08,801 [INFO] Pairs:BTCUSD
2026-04-17 16:35:08,802 [INFO] Sleeping for 1.0 minutes...
2026-04-17 16:35:12,153 [INFO] Waking up to check market conditions...
2026-04-17 16:35:12,191 [INFO] No valid setup. Waiting.
2026-04-17 16:35:12,192 [INFO] Pairs:XAUUSD
2026-04-17 16:35:12,192 [INFO] Sleeping for 1.0 minutes...
2026-04-17 16:36:08,803 [INFO] Waking up to check market conditions...
2026-04-17 16:36:08,853 [INFO] No valid setup. Waiting.
2026-04-17 16:36:08,854 [INFO] Pairs:BTCUSD
2026-04-17 16:36:08,854 [INFO] Sleeping for 1.0 minutes...
2026-04-17 16:36:12,192 [INFO] Waking up to check market conditions...
2026-04-17 16:36:12,227 [INFO] No valid setup. Waiting.
2026-04-17 16:36:12,228 [INFO] Pairs:XAUUSD
2026-04-17 16:36:12,228 [INFO] Sleeping for 1.0 minutes...
2026-04-17 16:37:08,855 [INFO] Waking up to check market conditions...
2026-04-17 16:37:08,906 [INFO] No valid setup. Waiting.
2026-04-17 16:37:08,907 [INFO] Pairs:BTCUSD
2026-04-17 16:37:08,907 [INFO] Sleeping for 1.0 minutes...
2026-04-17 16:37:12,229 [INFO] Waking up to check market conditions...
2026-04-17 16:37:12,262 [INFO] No valid setup. Waiting.
2026-04-17 16:37:12,262 [INFO] Pairs:XAUUSD
2026-04-17 16:37:12,262 [INFO] Sleeping for 1.0 minutes...
2026-04-17 16:38:08,908 [INFO] Waking up to check market conditions...
2026-04-17 16:38:08,956 [INFO] No valid setup. Waiting.
2026-04-17 16:38:08,956 [INFO] Pairs:BTCUSD
2026-04-17 16:38:08,957 [INFO] Sleeping for 1.0 minutes...
2026-04-17 16:38:12,263 [INFO] Waking up to check market conditions...
2026-04-17 16:38:12,298 [INFO] No valid setup. Waiting.
2026-04-17 16:38:12,299 [INFO] Pairs:XAUUSD
2026-04-17 16:38:12,299 [INFO] Sleeping for 1.0 minutes...
2026-04-17 16:39:08,957 [INFO] Waking up to check market conditions...
2026-04-17 16:39:09,005 [INFO] No valid setup. Waiting.
2026-04-17 16:39:09,006 [INFO] Pairs:BTCUSD
2026-04-17 16:39:09,006 [INFO] Sleeping for 1.0 minutes...
2026-04-17 16:39:12,300 [INFO] Waking up to check market conditions...
2026-04-17 16:39:12,336 [INFO] No valid setup. Waiting.
2026-04-17 16:39:12,336 [INFO] Pairs:XAUUSD
2026-04-17 16:39:12,337 [INFO] Sleeping for 1.0 minutes...
2026-04-17 16:40:09,007 [INFO] Waking up to check market conditions...
2026-04-17 16:40:09,066 [INFO] No valid setup. Waiting.
2026-04-17 16:40:09,067 [INFO] Pairs:BTCUSD
2026-04-17 16:40:09,067 [INFO] Sleeping for 1.0 minutes...
2026-04-17 16:40:12,337 [INFO] Waking up to check market conditions...
2026-04-17 16:40:12,376 [INFO] No valid setup. Waiting.
2026-04-17 16:40:12,376 [INFO] Pairs:XAUUSD
2026-04-17 16:40:12,377 [INFO] Sleeping for 1.0 minutes...
2026-04-17 16:41:09,068 [INFO] Waking up to check market conditions...
2026-04-17 16:41:09,120 [INFO] No valid setup. Waiting.
2026-04-17 16:41:09,120 [INFO] Pairs:BTCUSD
2026-04-17 16:41:09,121 [INFO] Sleeping for 1.0 minutes...
2026-04-17 16:41:12,377 [INFO] Waking up to check market conditions...
2026-04-17 16:41:12,409 [INFO] No valid setup. Waiting.
2026-04-17 16:41:12,410 [INFO] Pairs:XAUUSD
2026-04-17 16:41:12,410 [INFO] Sleeping for 1.0 minutes...
2026-04-17 16:42:09,121 [INFO] Waking up to check market conditions...
2026-04-17 16:42:09,171 [INFO] No valid setup. Waiting.
2026-04-17 16:42:09,171 [INFO] Pairs:BTCUSD
2026-04-17 16:42:09,172 [INFO] Sleeping for 1.0 minutes...
2026-04-17 16:42:12,411 [INFO] Waking up to check market conditions...
2026-04-17 16:42:12,450 [INFO] No valid setup. Waiting.
2026-04-17 16:42:12,451 [INFO] Pairs:XAUUSD
2026-04-17 16:42:12,451 [INFO] Sleeping for 1.0 minutes...
2026-04-17 16:43:09,172 [INFO] Waking up to check market conditions...
2026-04-17 16:43:09,220 [INFO] No valid setup. Waiting.
2026-04-17 16:43:09,221 [INFO] Pairs:BTCUSD
2026-04-17 16:43:09,222 [INFO] Sleeping for 1.0 minutes...
2026-04-17 16:43:12,452 [INFO] Waking up to check market conditions...
2026-04-17 16:43:12,491 [INFO] No valid setup. Waiting.
2026-04-17 16:43:12,492 [INFO] Pairs:XAUUSD
2026-04-17 16:43:12,492 [INFO] Sleeping for 1.0 minutes...
2026-04-17 16:44:09,222 [INFO] Waking up to check market conditions...
2026-04-17 16:44:09,276 [INFO] No valid setup. Waiting.
2026-04-17 16:44:09,276 [INFO] Pairs:BTCUSD
2026-04-17 16:44:09,277 [INFO] Sleeping for 1.0 minutes...
2026-04-17 16:44:12,492 [INFO] Waking up to check market conditions...
2026-04-17 16:44:12,529 [INFO] No valid setup. Waiting.
2026-04-17 16:44:12,529 [INFO] Pairs:XAUUSD
2026-04-17 16:44:12,530 [INFO] Sleeping for 1.0 minutes...
2026-04-17 16:45:09,277 [INFO] Waking up to check market conditions...
2026-04-17 16:45:09,324 [INFO] No valid setup. Waiting.
2026-04-17 16:45:09,324 [INFO] Pairs:BTCUSD
2026-04-17 16:45:09,325 [INFO] Sleeping for 1.0 minutes...
2026-04-17 16:45:12,530 [INFO] Waking up to check market conditions...
2026-04-17 16:45:12,565 [INFO] No valid setup. Waiting.
2026-04-17 16:45:12,566 [INFO] Pairs:XAUUSD
2026-04-17 16:45:12,566 [INFO] Sleeping for 1.0 minutes...
2026-04-17 16:46:09,326 [INFO] Waking up to check market conditions...
2026-04-17 16:46:09,375 [INFO] No valid setup. Waiting.
2026-04-17 16:46:09,376 [INFO] Pairs:BTCUSD
2026-04-17 16:46:09,376 [INFO] Sleeping for 1.0 minutes...
2026-04-17 16:46:12,566 [INFO] Waking up to check market conditions...
2026-04-17 16:46:12,610 [INFO] No valid setup. Waiting.
2026-04-17 16:46:12,610 [INFO] Pairs:XAUUSD
2026-04-17 16:46:12,610 [INFO] Sleeping for 1.0 minutes...
2026-04-17 16:47:09,377 [INFO] Waking up to check market conditions...
2026-04-17 16:47:09,439 [INFO] No valid setup. Waiting.
2026-04-17 16:47:09,440 [INFO] Pairs:BTCUSD
2026-04-17 16:47:09,440 [INFO] Sleeping for 1.0 minutes...
2026-04-17 16:47:12,611 [INFO] Waking up to check market conditions...
2026-04-17 16:47:12,643 [INFO] No valid setup. Waiting.
2026-04-17 16:47:12,644 [INFO] Pairs:XAUUSD
2026-04-17 16:47:12,644 [INFO] Sleeping for 1.0 minutes...
2026-04-17 16:48:09,441 [INFO] Waking up to check market conditions...
2026-04-17 16:48:09,487 [INFO] No valid setup. Waiting.
2026-04-17 16:48:09,488 [INFO] Pairs:BTCUSD
2026-04-17 16:48:09,488 [INFO] Sleeping for 1.0 minutes...
2026-04-17 16:48:12,645 [INFO] Waking up to check market conditions...
2026-04-17 16:48:12,680 [INFO] No valid setup. Waiting.
2026-04-17 16:48:12,680 [INFO] Pairs:XAUUSD
2026-04-17 16:48:12,681 [INFO] Sleeping for 1.0 minutes...
2026-04-17 16:49:09,489 [INFO] Waking up to check market conditions...
2026-04-17 16:49:09,550 [INFO] No valid setup. Waiting.
2026-04-17 16:49:09,550 [INFO] Pairs:BTCUSD
2026-04-17 16:49:09,551 [INFO] Sleeping for 1.0 minutes...
2026-04-17 16:49:12,681 [INFO] Waking up to check market conditions...
2026-04-17 16:49:12,717 [INFO] No valid setup. Waiting.
2026-04-17 16:49:12,717 [INFO] Pairs:XAUUSD
2026-04-17 16:49:12,717 [INFO] Sleeping for 1.0 minutes...
2026-04-17 16:50:09,551 [INFO] Waking up to check market conditions...
2026-04-17 16:50:09,600 [INFO] No valid setup. Waiting.
2026-04-17 16:50:09,601 [INFO] Pairs:BTCUSD
2026-04-17 16:50:09,601 [INFO] Sleeping for 1.0 minutes...
2026-04-17 16:50:12,718 [INFO] Waking up to check market conditions...
2026-04-17 16:50:12,753 [INFO] No valid setup. Waiting.
2026-04-17 16:50:12,753 [INFO] Pairs:XAUUSD
2026-04-17 16:50:12,754 [INFO] Sleeping for 1.0 minutes...
2026-04-17 16:51:09,602 [INFO] Waking up to check market conditions...
2026-04-17 16:51:09,651 [INFO] No valid setup. Waiting.
2026-04-17 16:51:09,651 [INFO] Pairs:BTCUSD
2026-04-17 16:51:09,652 [INFO] Sleeping for 1.0 minutes...
2026-04-17 16:51:12,755 [INFO] Waking up to check market conditions...
2026-04-17 16:51:12,791 [INFO] No valid setup. Waiting.
2026-04-17 16:51:12,791 [INFO] Pairs:XAUUSD
2026-04-17 16:51:12,792 [INFO] Sleeping for 1.0 minutes...
2026-04-17 16:52:09,652 [INFO] Waking up to check market conditions...
2026-04-17 16:52:09,700 [INFO] No valid setup. Waiting.
2026-04-17 16:52:09,701 [INFO] Pairs:BTCUSD
2026-04-17 16:52:09,702 [INFO] Sleeping for 1.0 minutes...
2026-04-17 16:52:12,792 [INFO] Waking up to check market conditions...
2026-04-17 16:52:12,830 [INFO] No valid setup. Waiting.
2026-04-17 16:52:12,830 [INFO] Pairs:XAUUSD
2026-04-17 16:52:12,831 [INFO] Sleeping for 1.0 minutes...
2026-04-17 16:53:09,702 [INFO] Waking up to check market conditions...
2026-04-17 16:53:09,751 [INFO] No valid setup. Waiting.
2026-04-17 16:53:09,752 [INFO] Pairs:BTCUSD
2026-04-17 16:53:09,752 [INFO] Sleeping for 1.0 minutes...
2026-04-17 16:53:12,832 [INFO] Waking up to check market conditions...
2026-04-17 16:53:12,867 [INFO] No valid setup. Waiting.
2026-04-17 16:53:12,868 [INFO] Pairs:XAUUSD
2026-04-17 16:53:12,868 [INFO] Sleeping for 1.0 minutes...
2026-04-17 16:54:09,753 [INFO] Waking up to check market conditions...
2026-04-17 16:54:09,802 [INFO] No valid setup. Waiting.
2026-04-17 16:54:09,802 [INFO] Pairs:BTCUSD
2026-04-17 16:54:09,803 [INFO] Sleeping for 1.0 minutes...
2026-04-17 16:54:12,869 [INFO] Waking up to check market conditions...
2026-04-17 16:54:12,905 [INFO] No valid setup. Waiting.
2026-04-17 16:54:12,906 [INFO] Pairs:XAUUSD
2026-04-17 16:54:12,906 [INFO] Sleeping for 1.0 minutes...
2026-04-17 16:55:09,803 [INFO] Waking up to check market conditions...
2026-04-17 16:55:09,849 [INFO] No valid setup. Waiting.
2026-04-17 16:55:09,849 [INFO] Pairs:BTCUSD
2026-04-17 16:55:09,850 [INFO] Sleeping for 1.0 minutes...
2026-04-17 16:55:12,907 [INFO] Waking up to check market conditions...
2026-04-17 16:55:12,941 [INFO] No valid setup. Waiting.
2026-04-17 16:55:12,942 [INFO] Pairs:XAUUSD
2026-04-17 16:55:12,942 [INFO] Sleeping for 1.0 minutes...
2026-04-17 16:56:09,850 [INFO] Waking up to check market conditions...
2026-04-17 16:56:09,900 [INFO] No valid setup. Waiting.
2026-04-17 16:56:09,901 [INFO] Pairs:BTCUSD
2026-04-17 16:56:09,901 [INFO] Sleeping for 1.0 minutes...
2026-04-17 16:56:12,943 [INFO] Waking up to check market conditions...
2026-04-17 16:56:12,977 [INFO] No valid setup. Waiting.
2026-04-17 16:56:12,978 [INFO] Pairs:XAUUSD
2026-04-17 16:56:12,978 [INFO] Sleeping for 1.0 minutes...
2026-04-17 16:57:09,902 [INFO] Waking up to check market conditions...
2026-04-17 16:57:09,949 [INFO] No valid setup. Waiting.
2026-04-17 16:57:09,949 [INFO] Pairs:BTCUSD
2026-04-17 16:57:09,950 [INFO] Sleeping for 1.0 minutes...
2026-04-17 16:57:12,979 [INFO] Waking up to check market conditions...
2026-04-17 16:57:13,014 [INFO] No valid setup. Waiting.
2026-04-17 16:57:13,015 [INFO] Pairs:XAUUSD
2026-04-17 16:57:13,015 [INFO] Sleeping for 1.0 minutes...
2026-04-17 16:58:09,950 [INFO] Waking up to check market conditions...
2026-04-17 16:58:09,999 [INFO] No valid setup. Waiting.
2026-04-17 16:58:09,999 [INFO] Pairs:BTCUSD
2026-04-17 16:58:10,000 [INFO] Sleeping for 1.0 minutes...
2026-04-17 16:58:13,016 [INFO] Waking up to check market conditions...
2026-04-17 16:58:13,056 [INFO] No valid setup. Waiting.
2026-04-17 16:58:13,057 [INFO] Pairs:XAUUSD
2026-04-17 16:58:13,057 [INFO] Sleeping for 1.0 minutes...
2026-04-17 16:59:10,000 [INFO] Waking up to check market conditions...
2026-04-17 16:59:10,057 [INFO] No valid setup. Waiting.
2026-04-17 16:59:10,058 [INFO] Pairs:BTCUSD
2026-04-17 16:59:10,058 [INFO] Sleeping for 1.0 minutes...
2026-04-17 16:59:13,058 [INFO] Waking up to check market conditions...
2026-04-17 16:59:13,101 [INFO] No valid setup. Waiting.
2026-04-17 16:59:13,101 [INFO] Pairs:XAUUSD
2026-04-17 16:59:13,101 [INFO] Sleeping for 1.0 minutes...
2026-04-17 17:00:10,059 [INFO] Waking up to check market conditions...
2026-04-17 17:00:10,107 [INFO] No valid setup. Waiting.
2026-04-17 17:00:10,108 [INFO] Pairs:BTCUSD
2026-04-17 17:00:10,108 [INFO] Sleeping for 1.0 minutes...
2026-04-17 17:00:13,102 [INFO] Waking up to check market conditions...
2026-04-17 17:00:13,144 [INFO] No valid setup. Waiting.
2026-04-17 17:00:13,144 [INFO] Pairs:XAUUSD
2026-04-17 17:00:13,144 [INFO] Sleeping for 1.0 minutes...
2026-04-17 17:01:10,109 [INFO] Waking up to check market conditions...
2026-04-17 17:01:10,158 [INFO] No valid setup. Waiting.
2026-04-17 17:01:10,158 [INFO] Pairs:BTCUSD
2026-04-17 17:01:10,159 [INFO] Sleeping for 1.0 minutes...
2026-04-17 17:01:13,145 [INFO] Waking up to check market conditions...
2026-04-17 17:01:13,180 [INFO] No valid setup. Waiting.
2026-04-17 17:01:13,181 [INFO] Pairs:XAUUSD
2026-04-17 17:01:13,181 [INFO] Sleeping for 1.0 minutes...
2026-04-17 17:02:10,159 [INFO] Waking up to check market conditions...
2026-04-17 17:02:10,208 [INFO] No valid setup. Waiting.
2026-04-17 17:02:10,209 [INFO] Pairs:BTCUSD
2026-04-17 17:02:10,209 [INFO] Sleeping for 1.0 minutes...
2026-04-17 17:02:13,182 [INFO] Waking up to check market conditions...
2026-04-17 17:02:13,217 [INFO] No valid setup. Waiting.
2026-04-17 17:02:13,218 [INFO] Pairs:XAUUSD
2026-04-17 17:02:13,218 [INFO] Sleeping for 1.0 minutes...
2026-04-17 17:03:10,209 [INFO] Waking up to check market conditions...
2026-04-17 17:03:10,257 [INFO] No valid setup. Waiting.
2026-04-17 17:03:10,258 [INFO] Pairs:BTCUSD
2026-04-17 17:03:10,259 [INFO] Sleeping for 1.0 minutes...
2026-04-17 17:03:13,219 [INFO] Waking up to check market conditions...
2026-04-17 17:03:13,251 [INFO] No valid setup. Waiting.
2026-04-17 17:03:13,252 [INFO] Pairs:XAUUSD
2026-04-17 17:03:13,252 [INFO] Sleeping for 1.0 minutes...
2026-04-17 17:04:10,259 [INFO] Waking up to check market conditions...
2026-04-17 17:04:10,305 [INFO] No valid setup. Waiting.
2026-04-17 17:04:10,306 [INFO] Pairs:BTCUSD
2026-04-17 17:04:10,306 [INFO] Sleeping for 1.0 minutes...
2026-04-17 17:04:13,253 [INFO] Waking up to check market conditions...
2026-04-17 17:04:13,287 [INFO] No valid setup. Waiting.
2026-04-17 17:04:13,288 [INFO] Pairs:XAUUSD
2026-04-17 17:04:13,288 [INFO] Sleeping for 1.0 minutes...
2026-04-17 17:05:10,307 [INFO] Waking up to check market conditions...
2026-04-17 17:05:10,356 [INFO] No valid setup. Waiting.
2026-04-17 17:05:10,356 [INFO] Pairs:BTCUSD
2026-04-17 17:05:10,356 [INFO] Sleeping for 1.0 minutes...
2026-04-17 17:05:13,289 [INFO] Waking up to check market conditions...
2026-04-17 17:05:13,323 [INFO] No valid setup. Waiting.
2026-04-17 17:05:13,323 [INFO] Pairs:XAUUSD
2026-04-17 17:05:13,323 [INFO] Sleeping for 1.0 minutes...
2026-04-17 17:06:10,357 [INFO] Waking up to check market conditions...
2026-04-17 17:06:10,404 [INFO] No valid setup. Waiting.
2026-04-17 17:06:10,404 [INFO] Pairs:BTCUSD
2026-04-17 17:06:10,404 [INFO] Sleeping for 1.0 minutes...
2026-04-17 17:06:13,324 [INFO] Waking up to check market conditions...
2026-04-17 17:06:13,359 [INFO] No valid setup. Waiting.
2026-04-17 17:06:13,359 [INFO] Pairs:XAUUSD
2026-04-17 17:06:13,360 [INFO] Sleeping for 1.0 minutes...
2026-04-17 17:07:10,405 [INFO] Waking up to check market conditions...
2026-04-17 17:07:10,454 [INFO] No valid setup. Waiting.
2026-04-17 17:07:10,455 [INFO] Pairs:BTCUSD
2026-04-17 17:07:10,455 [INFO] Sleeping for 1.0 minutes...
2026-04-17 17:07:13,360 [INFO] Waking up to check market conditions...
2026-04-17 17:07:13,395 [INFO] No valid setup. Waiting.
2026-04-17 17:07:13,396 [INFO] Pairs:XAUUSD
2026-04-17 17:07:13,396 [INFO] Sleeping for 1.0 minutes...
2026-04-17 17:08:10,456 [INFO] Waking up to check market conditions...
2026-04-17 17:08:10,507 [INFO] No valid setup. Waiting.
2026-04-17 17:08:10,508 [INFO] Pairs:BTCUSD
2026-04-17 17:08:10,508 [INFO] Sleeping for 1.0 minutes...
2026-04-17 17:08:13,396 [INFO] Waking up to check market conditions...
2026-04-17 17:08:13,431 [INFO] No valid setup. Waiting.
2026-04-17 17:08:13,431 [INFO] Pairs:XAUUSD
2026-04-17 17:08:13,431 [INFO] Sleeping for 1.0 minutes...
2026-04-17 17:09:10,508 [INFO] Waking up to check market conditions...
2026-04-17 17:09:10,573 [INFO] No valid setup. Waiting.
2026-04-17 17:09:10,574 [INFO] Pairs:BTCUSD
2026-04-17 17:09:10,574 [INFO] Sleeping for 1.0 minutes...
2026-04-17 17:09:13,432 [INFO] Waking up to check market conditions...
2026-04-17 17:09:13,465 [INFO] No valid setup. Waiting.
2026-04-17 17:09:13,465 [INFO] Pairs:XAUUSD
2026-04-17 17:09:13,466 [INFO] Sleeping for 1.0 minutes...
2026-04-17 17:10:10,575 [INFO] Waking up to check market conditions...
2026-04-17 17:10:10,623 [INFO] No valid setup. Waiting.
2026-04-17 17:10:10,624 [INFO] Pairs:BTCUSD
2026-04-17 17:10:10,624 [INFO] Sleeping for 1.0 minutes...
2026-04-17 17:10:13,466 [INFO] Waking up to check market conditions...
2026-04-17 17:10:13,509 [INFO] No valid setup. Waiting.
2026-04-17 17:10:13,509 [INFO] Pairs:XAUUSD
2026-04-17 17:10:13,509 [INFO] Sleeping for 1.0 minutes...
2026-04-17 17:11:10,625 [INFO] Waking up to check market conditions...
2026-04-17 17:11:10,670 [INFO] No valid setup. Waiting.
2026-04-17 17:11:10,671 [INFO] Pairs:BTCUSD
2026-04-17 17:11:10,671 [INFO] Sleeping for 1.0 minutes...
2026-04-17 17:11:13,510 [INFO] Waking up to check market conditions...
2026-04-17 17:11:13,542 [INFO] No valid setup. Waiting.
2026-04-17 17:11:13,543 [INFO] Pairs:XAUUSD
2026-04-17 17:11:13,543 [INFO] Sleeping for 1.0 minutes...
2026-04-17 17:12:10,672 [INFO] Waking up to check market conditions...
2026-04-17 17:12:10,720 [INFO] No valid setup. Waiting.
2026-04-17 17:12:10,720 [INFO] Pairs:BTCUSD
2026-04-17 17:12:10,721 [INFO] Sleeping for 1.0 minutes...
2026-04-17 17:12:13,544 [INFO] Waking up to check market conditions...
2026-04-17 17:12:13,579 [INFO] No valid setup. Waiting.
2026-04-17 17:12:13,579 [INFO] Pairs:XAUUSD
2026-04-17 17:12:13,580 [INFO] Sleeping for 1.0 minutes...
2026-04-17 17:13:10,721 [INFO] Waking up to check market conditions...
2026-04-17 17:13:10,770 [INFO] No valid setup. Waiting.
2026-04-17 17:13:10,771 [INFO] Pairs:BTCUSD
2026-04-17 17:13:10,771 [INFO] Sleeping for 1.0 minutes...
2026-04-17 17:13:13,580 [INFO] Waking up to check market conditions...
2026-04-17 17:13:13,617 [INFO] No valid setup. Waiting.
2026-04-17 17:13:13,617 [INFO] Pairs:XAUUSD
2026-04-17 17:13:13,617 [INFO] Sleeping for 1.0 minutes...
2026-04-17 17:14:10,771 [INFO] Waking up to check market conditions...
2026-04-17 17:14:10,820 [INFO] No valid setup. Waiting.
2026-04-17 17:14:10,821 [INFO] Pairs:BTCUSD
2026-04-17 17:14:10,821 [INFO] Sleeping for 1.0 minutes...
2026-04-17 17:14:13,618 [INFO] Waking up to check market conditions...
2026-04-17 17:14:13,653 [INFO] No valid setup. Waiting.
2026-04-17 17:14:13,654 [INFO] Pairs:XAUUSD
2026-04-17 17:14:13,654 [INFO] Sleeping for 1.0 minutes...
2026-04-17 17:15:10,821 [INFO] Waking up to check market conditions...
2026-04-17 17:15:10,884 [INFO] No valid setup. Waiting.
2026-04-17 17:15:10,887 [INFO] Pairs:BTCUSD
2026-04-17 17:15:10,896 [INFO] Sleeping for 1.0 minutes...
2026-04-17 17:15:13,654 [INFO] Waking up to check market conditions...
2026-04-17 17:15:13,689 [INFO] No valid setup. Waiting.
2026-04-17 17:15:13,690 [INFO] Pairs:XAUUSD
2026-04-17 17:15:13,690 [INFO] Sleeping for 1.0 minutes...
2026-04-17 17:16:10,899 [INFO] Waking up to check market conditions...
2026-04-17 17:16:10,946 [INFO] No valid setup. Waiting.
2026-04-17 17:16:10,946 [INFO] Pairs:BTCUSD
2026-04-17 17:16:10,947 [INFO] Sleeping for 1.0 minutes...
2026-04-17 17:16:13,691 [INFO] Waking up to check market conditions...
2026-04-17 17:16:13,726 [INFO] No valid setup. Waiting.
2026-04-17 17:16:13,727 [INFO] Pairs:XAUUSD
2026-04-17 17:16:13,727 [INFO] Sleeping for 1.0 minutes...
2026-04-17 17:17:10,947 [INFO] Waking up to check market conditions...
2026-04-17 17:17:10,995 [INFO] No valid setup. Waiting.
2026-04-17 17:17:10,996 [INFO] Pairs:BTCUSD
2026-04-17 17:17:10,996 [INFO] Sleeping for 1.0 minutes...
2026-04-17 17:17:13,728 [INFO] Waking up to check market conditions...
2026-04-17 17:17:13,762 [INFO] No valid setup. Waiting.
2026-04-17 17:17:13,762 [INFO] Pairs:XAUUSD
2026-04-17 17:17:13,763 [INFO] Sleeping for 1.0 minutes...
2026-04-17 17:18:10,997 [INFO] Waking up to check market conditions...
2026-04-17 17:18:11,046 [INFO] No valid setup. Waiting.
2026-04-17 17:18:11,047 [INFO] Pairs:BTCUSD
2026-04-17 17:18:11,047 [INFO] Sleeping for 1.0 minutes...
2026-04-17 17:18:13,763 [INFO] Waking up to check market conditions...
2026-04-17 17:18:13,795 [INFO] No valid setup. Waiting.
2026-04-17 17:18:13,796 [INFO] Pairs:XAUUSD
2026-04-17 17:18:13,796 [INFO] Sleeping for 1.0 minutes...
2026-04-17 17:19:11,048 [INFO] Waking up to check market conditions...
2026-04-17 17:19:11,094 [INFO] No valid setup. Waiting.
2026-04-17 17:19:11,095 [INFO] Pairs:BTCUSD
2026-04-17 17:19:11,095 [INFO] Sleeping for 1.0 minutes...
2026-04-17 17:19:13,797 [INFO] Waking up to check market conditions...
2026-04-17 17:19:13,833 [INFO] No valid setup. Waiting.
2026-04-17 17:19:13,833 [INFO] Pairs:XAUUSD
2026-04-17 17:19:13,833 [INFO] Sleeping for 1.0 minutes...
2026-04-17 17:20:11,096 [INFO] Waking up to check market conditions...
2026-04-17 17:20:11,144 [INFO] No valid setup. Waiting.
2026-04-17 17:20:11,145 [INFO] Pairs:BTCUSD
2026-04-17 17:20:11,145 [INFO] Sleeping for 1.0 minutes...
2026-04-17 17:20:13,834 [INFO] Waking up to check market conditions...
2026-04-17 17:20:13,869 [INFO] No valid setup. Waiting.
2026-04-17 17:20:13,870 [INFO] Pairs:XAUUSD
2026-04-17 17:20:13,870 [INFO] Sleeping for 1.0 minutes...
2026-04-17 17:21:11,145 [INFO] Waking up to check market conditions...
2026-04-17 17:21:11,194 [INFO] No valid setup. Waiting.
2026-04-17 17:21:11,194 [INFO] Pairs:BTCUSD
2026-04-17 17:21:11,195 [INFO] Sleeping for 1.0 minutes...
2026-04-17 17:21:13,871 [INFO] Waking up to check market conditions...
2026-04-17 17:21:13,907 [INFO] No valid setup. Waiting.
2026-04-17 17:21:13,908 [INFO] Pairs:XAUUSD
2026-04-17 17:21:13,908 [INFO] Sleeping for 1.0 minutes...
2026-04-17 17:22:11,195 [INFO] Waking up to check market conditions...
2026-04-17 17:22:11,243 [INFO] No valid setup. Waiting.
2026-04-17 17:22:11,244 [INFO] Pairs:BTCUSD
2026-04-17 17:22:11,244 [INFO] Sleeping for 1.0 minutes...
2026-04-17 17:22:13,909 [INFO] Waking up to check market conditions...
2026-04-17 17:22:13,944 [INFO] No valid setup. Waiting.
2026-04-17 17:22:13,944 [INFO] Pairs:XAUUSD
2026-04-17 17:22:13,944 [INFO] Sleeping for 1.0 minutes...
2026-04-17 17:23:11,245 [INFO] Waking up to check market conditions...
2026-04-17 17:23:11,294 [INFO] No valid setup. Waiting.
2026-04-17 17:23:11,295 [INFO] Pairs:BTCUSD
2026-04-17 17:23:11,295 [INFO] Sleeping for 1.0 minutes...
2026-04-17 17:23:13,945 [INFO] Waking up to check market conditions...
2026-04-17 17:23:13,977 [INFO] No valid setup. Waiting.
2026-04-17 17:23:13,978 [INFO] Pairs:XAUUSD
2026-04-17 17:23:13,978 [INFO] Sleeping for 1.0 minutes...
2026-04-17 17:24:11,295 [INFO] Waking up to check market conditions...
2026-04-17 17:24:11,350 [INFO] No valid setup. Waiting.
2026-04-17 17:24:11,350 [INFO] Pairs:BTCUSD
2026-04-17 17:24:11,350 [INFO] Sleeping for 1.0 minutes...
2026-04-17 17:24:13,979 [INFO] Waking up to check market conditions...
2026-04-17 17:24:14,015 [INFO] No valid setup. Waiting.
2026-04-17 17:24:14,015 [INFO] Pairs:XAUUSD
2026-04-17 17:24:14,015 [INFO] Sleeping for 1.0 minutes...
2026-04-17 17:25:11,351 [INFO] Waking up to check market conditions...
2026-04-17 17:25:11,398 [INFO] No valid setup. Waiting.
2026-04-17 17:25:11,399 [INFO] Pairs:BTCUSD
2026-04-17 17:25:11,399 [INFO] Sleeping for 1.0 minutes...
2026-04-17 17:25:14,016 [INFO] Waking up to check market conditions...
2026-04-17 17:25:14,051 [INFO] No valid setup. Waiting.
2026-04-17 17:25:14,052 [INFO] Pairs:XAUUSD
2026-04-17 17:25:14,052 [INFO] Sleeping for 1.0 minutes...
2026-04-17 17:26:11,400 [INFO] Waking up to check market conditions...
2026-04-17 17:26:11,452 [INFO] No valid setup. Waiting.
2026-04-17 17:26:11,453 [INFO] Pairs:BTCUSD
2026-04-17 17:26:11,453 [INFO] Sleeping for 1.0 minutes...
2026-04-17 17:26:14,053 [INFO] Waking up to check market conditions...
2026-04-17 17:26:14,092 [INFO] No valid setup. Waiting.
2026-04-17 17:26:14,093 [INFO] Pairs:XAUUSD
2026-04-17 17:26:14,093 [INFO] Sleeping for 1.0 minutes...
2026-04-17 17:27:11,454 [INFO] Waking up to check market conditions...
2026-04-17 17:27:11,505 [INFO] No valid setup. Waiting.
2026-04-17 17:27:11,505 [INFO] Pairs:BTCUSD
2026-04-17 17:27:11,506 [INFO] Sleeping for 1.0 minutes...
2026-04-17 17:27:14,094 [INFO] Waking up to check market conditions...
2026-04-17 17:27:14,128 [INFO] No valid setup. Waiting.
2026-04-17 17:27:14,129 [INFO] Pairs:XAUUSD
2026-04-17 17:27:14,129 [INFO] Sleeping for 1.0 minutes...
2026-04-17 17:28:11,506 [INFO] Waking up to check market conditions...
2026-04-17 17:28:11,553 [INFO] No valid setup. Waiting.
2026-04-17 17:28:11,554 [INFO] Pairs:BTCUSD
2026-04-17 17:28:11,555 [INFO] Sleeping for 1.0 minutes...
2026-04-17 17:28:14,129 [INFO] Waking up to check market conditions...
2026-04-17 17:28:14,177 [INFO] No valid setup. Waiting.
2026-04-17 17:28:14,178 [INFO] Pairs:XAUUSD
2026-04-17 17:28:14,178 [INFO] Sleeping for 1.0 minutes...
2026-04-17 17:29:11,555 [INFO] Waking up to check market conditions...
2026-04-17 17:29:11,605 [INFO] No valid setup. Waiting.
2026-04-17 17:29:11,605 [INFO] Pairs:BTCUSD
2026-04-17 17:29:11,606 [INFO] Sleeping for 1.0 minutes...
2026-04-17 17:29:14,179 [INFO] Waking up to check market conditions...
2026-04-17 17:29:14,216 [INFO] No valid setup. Waiting.
2026-04-17 17:29:14,216 [INFO] Pairs:XAUUSD
2026-04-17 17:29:14,216 [INFO] Sleeping for 1.0 minutes...
2026-04-17 17:30:11,606 [INFO] Waking up to check market conditions...
2026-04-17 17:30:11,654 [INFO] No valid setup. Waiting.
2026-04-17 17:30:11,655 [INFO] Pairs:BTCUSD
2026-04-17 17:30:11,655 [INFO] Sleeping for 1.0 minutes...
2026-04-17 17:30:14,217 [INFO] Waking up to check market conditions...
2026-04-17 17:30:14,249 [INFO] No valid setup. Waiting.
2026-04-17 17:30:14,250 [INFO] Pairs:XAUUSD
2026-04-17 17:30:14,250 [INFO] Sleeping for 1.0 minutes...
2026-04-17 17:31:11,656 [INFO] Waking up to check market conditions...
2026-04-17 17:31:11,701 [INFO] No valid setup. Waiting.
2026-04-17 17:31:11,701 [INFO] Pairs:BTCUSD
2026-04-17 17:31:11,702 [INFO] Sleeping for 1.0 minutes...
2026-04-17 17:31:14,251 [INFO] Waking up to check market conditions...
2026-04-17 17:31:14,286 [INFO] No valid setup. Waiting.
2026-04-17 17:31:14,286 [INFO] Pairs:XAUUSD
2026-04-17 17:31:14,287 [INFO] Sleeping for 1.0 minutes...
2026-04-17 17:32:11,703 [INFO] Waking up to check market conditions...
2026-04-17 17:32:11,752 [INFO] No valid setup. Waiting.
2026-04-17 17:32:11,753 [INFO] Pairs:BTCUSD
2026-04-17 17:32:11,753 [INFO] Sleeping for 1.0 minutes...
2026-04-17 17:32:14,287 [INFO] Waking up to check market conditions...
2026-04-17 17:32:14,327 [INFO] No valid setup. Waiting.
2026-04-17 17:32:14,327 [INFO] Pairs:XAUUSD
2026-04-17 17:32:14,328 [INFO] Sleeping for 1.0 minutes...
2026-04-17 17:33:11,754 [INFO] Waking up to check market conditions...
2026-04-17 17:33:11,802 [INFO] No valid setup. Waiting.
2026-04-17 17:33:11,803 [INFO] Pairs:BTCUSD
2026-04-17 17:33:11,803 [INFO] Sleeping for 1.0 minutes...
2026-04-17 17:33:14,328 [INFO] Waking up to check market conditions...
2026-04-17 17:33:14,363 [INFO] No valid setup. Waiting.
2026-04-17 17:33:14,363 [INFO] Pairs:XAUUSD
2026-04-17 17:33:14,364 [INFO] Sleeping for 1.0 minutes...
2026-04-17 17:34:11,804 [INFO] Waking up to check market conditions...
2026-04-17 17:34:11,848 [INFO] No valid setup. Waiting.
2026-04-17 17:34:11,849 [INFO] Pairs:BTCUSD
2026-04-17 17:34:11,849 [INFO] Sleeping for 1.0 minutes...
2026-04-17 17:34:14,364 [INFO] Waking up to check market conditions...
2026-04-17 17:34:14,400 [INFO] No valid setup. Waiting.
2026-04-17 17:34:14,400 [INFO] Pairs:XAUUSD
2026-04-17 17:34:14,400 [INFO] Sleeping for 1.0 minutes...
2026-04-17 17:35:11,850 [INFO] Waking up to check market conditions...
2026-04-17 17:35:11,899 [INFO] No valid setup. Waiting.
2026-04-17 17:35:11,900 [INFO] Pairs:BTCUSD
2026-04-17 17:35:11,900 [INFO] Sleeping for 1.0 minutes...
2026-04-17 17:35:14,401 [INFO] Waking up to check market conditions...
2026-04-17 17:35:14,439 [INFO] No valid setup. Waiting.
2026-04-17 17:35:14,439 [INFO] Pairs:XAUUSD
2026-04-17 17:35:14,440 [INFO] Sleeping for 1.0 minutes...
2026-04-17 17:36:11,901 [INFO] Waking up to check market conditions...
2026-04-17 17:36:11,953 [INFO] No valid setup. Waiting.
2026-04-17 17:36:11,953 [INFO] Pairs:BTCUSD
2026-04-17 17:36:11,953 [INFO] Sleeping for 1.0 minutes...
2026-04-17 17:36:14,440 [INFO] Waking up to check market conditions...
2026-04-17 17:36:14,475 [INFO] No valid setup. Waiting.
2026-04-17 17:36:14,475 [INFO] Pairs:XAUUSD
2026-04-17 17:36:14,475 [INFO] Sleeping for 1.0 minutes...
2026-04-17 17:37:11,954 [INFO] Waking up to check market conditions...
2026-04-17 17:37:12,003 [INFO] No valid setup. Waiting.
2026-04-17 17:37:12,003 [INFO] Pairs:BTCUSD
2026-04-17 17:37:12,004 [INFO] Sleeping for 1.0 minutes...
2026-04-17 17:37:14,476 [INFO] Waking up to check market conditions...
2026-04-17 17:37:14,548 [INFO] No valid setup. Waiting.
2026-04-17 17:37:14,549 [INFO] Pairs:XAUUSD
2026-04-17 17:37:14,549 [INFO] Sleeping for 1.0 minutes...
2026-04-17 17:38:12,004 [INFO] Waking up to check market conditions...
2026-04-17 17:38:12,052 [INFO] No valid setup. Waiting.
2026-04-17 17:38:12,053 [INFO] Pairs:BTCUSD
2026-04-17 17:38:12,053 [INFO] Sleeping for 1.0 minutes...
2026-04-17 17:38:14,550 [INFO] Waking up to check market conditions...
2026-04-17 17:38:14,586 [INFO] No valid setup. Waiting.
2026-04-17 17:38:14,586 [INFO] Pairs:XAUUSD
2026-04-17 17:38:14,587 [INFO] Sleeping for 1.0 minutes...
2026-04-17 17:39:12,053 [INFO] Waking up to check market conditions...
2026-04-17 17:39:12,102 [INFO] No valid setup. Waiting.
2026-04-17 17:39:12,102 [INFO] Pairs:BTCUSD
2026-04-17 17:39:12,103 [INFO] Sleeping for 1.0 minutes...
2026-04-17 17:39:14,587 [INFO] Waking up to check market conditions...
2026-04-17 17:39:14,623 [INFO] No valid setup. Waiting.
2026-04-17 17:39:14,623 [INFO] Pairs:XAUUSD
2026-04-17 17:39:14,624 [INFO] Sleeping for 1.0 minutes...
2026-04-17 17:40:12,104 [INFO] Waking up to check market conditions...
2026-04-17 17:40:12,151 [INFO] No valid setup. Waiting.
2026-04-17 17:40:12,152 [INFO] Pairs:BTCUSD
2026-04-17 17:40:12,152 [INFO] Sleeping for 1.0 minutes...
2026-04-17 17:40:14,624 [INFO] Waking up to check market conditions...
2026-04-17 17:40:14,660 [INFO] No valid setup. Waiting.
2026-04-17 17:40:14,660 [INFO] Pairs:XAUUSD
2026-04-17 17:40:14,661 [INFO] Sleeping for 1.0 minutes...
2026-04-17 17:41:12,153 [INFO] Waking up to check market conditions...
2026-04-17 17:41:12,199 [INFO] No valid setup. Waiting.
2026-04-17 17:41:12,199 [INFO] Pairs:BTCUSD
2026-04-17 17:41:12,200 [INFO] Sleeping for 1.0 minutes...
2026-04-17 17:41:14,661 [INFO] Waking up to check market conditions...
2026-04-17 17:41:14,703 [INFO] No valid setup. Waiting.
2026-04-17 17:41:14,703 [INFO] Pairs:XAUUSD
2026-04-17 17:41:14,703 [INFO] Sleeping for 1.0 minutes...
2026-04-17 17:42:12,200 [INFO] Waking up to check market conditions...
2026-04-17 17:42:12,248 [INFO] No valid setup. Waiting.
2026-04-17 17:42:12,249 [INFO] Pairs:BTCUSD
2026-04-17 17:42:12,249 [INFO] Sleeping for 1.0 minutes...
2026-04-17 17:42:14,704 [INFO] Waking up to check market conditions...
2026-04-17 17:42:14,736 [INFO] No valid setup. Waiting.
2026-04-17 17:42:14,737 [INFO] Pairs:XAUUSD
2026-04-17 17:42:14,737 [INFO] Sleeping for 1.0 minutes...
2026-04-17 17:43:12,250 [INFO] Waking up to check market conditions...
2026-04-17 17:43:12,297 [INFO] No valid setup. Waiting.
2026-04-17 17:43:12,297 [INFO] Pairs:BTCUSD
2026-04-17 17:43:12,298 [INFO] Sleeping for 1.0 minutes...
2026-04-17 17:43:14,738 [INFO] Waking up to check market conditions...
2026-04-17 17:43:14,775 [INFO] No valid setup. Waiting.
2026-04-17 17:43:14,775 [INFO] Pairs:XAUUSD
2026-04-17 17:43:14,776 [INFO] Sleeping for 1.0 minutes...
2026-04-17 17:44:12,298 [INFO] Waking up to check market conditions...
2026-04-17 17:44:12,347 [INFO] No valid setup. Waiting.
2026-04-17 17:44:12,347 [INFO] Pairs:BTCUSD
2026-04-17 17:44:12,348 [INFO] Sleeping for 1.0 minutes...
2026-04-17 17:44:14,776 [INFO] Waking up to check market conditions...
2026-04-17 17:44:14,814 [INFO] No valid setup. Waiting.
2026-04-17 17:44:14,815 [INFO] Pairs:XAUUSD
2026-04-17 17:44:14,815 [INFO] Sleeping for 1.0 minutes...
2026-04-17 17:45:12,348 [INFO] Waking up to check market conditions...
2026-04-17 17:45:12,409 [INFO] No valid setup. Waiting.
2026-04-17 17:45:12,410 [INFO] Pairs:BTCUSD
2026-04-17 17:45:12,410 [INFO] Sleeping for 1.0 minutes...
2026-04-17 17:45:14,815 [INFO] Waking up to check market conditions...
2026-04-17 17:45:14,855 [INFO] No valid setup. Waiting.
2026-04-17 17:45:14,855 [INFO] Pairs:XAUUSD
2026-04-17 17:45:14,856 [INFO] Sleeping for 1.0 minutes...
2026-04-17 17:46:12,411 [INFO] Waking up to check market conditions...
2026-04-17 17:46:12,464 [INFO] No valid setup. Waiting.
2026-04-17 17:46:12,465 [INFO] Pairs:BTCUSD
2026-04-17 17:46:12,465 [INFO] Sleeping for 1.0 minutes...
2026-04-17 17:46:14,856 [INFO] Waking up to check market conditions...
2026-04-17 17:46:14,891 [INFO] No valid setup. Waiting.
2026-04-17 17:46:14,892 [INFO] Pairs:XAUUSD
2026-04-17 17:46:14,892 [INFO] Sleeping for 1.0 minutes...
2026-04-17 17:47:12,466 [INFO] Waking up to check market conditions...
2026-04-17 17:47:12,512 [INFO] No valid setup. Waiting.
2026-04-17 17:47:12,513 [INFO] Pairs:BTCUSD
2026-04-17 17:47:12,513 [INFO] Sleeping for 1.0 minutes...
2026-04-17 17:47:14,893 [INFO] Waking up to check market conditions...
2026-04-17 17:47:14,932 [INFO] No valid setup. Waiting.
2026-04-17 17:47:14,932 [INFO] Pairs:XAUUSD
2026-04-17 17:47:14,932 [INFO] Sleeping for 1.0 minutes...
2026-04-17 17:48:12,514 [INFO] Waking up to check market conditions...
2026-04-17 17:48:12,563 [INFO] No valid setup. Waiting.
2026-04-17 17:48:12,564 [INFO] Pairs:BTCUSD
2026-04-17 17:48:12,564 [INFO] Sleeping for 1.0 minutes...
2026-04-17 17:48:14,933 [INFO] Waking up to check market conditions...
2026-04-17 17:48:14,968 [INFO] No valid setup. Waiting.
2026-04-17 17:48:14,969 [INFO] Pairs:XAUUSD
2026-04-17 17:48:14,969 [INFO] Sleeping for 1.0 minutes...
2026-04-17 17:49:12,565 [INFO] Waking up to check market conditions...
2026-04-17 17:49:12,617 [INFO] No valid setup. Waiting.
2026-04-17 17:49:12,618 [INFO] Pairs:BTCUSD
2026-04-17 17:49:12,618 [INFO] Sleeping for 1.0 minutes...
2026-04-17 17:49:14,970 [INFO] Waking up to check market conditions...
2026-04-17 17:49:15,003 [INFO] No valid setup. Waiting.
2026-04-17 17:49:15,004 [INFO] Pairs:XAUUSD
2026-04-17 17:49:15,004 [INFO] Sleeping for 1.0 minutes...
2026-04-17 17:50:12,619 [INFO] Waking up to check market conditions...
2026-04-17 17:50:12,669 [INFO] No valid setup. Waiting.
2026-04-17 17:50:12,669 [INFO] Pairs:BTCUSD
2026-04-17 17:50:12,670 [INFO] Sleeping for 1.0 minutes...
2026-04-17 17:50:15,005 [INFO] Waking up to check market conditions...
2026-04-17 17:50:15,040 [INFO] No valid setup. Waiting.
2026-04-17 17:50:15,041 [INFO] Pairs:XAUUSD
2026-04-17 17:50:15,041 [INFO] Sleeping for 1.0 minutes...
2026-04-17 17:51:12,671 [INFO] Waking up to check market conditions...
2026-04-17 17:51:12,717 [INFO] No valid setup. Waiting.
2026-04-17 17:51:12,718 [INFO] Pairs:BTCUSD
2026-04-17 17:51:12,718 [INFO] Sleeping for 1.0 minutes...
2026-04-17 17:51:15,042 [INFO] Waking up to check market conditions...
2026-04-17 17:51:15,078 [INFO] No valid setup. Waiting.
2026-04-17 17:51:15,079 [INFO] Pairs:XAUUSD
2026-04-17 17:51:15,079 [INFO] Sleeping for 1.0 minutes...
2026-04-17 17:52:12,719 [INFO] Waking up to check market conditions...
2026-04-17 17:52:12,766 [INFO] No valid setup. Waiting.
2026-04-17 17:52:12,766 [INFO] Pairs:BTCUSD
2026-04-17 17:52:12,767 [INFO] Sleeping for 1.0 minutes...
2026-04-17 17:52:15,080 [INFO] Waking up to check market conditions...
2026-04-17 17:52:15,115 [INFO] No valid setup. Waiting.
2026-04-17 17:52:15,115 [INFO] Pairs:XAUUSD
2026-04-17 17:52:15,115 [INFO] Sleeping for 1.0 minutes...
2026-04-17 17:53:12,767 [INFO] Waking up to check market conditions...
2026-04-17 17:53:12,815 [INFO] No valid setup. Waiting.
2026-04-17 17:53:12,815 [INFO] Pairs:BTCUSD
2026-04-17 17:53:12,815 [INFO] Sleeping for 1.0 minutes...
2026-04-17 17:53:15,116 [INFO] Waking up to check market conditions...
2026-04-17 17:53:15,151 [INFO] No valid setup. Waiting.
2026-04-17 17:53:15,151 [INFO] Pairs:XAUUSD
2026-04-17 17:53:15,152 [INFO] Sleeping for 1.0 minutes...
2026-04-17 17:54:12,816 [INFO] Waking up to check market conditions...
2026-04-17 17:54:12,874 [INFO] No valid setup. Waiting.
2026-04-17 17:54:12,875 [INFO] Pairs:BTCUSD
2026-04-17 17:54:12,875 [INFO] Sleeping for 1.0 minutes...
2026-04-17 17:54:15,152 [INFO] Waking up to check market conditions...
2026-04-17 17:54:15,186 [INFO] No valid setup. Waiting.
2026-04-17 17:54:15,187 [INFO] Pairs:XAUUSD
2026-04-17 17:54:15,187 [INFO] Sleeping for 1.0 minutes...
2026-04-17 17:55:12,876 [INFO] Waking up to check market conditions...
2026-04-17 17:55:12,926 [INFO] No valid setup. Waiting.
2026-04-17 17:55:12,927 [INFO] Pairs:BTCUSD
2026-04-17 17:55:12,927 [INFO] Sleeping for 1.0 minutes...
2026-04-17 17:55:15,188 [INFO] Waking up to check market conditions...
2026-04-17 17:55:15,225 [INFO] No valid setup. Waiting.
2026-04-17 17:55:15,225 [INFO] Pairs:XAUUSD
2026-04-17 17:55:15,225 [INFO] Sleeping for 1.0 minutes...
2026-04-17 17:56:12,928 [INFO] Waking up to check market conditions...
2026-04-17 17:56:12,976 [INFO] No valid setup. Waiting.
2026-04-17 17:56:12,977 [INFO] Pairs:BTCUSD
2026-04-17 17:56:12,977 [INFO] Sleeping for 1.0 minutes...
2026-04-17 17:56:15,226 [INFO] Waking up to check market conditions...
2026-04-17 17:56:15,263 [INFO] No valid setup. Waiting.
2026-04-17 17:56:15,264 [INFO] Pairs:XAUUSD
2026-04-17 17:56:15,264 [INFO] Sleeping for 1.0 minutes...
2026-04-17 17:57:12,978 [INFO] Waking up to check market conditions...
2026-04-17 17:57:13,027 [INFO] No valid setup. Waiting.
2026-04-17 17:57:13,027 [INFO] Pairs:BTCUSD
2026-04-17 17:57:13,027 [INFO] Sleeping for 1.0 minutes...
2026-04-17 17:57:15,264 [INFO] Waking up to check market conditions...
2026-04-17 17:57:15,299 [INFO] No valid setup. Waiting.
2026-04-17 17:57:15,300 [INFO] Pairs:XAUUSD
2026-04-17 17:57:15,300 [INFO] Sleeping for 1.0 minutes...
2026-04-17 17:58:13,028 [INFO] Waking up to check market conditions...
2026-04-17 17:58:13,084 [INFO] No valid setup. Waiting.
2026-04-17 17:58:13,084 [INFO] Pairs:BTCUSD
2026-04-17 17:58:13,085 [INFO] Sleeping for 1.0 minutes...
2026-04-17 17:58:15,301 [INFO] Waking up to check market conditions...
2026-04-17 17:58:15,335 [INFO] No valid setup. Waiting.
2026-04-17 17:58:15,336 [INFO] Pairs:XAUUSD
2026-04-17 17:58:15,336 [INFO] Sleeping for 1.0 minutes...
2026-04-17 17:59:13,085 [INFO] Waking up to check market conditions...
2026-04-17 17:59:13,131 [INFO] No valid setup. Waiting.
2026-04-17 17:59:13,132 [INFO] Pairs:BTCUSD
2026-04-17 17:59:13,132 [INFO] Sleeping for 1.0 minutes...
2026-04-17 17:59:15,337 [INFO] Waking up to check market conditions...
2026-04-17 17:59:15,372 [INFO] No valid setup. Waiting.
2026-04-17 17:59:15,373 [INFO] Pairs:XAUUSD
2026-04-17 17:59:15,373 [INFO] Sleeping for 1.0 minutes...
2026-04-17 18:00:13,133 [INFO] Waking up to check market conditions...
2026-04-17 18:00:13,185 [INFO] No valid setup. Waiting.
2026-04-17 18:00:13,185 [INFO] Pairs:BTCUSD
2026-04-17 18:00:13,186 [INFO] Sleeping for 1.0 minutes...
2026-04-17 18:00:15,374 [INFO] Waking up to check market conditions...
2026-04-17 18:00:15,409 [INFO] No valid setup. Waiting.
2026-04-17 18:00:15,409 [INFO] Pairs:XAUUSD
2026-04-17 18:00:15,410 [INFO] Sleeping for 1.0 minutes...
2026-04-17 18:01:13,186 [INFO] Waking up to check market conditions...
2026-04-17 18:01:13,244 [INFO] No valid setup. Waiting.
2026-04-17 18:01:13,244 [INFO] Pairs:BTCUSD
2026-04-17 18:01:13,244 [INFO] Sleeping for 1.0 minutes...
2026-04-17 18:01:15,410 [INFO] Waking up to check market conditions...
2026-04-17 18:01:15,445 [INFO] Cancelling 1 pending order(s): no valid sweep/BOS setup
2026-04-17 18:01:15,707 [INFO] Canceled stale pending order ticket=288685720
2026-04-17 18:01:15,707 [INFO] No valid setup. Waiting.
2026-04-17 18:01:15,708 [INFO] Pairs:XAUUSD
2026-04-17 18:01:15,708 [INFO] Sleeping for 1.0 minutes...
2026-04-17 18:02:13,245 [INFO] Waking up to check market conditions...
2026-04-17 18:02:13,293 [INFO] No valid setup. Waiting.
2026-04-17 18:02:13,293 [INFO] Pairs:BTCUSD
2026-04-17 18:02:13,294 [INFO] Sleeping for 1.0 minutes...
2026-04-17 18:02:15,709 [INFO] Waking up to check market conditions...
2026-04-17 18:02:15,745 [INFO] No valid setup. Waiting.
2026-04-17 18:02:15,746 [INFO] Pairs:XAUUSD
2026-04-17 18:02:15,746 [INFO] Sleeping for 1.0 minutes...
2026-04-17 18:03:13,294 [INFO] Waking up to check market conditions...
2026-04-17 18:03:13,352 [INFO] No valid setup. Waiting.
2026-04-17 18:03:13,352 [INFO] Pairs:BTCUSD
2026-04-17 18:03:13,353 [INFO] Sleeping for 1.0 minutes...
2026-04-17 18:03:15,747 [INFO] Waking up to check market conditions...
2026-04-17 18:03:15,780 [INFO] No valid setup. Waiting.
2026-04-17 18:03:15,781 [INFO] Pairs:XAUUSD
2026-04-17 18:03:15,781 [INFO] Sleeping for 1.0 minutes...
2026-04-17 18:04:13,354 [INFO] Waking up to check market conditions...
2026-04-17 18:04:13,399 [INFO] No valid setup. Waiting.
2026-04-17 18:04:13,399 [INFO] Pairs:BTCUSD
2026-04-17 18:04:13,399 [INFO] Sleeping for 1.0 minutes...
2026-04-17 18:04:15,782 [INFO] Waking up to check market conditions...
2026-04-17 18:04:15,815 [INFO] No valid setup. Waiting.
2026-04-17 18:04:15,816 [INFO] Pairs:XAUUSD
2026-04-17 18:04:15,816 [INFO] Sleeping for 1.0 minutes...
2026-04-17 18:05:13,400 [INFO] Waking up to check market conditions...
2026-04-17 18:05:13,449 [INFO] No valid setup. Waiting.
2026-04-17 18:05:13,449 [INFO] Pairs:BTCUSD
2026-04-17 18:05:13,449 [INFO] Sleeping for 1.0 minutes...
2026-04-17 18:05:15,817 [INFO] Waking up to check market conditions...
2026-04-17 18:05:15,859 [INFO] No valid setup. Waiting.
2026-04-17 18:05:15,859 [INFO] Pairs:XAUUSD
2026-04-17 18:05:15,859 [INFO] Sleeping for 1.0 minutes...
2026-04-17 18:06:13,450 [INFO] Waking up to check market conditions...
2026-04-17 18:06:13,498 [INFO] No valid setup. Waiting.
2026-04-17 18:06:13,499 [INFO] Pairs:BTCUSD
2026-04-17 18:06:13,499 [INFO] Sleeping for 1.0 minutes...
2026-04-17 18:06:15,860 [INFO] Waking up to check market conditions...
2026-04-17 18:06:15,895 [INFO] No valid setup. Waiting.
2026-04-17 18:06:15,895 [INFO] Pairs:XAUUSD
2026-04-17 18:06:15,895 [INFO] Sleeping for 1.0 minutes...
2026-04-17 18:07:13,500 [INFO] Waking up to check market conditions...
2026-04-17 18:07:13,556 [INFO] No valid setup. Waiting.
2026-04-17 18:07:13,556 [INFO] Pairs:BTCUSD
2026-04-17 18:07:13,557 [INFO] Sleeping for 1.0 minutes...
2026-04-17 18:07:15,896 [INFO] Waking up to check market conditions...
2026-04-17 18:07:15,931 [INFO] No valid setup. Waiting.
2026-04-17 18:07:15,931 [INFO] Pairs:XAUUSD
2026-04-17 18:07:15,932 [INFO] Sleeping for 1.0 minutes...
2026-04-17 18:08:13,557 [INFO] Waking up to check market conditions...
2026-04-17 18:08:13,607 [INFO] No valid setup. Waiting.
2026-04-17 18:08:13,607 [INFO] Pairs:BTCUSD
2026-04-17 18:08:13,607 [INFO] Sleeping for 1.0 minutes...
2026-04-17 18:08:15,932 [INFO] Waking up to check market conditions...
2026-04-17 18:08:15,967 [INFO] No valid setup. Waiting.
2026-04-17 18:08:15,968 [INFO] Pairs:XAUUSD
2026-04-17 18:08:15,968 [INFO] Sleeping for 1.0 minutes...
2026-04-17 18:09:13,608 [INFO] Waking up to check market conditions...
2026-04-17 18:09:13,660 [INFO] No valid setup. Waiting.
2026-04-17 18:09:13,660 [INFO] Pairs:BTCUSD
2026-04-17 18:09:13,661 [INFO] Sleeping for 1.0 minutes...
2026-04-17 18:09:15,969 [INFO] Waking up to check market conditions...
2026-04-17 18:09:16,004 [INFO] No valid setup. Waiting.
2026-04-17 18:09:16,005 [INFO] Pairs:XAUUSD
2026-04-17 18:09:16,005 [INFO] Sleeping for 1.0 minutes...
2026-04-17 18:10:13,661 [INFO] Waking up to check market conditions...
2026-04-17 18:10:13,710 [INFO] No valid setup. Waiting.
2026-04-17 18:10:13,711 [INFO] Pairs:BTCUSD
2026-04-17 18:10:13,711 [INFO] Sleeping for 1.0 minutes...
2026-04-17 18:10:16,006 [INFO] Waking up to check market conditions...
2026-04-17 18:10:16,041 [INFO] No valid setup. Waiting.
2026-04-17 18:10:16,041 [INFO] Pairs:XAUUSD
2026-04-17 18:10:16,041 [INFO] Sleeping for 1.0 minutes...
2026-04-17 18:11:13,712 [INFO] Waking up to check market conditions...
2026-04-17 18:11:13,759 [INFO] No valid setup. Waiting.
2026-04-17 18:11:13,759 [INFO] Pairs:BTCUSD
2026-04-17 18:11:13,760 [INFO] Sleeping for 1.0 minutes...
2026-04-17 18:11:16,042 [INFO] Waking up to check market conditions...
2026-04-17 18:11:16,084 [INFO] No valid setup. Waiting.
2026-04-17 18:11:16,084 [INFO] Pairs:XAUUSD
2026-04-17 18:11:16,084 [INFO] Sleeping for 1.0 minutes...
2026-04-17 18:12:13,760 [INFO] Waking up to check market conditions...
2026-04-17 18:12:13,808 [INFO] No valid setup. Waiting.
2026-04-17 18:12:13,809 [INFO] Pairs:BTCUSD
2026-04-17 18:12:13,809 [INFO] Sleeping for 1.0 minutes...
2026-04-17 18:12:16,085 [INFO] Waking up to check market conditions...
2026-04-17 18:12:16,121 [INFO] No valid setup. Waiting.
2026-04-17 18:12:16,122 [INFO] Pairs:XAUUSD
2026-04-17 18:12:16,122 [INFO] Sleeping for 1.0 minutes...
2026-04-17 18:13:13,810 [INFO] Waking up to check market conditions...
2026-04-17 18:13:13,870 [INFO] No valid setup. Waiting.
2026-04-17 18:13:13,871 [INFO] Pairs:BTCUSD
2026-04-17 18:13:13,871 [INFO] Sleeping for 1.0 minutes...
2026-04-17 18:13:16,123 [INFO] Waking up to check market conditions...
2026-04-17 18:13:16,159 [INFO] No valid setup. Waiting.
2026-04-17 18:13:16,159 [INFO] Pairs:XAUUSD
2026-04-17 18:13:16,160 [INFO] Sleeping for 1.0 minutes...
2026-04-17 18:14:13,872 [INFO] Waking up to check market conditions...
2026-04-17 18:14:13,921 [INFO] No valid setup. Waiting.
2026-04-17 18:14:13,921 [INFO] Pairs:BTCUSD
2026-04-17 18:14:13,922 [INFO] Sleeping for 1.0 minutes...
2026-04-17 18:14:16,160 [INFO] Waking up to check market conditions...
2026-04-17 18:14:16,203 [INFO] No valid setup. Waiting.
2026-04-17 18:14:16,204 [INFO] Pairs:XAUUSD
2026-04-17 18:14:16,204 [INFO] Sleeping for 1.0 minutes...
2026-04-17 18:15:13,922 [INFO] Waking up to check market conditions...
2026-04-17 18:15:13,967 [INFO] No valid setup. Waiting.
2026-04-17 18:15:13,968 [INFO] Pairs:BTCUSD
2026-04-17 18:15:13,968 [INFO] Sleeping for 1.0 minutes...
2026-04-17 18:15:16,205 [INFO] Waking up to check market conditions...
2026-04-17 18:15:16,250 [INFO] No valid setup. Waiting.
2026-04-17 18:15:16,250 [INFO] Pairs:XAUUSD
2026-04-17 18:15:16,251 [INFO] Sleeping for 1.0 minutes...
2026-04-17 18:16:13,969 [INFO] Waking up to check market conditions...
2026-04-17 18:16:14,020 [INFO] No valid setup. Waiting.
2026-04-17 18:16:14,020 [INFO] Pairs:BTCUSD
2026-04-17 18:16:14,020 [INFO] Sleeping for 1.0 minutes...
2026-04-17 18:16:16,251 [INFO] Waking up to check market conditions...
2026-04-17 18:16:16,286 [INFO] No valid setup. Waiting.
2026-04-17 18:16:16,287 [INFO] Pairs:XAUUSD
2026-04-17 18:16:16,287 [INFO] Sleeping for 1.0 minutes...
2026-04-17 18:17:14,021 [INFO] Waking up to check market conditions...
2026-04-17 18:17:14,070 [INFO] No valid setup. Waiting.
2026-04-17 18:17:14,071 [INFO] Pairs:BTCUSD
2026-04-17 18:17:14,071 [INFO] Sleeping for 1.0 minutes...
2026-04-17 18:17:16,288 [INFO] Waking up to check market conditions...
2026-04-17 18:17:16,323 [INFO] No valid setup. Waiting.
2026-04-17 18:17:16,324 [INFO] Pairs:XAUUSD
2026-04-17 18:17:16,324 [INFO] Sleeping for 1.0 minutes...
2026-04-17 18:18:14,072 [INFO] Waking up to check market conditions...
2026-04-17 18:18:14,119 [INFO] No valid setup. Waiting.
2026-04-17 18:18:14,119 [INFO] Pairs:BTCUSD
2026-04-17 18:18:14,120 [INFO] Sleeping for 1.0 minutes...
2026-04-17 18:18:16,324 [INFO] Waking up to check market conditions...
2026-04-17 18:18:16,361 [INFO] No valid setup. Waiting.
2026-04-17 18:18:16,362 [INFO] Pairs:XAUUSD
2026-04-17 18:18:16,362 [INFO] Sleeping for 1.0 minutes...
2026-04-17 18:19:14,120 [INFO] Waking up to check market conditions...
2026-04-17 18:19:14,166 [INFO] No valid setup. Waiting.
2026-04-17 18:19:14,166 [INFO] Pairs:BTCUSD
2026-04-17 18:19:14,167 [INFO] Sleeping for 1.0 minutes...
2026-04-17 18:19:16,363 [INFO] Waking up to check market conditions...
2026-04-17 18:19:16,395 [INFO] No valid setup. Waiting.
2026-04-17 18:19:16,395 [INFO] Pairs:XAUUSD
2026-04-17 18:19:16,396 [INFO] Sleeping for 1.0 minutes...
2026-04-17 18:20:14,167 [INFO] Waking up to check market conditions...
2026-04-17 18:20:14,213 [INFO] No valid setup. Waiting.
2026-04-17 18:20:14,214 [INFO] Pairs:BTCUSD
2026-04-17 18:20:14,214 [INFO] Sleeping for 1.0 minutes...
2026-04-17 18:20:16,396 [INFO] Waking up to check market conditions...
2026-04-17 18:20:16,430 [INFO] No valid setup. Waiting.
2026-04-17 18:20:16,431 [INFO] Pairs:XAUUSD
2026-04-17 18:20:16,431 [INFO] Sleeping for 1.0 minutes...
2026-04-17 18:21:14,215 [INFO] Waking up to check market conditions...
2026-04-17 18:21:14,264 [INFO] No valid setup. Waiting.
2026-04-17 18:21:14,264 [INFO] Pairs:BTCUSD
2026-04-17 18:21:14,265 [INFO] Sleeping for 1.0 minutes...
2026-04-17 18:21:16,432 [INFO] Waking up to check market conditions...
2026-04-17 18:21:16,474 [INFO] No valid setup. Waiting.
2026-04-17 18:21:16,475 [INFO] Pairs:XAUUSD
2026-04-17 18:21:16,475 [INFO] Sleeping for 1.0 minutes...
2026-04-17 18:22:14,265 [INFO] Waking up to check market conditions...
2026-04-17 18:22:14,322 [INFO] No valid setup. Waiting.
2026-04-17 18:22:14,322 [INFO] Pairs:BTCUSD
2026-04-17 18:22:14,323 [INFO] Sleeping for 1.0 minutes...
2026-04-17 18:22:16,476 [INFO] Waking up to check market conditions...
2026-04-17 18:22:16,510 [INFO] No valid setup. Waiting.
2026-04-17 18:22:16,510 [INFO] Pairs:XAUUSD
2026-04-17 18:22:16,511 [INFO] Sleeping for 1.0 minutes...
2026-04-17 18:23:14,323 [INFO] Waking up to check market conditions...
2026-04-17 18:23:14,370 [INFO] No valid setup. Waiting.
2026-04-17 18:23:14,371 [INFO] Pairs:BTCUSD
2026-04-17 18:23:14,372 [INFO] Sleeping for 1.0 minutes...
2026-04-17 18:23:16,511 [INFO] Waking up to check market conditions...
2026-04-17 18:23:16,547 [INFO] No valid setup. Waiting.
2026-04-17 18:23:16,547 [INFO] Pairs:XAUUSD
2026-04-17 18:23:16,548 [INFO] Sleeping for 1.0 minutes...
2026-04-17 18:24:14,372 [INFO] Waking up to check market conditions...
2026-04-17 18:24:14,420 [INFO] No valid setup. Waiting.
2026-04-17 18:24:14,421 [INFO] Pairs:BTCUSD
2026-04-17 18:24:14,421 [INFO] Sleeping for 1.0 minutes...
2026-04-17 18:24:16,548 [INFO] Waking up to check market conditions...
2026-04-17 18:24:16,588 [INFO] No valid setup. Waiting.
2026-04-17 18:24:16,589 [INFO] Pairs:XAUUSD
2026-04-17 18:24:16,589 [INFO] Sleeping for 1.0 minutes...
2026-04-17 18:25:14,422 [INFO] Waking up to check market conditions...
2026-04-17 18:25:14,470 [INFO] No valid setup. Waiting.
2026-04-17 18:25:14,471 [INFO] Pairs:BTCUSD
2026-04-17 18:25:14,471 [INFO] Sleeping for 1.0 minutes...
2026-04-17 18:25:16,590 [INFO] Waking up to check market conditions...
2026-04-17 18:25:16,626 [INFO] No valid setup. Waiting.
2026-04-17 18:25:16,626 [INFO] Pairs:XAUUSD
2026-04-17 18:25:16,626 [INFO] Sleeping for 1.0 minutes...
2026-04-17 18:26:14,472 [INFO] Waking up to check market conditions...
2026-04-17 18:26:14,520 [INFO] No valid setup. Waiting.
2026-04-17 18:26:14,520 [INFO] Pairs:BTCUSD
2026-04-17 18:26:14,521 [INFO] Sleeping for 1.0 minutes...
2026-04-17 18:26:16,627 [INFO] Waking up to check market conditions...
2026-04-17 18:26:16,663 [INFO] No valid setup. Waiting.
2026-04-17 18:26:16,663 [INFO] Pairs:XAUUSD
2026-04-17 18:26:16,664 [INFO] Sleeping for 1.0 minutes...
2026-04-17 18:27:14,522 [INFO] Waking up to check market conditions...
2026-04-17 18:27:14,570 [INFO] No valid setup. Waiting.
2026-04-17 18:27:14,571 [INFO] Pairs:BTCUSD
2026-04-17 18:27:14,571 [INFO] Sleeping for 1.0 minutes...
2026-04-17 18:27:16,664 [INFO] Waking up to check market conditions...
2026-04-17 18:27:16,709 [INFO] No valid setup. Waiting.
2026-04-17 18:27:16,710 [INFO] Pairs:XAUUSD
2026-04-17 18:27:16,710 [INFO] Sleeping for 1.0 minutes...
2026-04-17 18:28:14,572 [INFO] Waking up to check market conditions...
2026-04-17 18:28:14,617 [INFO] No valid setup. Waiting.
2026-04-17 18:28:14,618 [INFO] Pairs:BTCUSD
2026-04-17 18:28:14,618 [INFO] Sleeping for 1.0 minutes...
2026-04-17 18:28:16,711 [INFO] Waking up to check market conditions...
2026-04-17 18:28:16,745 [INFO] No valid setup. Waiting.
2026-04-17 18:28:16,746 [INFO] Pairs:XAUUSD
2026-04-17 18:28:16,746 [INFO] Sleeping for 1.0 minutes...
2026-04-17 18:29:14,618 [INFO] Waking up to check market conditions...
2026-04-17 18:29:14,670 [INFO] No valid setup. Waiting.
2026-04-17 18:29:14,670 [INFO] Pairs:BTCUSD
2026-04-17 18:29:14,670 [INFO] Sleeping for 1.0 minutes...
2026-04-17 18:29:16,747 [INFO] Waking up to check market conditions...
2026-04-17 18:29:16,781 [INFO] No valid setup. Waiting.
2026-04-17 18:29:16,782 [INFO] Pairs:XAUUSD
2026-04-17 18:29:16,782 [INFO] Sleeping for 1.0 minutes...
2026-04-17 18:30:14,671 [INFO] Waking up to check market conditions...
2026-04-17 18:30:14,718 [INFO] No valid setup. Waiting.
2026-04-17 18:30:14,718 [INFO] Pairs:BTCUSD
2026-04-17 18:30:14,719 [INFO] Sleeping for 1.0 minutes...
2026-04-17 18:30:16,783 [INFO] Waking up to check market conditions...
2026-04-17 18:30:16,827 [INFO] No valid setup. Waiting.
2026-04-17 18:30:16,827 [INFO] Pairs:XAUUSD
2026-04-17 18:30:16,828 [INFO] Sleeping for 1.0 minutes...
2026-04-17 18:31:14,719 [INFO] Waking up to check market conditions...
2026-04-17 18:31:14,769 [INFO] No valid setup. Waiting.
2026-04-17 18:31:14,770 [INFO] Pairs:BTCUSD
2026-04-17 18:31:14,770 [INFO] Sleeping for 1.0 minutes...
2026-04-17 18:31:16,828 [INFO] Waking up to check market conditions...
2026-04-17 18:31:16,863 [INFO] No valid setup. Waiting.
2026-04-17 18:31:16,864 [INFO] Pairs:XAUUSD
2026-04-17 18:31:16,864 [INFO] Sleeping for 1.0 minutes...
2026-04-17 18:32:14,771 [INFO] Waking up to check market conditions...
2026-04-17 18:32:14,821 [INFO] No valid setup. Waiting.
2026-04-17 18:32:14,822 [INFO] Pairs:BTCUSD
2026-04-17 18:32:14,822 [INFO] Sleeping for 1.0 minutes...
2026-04-17 18:32:16,865 [INFO] Waking up to check market conditions...
2026-04-17 18:32:16,900 [INFO] No valid setup. Waiting.
2026-04-17 18:32:16,901 [INFO] Pairs:XAUUSD
2026-04-17 18:32:16,901 [INFO] Sleeping for 1.0 minutes...
2026-04-17 18:33:14,823 [INFO] Waking up to check market conditions...
2026-04-17 18:33:14,872 [INFO] No valid setup. Waiting.
2026-04-17 18:33:14,872 [INFO] Pairs:BTCUSD
2026-04-17 18:33:14,872 [INFO] Sleeping for 1.0 minutes...
2026-04-17 18:33:16,902 [INFO] Waking up to check market conditions...
2026-04-17 18:33:16,937 [INFO] No valid setup. Waiting.
2026-04-17 18:33:16,937 [INFO] Pairs:XAUUSD
2026-04-17 18:33:16,938 [INFO] Sleeping for 1.0 minutes...
2026-04-17 18:34:14,873 [INFO] Waking up to check market conditions...
2026-04-17 18:34:14,922 [INFO] No valid setup. Waiting.
2026-04-17 18:34:14,923 [INFO] Pairs:BTCUSD
2026-04-17 18:34:14,923 [INFO] Sleeping for 1.0 minutes...
2026-04-17 18:34:16,938 [INFO] Waking up to check market conditions...
2026-04-17 18:34:16,972 [INFO] No valid setup. Waiting.
2026-04-17 18:34:16,973 [INFO] Pairs:XAUUSD
2026-04-17 18:34:16,973 [INFO] Sleeping for 1.0 minutes...
2026-04-17 18:35:14,924 [INFO] Waking up to check market conditions...
2026-04-17 18:35:14,969 [INFO] No valid setup. Waiting.
2026-04-17 18:35:14,970 [INFO] Pairs:BTCUSD
2026-04-17 18:35:14,970 [INFO] Sleeping for 1.0 minutes...
2026-04-17 18:35:16,974 [INFO] Waking up to check market conditions...
2026-04-17 18:35:17,009 [INFO] No valid setup. Waiting.
2026-04-17 18:35:17,009 [INFO] Pairs:XAUUSD
2026-04-17 18:35:17,009 [INFO] Sleeping for 1.0 minutes...
2026-04-17 18:36:14,971 [INFO] Waking up to check market conditions...
2026-04-17 18:36:15,016 [INFO] No valid setup. Waiting.
2026-04-17 18:36:15,017 [INFO] Pairs:BTCUSD
2026-04-17 18:36:15,017 [INFO] Sleeping for 1.0 minutes...
2026-04-17 18:36:17,010 [INFO] Waking up to check market conditions...
2026-04-17 18:36:17,042 [INFO] No valid setup. Waiting.
2026-04-17 18:36:17,043 [INFO] Pairs:XAUUSD
2026-04-17 18:36:17,043 [INFO] Sleeping for 1.0 minutes...
2026-04-17 18:37:15,018 [INFO] Waking up to check market conditions...
2026-04-17 18:37:15,062 [INFO] No valid setup. Waiting.
2026-04-17 18:37:15,063 [INFO] Pairs:BTCUSD
2026-04-17 18:37:15,063 [INFO] Sleeping for 1.0 minutes...
2026-04-17 18:37:17,044 [INFO] Waking up to check market conditions...
2026-04-17 18:37:17,076 [INFO] No valid setup. Waiting.
2026-04-17 18:37:17,076 [INFO] Pairs:XAUUSD
2026-04-17 18:37:17,076 [INFO] Sleeping for 1.0 minutes...
2026-04-17 18:38:15,064 [INFO] Waking up to check market conditions...
2026-04-17 18:38:15,116 [INFO] No valid setup. Waiting.
2026-04-17 18:38:15,117 [INFO] Pairs:BTCUSD
2026-04-17 18:38:15,117 [INFO] Sleeping for 1.0 minutes...
2026-04-17 18:38:17,077 [INFO] Waking up to check market conditions...
2026-04-17 18:38:17,113 [INFO] No valid setup. Waiting.
2026-04-17 18:38:17,113 [INFO] Pairs:XAUUSD
2026-04-17 18:38:17,113 [INFO] Sleeping for 1.0 minutes...
2026-04-17 18:39:15,118 [INFO] Waking up to check market conditions...
2026-04-17 18:39:15,165 [INFO] No valid setup. Waiting.
2026-04-17 18:39:15,165 [INFO] Pairs:BTCUSD
2026-04-17 18:39:15,166 [INFO] Sleeping for 1.0 minutes...
2026-04-17 18:39:17,114 [INFO] Waking up to check market conditions...
2026-04-17 18:39:17,149 [INFO] No valid setup. Waiting.
2026-04-17 18:39:17,150 [INFO] Pairs:XAUUSD
2026-04-17 18:39:17,150 [INFO] Sleeping for 1.0 minutes...
2026-04-17 18:40:15,166 [INFO] Waking up to check market conditions...
2026-04-17 18:40:15,209 [INFO] No valid setup. Waiting.
2026-04-17 18:40:15,210 [INFO] Pairs:BTCUSD
2026-04-17 18:40:15,210 [INFO] Sleeping for 1.0 minutes...
2026-04-17 18:40:17,151 [INFO] Waking up to check market conditions...
2026-04-17 18:40:17,185 [INFO] No valid setup. Waiting.
2026-04-17 18:40:17,185 [INFO] Pairs:XAUUSD
2026-04-17 18:40:17,186 [INFO] Sleeping for 1.0 minutes...
2026-04-17 18:41:15,211 [INFO] Waking up to check market conditions...
2026-04-17 18:41:15,259 [INFO] No valid setup. Waiting.
2026-04-17 18:41:15,260 [INFO] Pairs:BTCUSD
2026-04-17 18:41:15,260 [INFO] Sleeping for 1.0 minutes...
2026-04-17 18:41:17,186 [INFO] Waking up to check market conditions...
2026-04-17 18:41:17,221 [INFO] No valid setup. Waiting.
2026-04-17 18:41:17,221 [INFO] Pairs:XAUUSD
2026-04-17 18:41:17,222 [INFO] Sleeping for 1.0 minutes...
2026-04-17 18:42:15,261 [INFO] Waking up to check market conditions...
2026-04-17 18:42:15,310 [INFO] No valid setup. Waiting.
2026-04-17 18:42:15,310 [INFO] Pairs:BTCUSD
2026-04-17 18:42:15,311 [INFO] Sleeping for 1.0 minutes...
2026-04-17 18:42:17,223 [INFO] Waking up to check market conditions...
2026-04-17 18:42:17,258 [INFO] No valid setup. Waiting.
2026-04-17 18:42:17,258 [INFO] Pairs:XAUUSD
2026-04-17 18:42:17,259 [INFO] Sleeping for 1.0 minutes...
2026-04-17 18:43:15,311 [INFO] Waking up to check market conditions...
2026-04-17 18:43:15,360 [INFO] No valid setup. Waiting.
2026-04-17 18:43:15,360 [INFO] Pairs:BTCUSD
2026-04-17 18:43:15,361 [INFO] Sleeping for 1.0 minutes...
2026-04-17 18:43:17,260 [INFO] Waking up to check market conditions...
2026-04-17 18:43:17,294 [INFO] No valid setup. Waiting.
2026-04-17 18:43:17,295 [INFO] Pairs:XAUUSD
2026-04-17 18:43:17,295 [INFO] Sleeping for 1.0 minutes...
2026-04-17 18:44:15,361 [INFO] Waking up to check market conditions...
2026-04-17 18:44:15,408 [INFO] No valid setup. Waiting.
2026-04-17 18:44:15,408 [INFO] Pairs:BTCUSD
2026-04-17 18:44:15,408 [INFO] Sleeping for 1.0 minutes...
2026-04-17 18:44:17,296 [INFO] Waking up to check market conditions...
2026-04-17 18:44:17,330 [INFO] No valid setup. Waiting.
2026-04-17 18:44:17,331 [INFO] Pairs:XAUUSD
2026-04-17 18:44:17,331 [INFO] Sleeping for 1.0 minutes...
2026-04-17 18:45:15,409 [INFO] Waking up to check market conditions...
2026-04-17 18:45:15,457 [INFO] No valid setup. Waiting.
2026-04-17 18:45:15,458 [INFO] Pairs:BTCUSD
2026-04-17 18:45:15,458 [INFO] Sleeping for 1.0 minutes...
2026-04-17 18:45:17,332 [INFO] Waking up to check market conditions...
2026-04-17 18:45:17,368 [INFO] No valid setup. Waiting.
2026-04-17 18:45:17,368 [INFO] Pairs:XAUUSD
2026-04-17 18:45:17,368 [INFO] Sleeping for 1.0 minutes...
2026-04-17 18:46:15,459 [INFO] Waking up to check market conditions...
2026-04-17 18:46:15,507 [INFO] No valid setup. Waiting.
2026-04-17 18:46:15,507 [INFO] Pairs:BTCUSD
2026-04-17 18:46:15,508 [INFO] Sleeping for 1.0 minutes...
2026-04-17 18:46:17,369 [INFO] Waking up to check market conditions...
2026-04-17 18:46:17,402 [INFO] Cancelling 1 pending order(s): no valid sweep/BOS setup
2026-04-17 18:46:17,664 [INFO] Canceled stale pending order ticket=288711741
2026-04-17 18:46:17,664 [INFO] No valid setup. Waiting.
2026-04-17 18:46:17,665 [INFO] Pairs:XAUUSD
2026-04-17 18:46:17,666 [INFO] Sleeping for 1.0 minutes...
2026-04-17 18:47:15,509 [INFO] Waking up to check market conditions...
2026-04-17 18:47:15,553 [INFO] No valid setup. Waiting.
2026-04-17 18:47:15,553 [INFO] Pairs:BTCUSD
2026-04-17 18:47:15,554 [INFO] Sleeping for 1.0 minutes...
2026-04-17 18:47:17,667 [INFO] Waking up to check market conditions...
2026-04-17 18:47:17,702 [INFO] No valid setup. Waiting.
2026-04-17 18:47:17,702 [INFO] Pairs:XAUUSD
2026-04-17 18:47:17,703 [INFO] Sleeping for 1.0 minutes...
2026-04-17 18:48:15,554 [INFO] Waking up to check market conditions...
2026-04-17 18:48:15,600 [INFO] No valid setup. Waiting.
2026-04-17 18:48:15,600 [INFO] Pairs:BTCUSD
2026-04-17 18:48:15,601 [INFO] Sleeping for 1.0 minutes...
2026-04-17 18:48:17,703 [INFO] Waking up to check market conditions...
2026-04-17 18:48:17,738 [INFO] No valid setup. Waiting.
2026-04-17 18:48:17,739 [INFO] Pairs:XAUUSD
2026-04-17 18:48:17,739 [INFO] Sleeping for 1.0 minutes...
2026-04-17 18:49:15,601 [INFO] Waking up to check market conditions...
2026-04-17 18:49:15,650 [INFO] No valid setup. Waiting.
2026-04-17 18:49:15,650 [INFO] Pairs:BTCUSD
2026-04-17 18:49:15,651 [INFO] Sleeping for 1.0 minutes...
2026-04-17 18:49:17,740 [INFO] Waking up to check market conditions...
2026-04-17 18:49:17,774 [INFO] No valid setup. Waiting.
2026-04-17 18:49:17,775 [INFO] Pairs:XAUUSD
2026-04-17 18:49:17,775 [INFO] Sleeping for 1.0 minutes...
2026-04-17 18:50:15,651 [INFO] Waking up to check market conditions...
2026-04-17 18:50:15,701 [INFO] No valid setup. Waiting.
2026-04-17 18:50:15,701 [INFO] Pairs:BTCUSD
2026-04-17 18:50:15,702 [INFO] Sleeping for 1.0 minutes...
2026-04-17 18:50:17,776 [INFO] Waking up to check market conditions...
2026-04-17 18:50:17,809 [INFO] No valid setup. Waiting.
2026-04-17 18:50:17,810 [INFO] Pairs:XAUUSD
2026-04-17 18:50:17,810 [INFO] Sleeping for 1.0 minutes...
2026-04-17 18:51:15,703 [INFO] Waking up to check market conditions...
2026-04-17 18:51:15,750 [INFO] No valid setup. Waiting.
2026-04-17 18:51:15,751 [INFO] Pairs:BTCUSD
2026-04-17 18:51:15,751 [INFO] Sleeping for 1.0 minutes...
2026-04-17 18:51:17,811 [INFO] Waking up to check market conditions...
2026-04-17 18:51:17,853 [INFO] No valid setup. Waiting.
2026-04-17 18:51:17,853 [INFO] Pairs:XAUUSD
2026-04-17 18:51:17,854 [INFO] Sleeping for 1.0 minutes...
2026-04-17 18:52:15,752 [INFO] Waking up to check market conditions...
2026-04-17 18:52:15,801 [INFO] No valid setup. Waiting.
2026-04-17 18:52:15,802 [INFO] Pairs:BTCUSD
2026-04-17 18:52:15,802 [INFO] Sleeping for 1.0 minutes...
2026-04-17 18:52:17,855 [INFO] Waking up to check market conditions...
2026-04-17 18:52:17,887 [INFO] No valid setup. Waiting.
2026-04-17 18:52:17,887 [INFO] Pairs:XAUUSD
2026-04-17 18:52:17,888 [INFO] Sleeping for 1.0 minutes...
2026-04-17 18:53:15,803 [INFO] Waking up to check market conditions...
2026-04-17 18:53:15,852 [INFO] No valid setup. Waiting.
2026-04-17 18:53:15,852 [INFO] Pairs:BTCUSD
2026-04-17 18:53:15,853 [INFO] Sleeping for 1.0 minutes...
2026-04-17 18:53:17,888 [INFO] Waking up to check market conditions...
2026-04-17 18:53:17,923 [INFO] No valid setup. Waiting.
2026-04-17 18:53:17,924 [INFO] Pairs:XAUUSD
2026-04-17 18:53:17,924 [INFO] Sleeping for 1.0 minutes...
2026-04-17 18:54:15,854 [INFO] Waking up to check market conditions...
2026-04-17 18:54:15,901 [INFO] No valid setup. Waiting.
2026-04-17 18:54:15,901 [INFO] Pairs:BTCUSD
2026-04-17 18:54:15,901 [INFO] Sleeping for 1.0 minutes...
2026-04-17 18:54:17,925 [INFO] Waking up to check market conditions...
2026-04-17 18:54:17,960 [INFO] No valid setup. Waiting.
2026-04-17 18:54:17,960 [INFO] Pairs:XAUUSD
2026-04-17 18:54:17,961 [INFO] Sleeping for 1.0 minutes...
2026-04-17 18:55:15,902 [INFO] Waking up to check market conditions...
2026-04-17 18:55:15,950 [INFO] No valid setup. Waiting.
2026-04-17 18:55:15,951 [INFO] Pairs:BTCUSD
2026-04-17 18:55:15,951 [INFO] Sleeping for 1.0 minutes...
2026-04-17 18:55:17,961 [INFO] Waking up to check market conditions...
2026-04-17 18:55:17,996 [INFO] No valid setup. Waiting.
2026-04-17 18:55:17,996 [INFO] Pairs:XAUUSD
2026-04-17 18:55:17,997 [INFO] Sleeping for 1.0 minutes...
2026-04-17 18:56:15,952 [INFO] Waking up to check market conditions...
2026-04-17 18:56:15,998 [INFO] No valid setup. Waiting.
2026-04-17 18:56:15,998 [INFO] Pairs:BTCUSD
2026-04-17 18:56:15,998 [INFO] Sleeping for 1.0 minutes...
2026-04-17 18:56:17,998 [INFO] Waking up to check market conditions...
2026-04-17 18:56:18,032 [INFO] No valid setup. Waiting.
2026-04-17 18:56:18,033 [INFO] Pairs:XAUUSD
2026-04-17 18:56:18,033 [INFO] Sleeping for 1.0 minutes...
2026-04-17 18:57:16,000 [INFO] Waking up to check market conditions...
2026-04-17 18:57:16,047 [INFO] No valid setup. Waiting.
2026-04-17 18:57:16,047 [INFO] Pairs:BTCUSD
2026-04-17 18:57:16,047 [INFO] Sleeping for 1.0 minutes...
2026-04-17 18:57:18,034 [INFO] Waking up to check market conditions...
2026-04-17 18:57:18,069 [INFO] No valid setup. Waiting.
2026-04-17 18:57:18,069 [INFO] Pairs:XAUUSD
2026-04-17 18:57:18,070 [INFO] Sleeping for 1.0 minutes...
2026-04-17 18:58:16,048 [INFO] Waking up to check market conditions...
2026-04-17 18:58:16,096 [INFO] No valid setup. Waiting.
2026-04-17 18:58:16,097 [INFO] Pairs:BTCUSD
2026-04-17 18:58:16,097 [INFO] Sleeping for 1.0 minutes...
2026-04-17 18:58:18,071 [INFO] Waking up to check market conditions...
2026-04-17 18:58:18,105 [INFO] No valid setup. Waiting.
2026-04-17 18:58:18,105 [INFO] Pairs:XAUUSD
2026-04-17 18:58:18,105 [INFO] Sleeping for 1.0 minutes...
2026-04-17 18:59:16,098 [INFO] Waking up to check market conditions...
2026-04-17 18:59:16,154 [INFO] No valid setup. Waiting.
2026-04-17 18:59:16,155 [INFO] Pairs:BTCUSD
2026-04-17 18:59:16,155 [INFO] Sleeping for 1.0 minutes...
2026-04-17 18:59:18,106 [INFO] Waking up to check market conditions...
2026-04-17 18:59:18,141 [INFO] No valid setup. Waiting.
2026-04-17 18:59:18,142 [INFO] Pairs:XAUUSD
2026-04-17 18:59:18,142 [INFO] Sleeping for 1.0 minutes...
2026-04-17 19:00:16,155 [INFO] Waking up to check market conditions...
2026-04-17 19:00:16,205 [INFO] No valid setup. Waiting.
2026-04-17 19:00:16,205 [INFO] Pairs:BTCUSD
2026-04-17 19:00:16,206 [INFO] Sleeping for 1.0 minutes...
2026-04-17 19:00:18,142 [INFO] Waking up to check market conditions...
2026-04-17 19:00:18,183 [INFO] No valid setup. Waiting.
2026-04-17 19:00:18,184 [INFO] Pairs:XAUUSD
2026-04-17 19:00:18,184 [INFO] Sleeping for 1.0 minutes...
2026-04-17 19:01:16,206 [INFO] Waking up to check market conditions...
2026-04-17 19:01:16,255 [INFO] No valid setup. Waiting.
2026-04-17 19:01:16,255 [INFO] Pairs:BTCUSD
2026-04-17 19:01:16,256 [INFO] Sleeping for 1.0 minutes...
2026-04-17 19:01:18,185 [INFO] Waking up to check market conditions...
2026-04-17 19:01:18,217 [INFO] No valid setup. Waiting.
2026-04-17 19:01:18,217 [INFO] Pairs:XAUUSD
2026-04-17 19:01:18,218 [INFO] Sleeping for 1.0 minutes...
2026-04-17 19:02:16,256 [INFO] Waking up to check market conditions...
2026-04-17 19:02:16,304 [INFO] No valid setup. Waiting.
2026-04-17 19:02:16,304 [INFO] Pairs:BTCUSD
2026-04-17 19:02:16,305 [INFO] Sleeping for 1.0 minutes...
2026-04-17 19:02:18,218 [INFO] Waking up to check market conditions...
2026-04-17 19:02:18,253 [INFO] No valid setup. Waiting.
2026-04-17 19:02:18,254 [INFO] Pairs:XAUUSD
2026-04-17 19:02:18,254 [INFO] Sleeping for 1.0 minutes...
2026-04-17 19:03:16,305 [INFO] Waking up to check market conditions...
2026-04-17 19:03:16,353 [INFO] No valid setup. Waiting.
2026-04-17 19:03:16,354 [INFO] Pairs:BTCUSD
2026-04-17 19:03:16,354 [INFO] Sleeping for 1.0 minutes...
2026-04-17 19:03:18,255 [INFO] Waking up to check market conditions...
2026-04-17 19:03:18,291 [INFO] No valid setup. Waiting.
2026-04-17 19:03:18,291 [INFO] Pairs:XAUUSD
2026-04-17 19:03:18,291 [INFO] Sleeping for 1.0 minutes...
2026-04-17 19:04:16,355 [INFO] Waking up to check market conditions...
2026-04-17 19:04:16,403 [INFO] No valid setup. Waiting.
2026-04-17 19:04:16,404 [INFO] Pairs:BTCUSD
2026-04-17 19:04:16,404 [INFO] Sleeping for 1.0 minutes...
2026-04-17 19:04:18,292 [INFO] Waking up to check market conditions...
2026-04-17 19:04:18,326 [INFO] No valid setup. Waiting.
2026-04-17 19:04:18,326 [INFO] Pairs:XAUUSD
2026-04-17 19:04:18,327 [INFO] Sleeping for 1.0 minutes...
2026-04-17 19:05:16,405 [INFO] Waking up to check market conditions...
2026-04-17 19:05:16,453 [INFO] No valid setup. Waiting.
2026-04-17 19:05:16,453 [INFO] Pairs:BTCUSD
2026-04-17 19:05:16,453 [INFO] Sleeping for 1.0 minutes...
2026-04-17 19:05:18,327 [INFO] Waking up to check market conditions...
2026-04-17 19:05:18,370 [INFO] No valid setup. Waiting.
2026-04-17 19:05:18,371 [INFO] Pairs:XAUUSD
2026-04-17 19:05:18,371 [INFO] Sleeping for 1.0 minutes...
2026-04-17 19:06:16,454 [INFO] Waking up to check market conditions...
2026-04-17 19:06:16,501 [INFO] No valid setup. Waiting.
2026-04-17 19:06:16,502 [INFO] Pairs:BTCUSD
2026-04-17 19:06:16,502 [INFO] Sleeping for 1.0 minutes...
2026-04-17 19:06:18,372 [INFO] Waking up to check market conditions...
2026-04-17 19:06:18,407 [INFO] No valid setup. Waiting.
2026-04-17 19:06:18,408 [INFO] Pairs:XAUUSD
2026-04-17 19:06:18,408 [INFO] Sleeping for 1.0 minutes...
2026-04-17 19:07:16,503 [INFO] Waking up to check market conditions...
2026-04-17 19:07:16,549 [INFO] No valid setup. Waiting.
2026-04-17 19:07:16,550 [INFO] Pairs:BTCUSD
2026-04-17 19:07:16,550 [INFO] Sleeping for 1.0 minutes...
2026-04-17 19:07:18,408 [INFO] Waking up to check market conditions...
2026-04-17 19:07:18,444 [INFO] No valid setup. Waiting.
2026-04-17 19:07:18,445 [INFO] Pairs:XAUUSD
2026-04-17 19:07:18,445 [INFO] Sleeping for 1.0 minutes...
2026-04-17 19:08:16,551 [INFO] Waking up to check market conditions...
2026-04-17 19:08:16,608 [INFO] No valid setup. Waiting.
2026-04-17 19:08:16,609 [INFO] Pairs:BTCUSD
2026-04-17 19:08:16,609 [INFO] Sleeping for 1.0 minutes...
2026-04-17 19:08:18,446 [INFO] Waking up to check market conditions...
2026-04-17 19:08:18,481 [INFO] No valid setup. Waiting.
2026-04-17 19:08:18,482 [INFO] Pairs:XAUUSD
2026-04-17 19:08:18,482 [INFO] Sleeping for 1.0 minutes...
2026-04-17 19:09:16,610 [INFO] Waking up to check market conditions...
2026-04-17 19:09:16,658 [INFO] No valid setup. Waiting.
2026-04-17 19:09:16,659 [INFO] Pairs:BTCUSD
2026-04-17 19:09:16,659 [INFO] Sleeping for 1.0 minutes...
2026-04-17 19:09:18,482 [INFO] Waking up to check market conditions...
2026-04-17 19:09:18,522 [INFO] No valid setup. Waiting.
2026-04-17 19:09:18,522 [INFO] Pairs:XAUUSD
2026-04-17 19:09:18,523 [INFO] Sleeping for 1.0 minutes...
2026-04-17 19:10:16,659 [INFO] Waking up to check market conditions...
2026-04-17 19:10:16,708 [INFO] No valid setup. Waiting.
2026-04-17 19:10:16,708 [INFO] Pairs:BTCUSD
2026-04-17 19:10:16,708 [INFO] Sleeping for 1.0 minutes...
2026-04-17 19:10:18,523 [INFO] Waking up to check market conditions...
2026-04-17 19:10:18,558 [INFO] No valid setup. Waiting.
2026-04-17 19:10:18,559 [INFO] Pairs:XAUUSD
2026-04-17 19:10:18,559 [INFO] Sleeping for 1.0 minutes...
2026-04-17 19:11:16,709 [INFO] Waking up to check market conditions...
2026-04-17 19:11:16,758 [INFO] No valid setup. Waiting.
2026-04-17 19:11:16,758 [INFO] Pairs:BTCUSD
2026-04-17 19:11:16,758 [INFO] Sleeping for 1.0 minutes...
2026-04-17 19:11:18,560 [INFO] Waking up to check market conditions...
2026-04-17 19:11:18,596 [INFO] No valid setup. Waiting.
2026-04-17 19:11:18,596 [INFO] Pairs:XAUUSD
2026-04-17 19:11:18,597 [INFO] Sleeping for 1.0 minutes...
2026-04-17 19:12:16,759 [INFO] Waking up to check market conditions...
2026-04-17 19:12:16,806 [INFO] No valid setup. Waiting.
2026-04-17 19:12:16,806 [INFO] Pairs:BTCUSD
2026-04-17 19:12:16,806 [INFO] Sleeping for 1.0 minutes...
2026-04-17 19:12:18,597 [INFO] Waking up to check market conditions...
2026-04-17 19:12:18,632 [INFO] No valid setup. Waiting.
2026-04-17 19:12:18,633 [INFO] Pairs:XAUUSD
2026-04-17 19:12:18,633 [INFO] Sleeping for 1.0 minutes...
2026-04-17 19:13:16,810 [INFO] Waking up to check market conditions...
2026-04-17 19:13:16,862 [INFO] No valid setup. Waiting.
2026-04-17 19:13:16,863 [INFO] Pairs:BTCUSD
2026-04-17 19:13:16,863 [INFO] Sleeping for 1.0 minutes...
2026-04-17 19:13:18,634 [INFO] Waking up to check market conditions...
2026-04-17 19:13:18,670 [INFO] No valid setup. Waiting.
2026-04-17 19:13:18,670 [INFO] Pairs:XAUUSD
2026-04-17 19:13:18,671 [INFO] Sleeping for 1.0 minutes...
2026-04-17 19:14:16,864 [INFO] Waking up to check market conditions...
2026-04-17 19:14:16,911 [INFO] No valid setup. Waiting.
2026-04-17 19:14:16,912 [INFO] Pairs:BTCUSD
2026-04-17 19:14:16,913 [INFO] Sleeping for 1.0 minutes...
2026-04-17 19:14:18,671 [INFO] Waking up to check market conditions...
2026-04-17 19:14:18,707 [INFO] No valid setup. Waiting.
2026-04-17 19:14:18,707 [INFO] Pairs:XAUUSD
2026-04-17 19:14:18,708 [INFO] Sleeping for 1.0 minutes...
2026-04-17 19:15:16,913 [INFO] Waking up to check market conditions...
2026-04-17 19:15:16,967 [INFO] No valid setup. Waiting.
2026-04-17 19:15:16,967 [INFO] Pairs:BTCUSD
2026-04-17 19:15:16,968 [INFO] Sleeping for 1.0 minutes...
2026-04-17 19:15:18,708 [INFO] Waking up to check market conditions...
2026-04-17 19:15:18,745 [INFO] No valid setup. Waiting.
2026-04-17 19:15:18,745 [INFO] Pairs:XAUUSD
2026-04-17 19:15:18,746 [INFO] Sleeping for 1.0 minutes...
2026-04-17 19:16:16,968 [INFO] Waking up to check market conditions...
2026-04-17 19:16:17,015 [INFO] No valid setup. Waiting.
2026-04-17 19:16:17,015 [INFO] Pairs:BTCUSD
2026-04-17 19:16:17,015 [INFO] Sleeping for 1.0 minutes...
2026-04-17 19:16:18,746 [INFO] Waking up to check market conditions...
2026-04-17 19:16:18,782 [INFO] No valid setup. Waiting.
2026-04-17 19:16:18,782 [INFO] Pairs:XAUUSD
2026-04-17 19:16:18,783 [INFO] Sleeping for 1.0 minutes...
2026-04-17 19:17:17,016 [INFO] Waking up to check market conditions...
2026-04-17 19:17:17,076 [INFO] No valid setup. Waiting.
2026-04-17 19:17:17,076 [INFO] Pairs:BTCUSD
2026-04-17 19:17:17,077 [INFO] Sleeping for 1.0 minutes...
2026-04-17 19:17:18,783 [INFO] Waking up to check market conditions...
2026-04-17 19:17:18,816 [INFO] No valid setup. Waiting.
2026-04-17 19:17:18,817 [INFO] Pairs:XAUUSD
2026-04-17 19:17:18,817 [INFO] Sleeping for 1.0 minutes...
2026-04-17 19:18:17,078 [INFO] Waking up to check market conditions...
2026-04-17 19:18:17,140 [INFO] No valid setup. Waiting.
2026-04-17 19:18:17,141 [INFO] Pairs:BTCUSD
2026-04-17 19:18:17,142 [INFO] Sleeping for 1.0 minutes...
2026-04-17 19:18:18,818 [INFO] Waking up to check market conditions...
2026-04-17 19:18:18,866 [INFO] No valid setup. Waiting.
2026-04-17 19:18:18,866 [INFO] Pairs:XAUUSD
2026-04-17 19:18:18,867 [INFO] Sleeping for 1.0 minutes...
2026-04-17 19:19:17,142 [INFO] Waking up to check market conditions...
2026-04-17 19:19:17,198 [INFO] No valid setup. Waiting.
2026-04-17 19:19:17,199 [INFO] Pairs:BTCUSD
2026-04-17 19:19:17,200 [INFO] Sleeping for 1.0 minutes...
2026-04-17 19:19:18,867 [INFO] Waking up to check market conditions...
2026-04-17 19:19:18,905 [INFO] No valid setup. Waiting.
2026-04-17 19:19:18,906 [INFO] Pairs:XAUUSD
2026-04-17 19:19:18,906 [INFO] Sleeping for 1.0 minutes...
